"PID","X1_RP_Experience","X1_RP_Expression","X1_RP_Connection","X2_RP_Experience","X2_RP_Expression","X2_RP_Connection","X3_RP_Experience","X3_RP_Expression","X3_RP_Connection","X4_RP_Experience","X4_RP_Expression","X4_RP_Connection","X1_CF_Experience","X1_CF_Expression","X1_CF_Connection","X2_CF_Experience","X2_CF_Expression","X2_CF_Connection","X3_CF_Experience","X3_CF_Expression","X3_CF_Connection","X4_CF_Experience","X4_CF_Expression","X4_CF_Connection","Attn_Check_Never","Attn_Check_Much","X1_CC_Experience","X1_CC_Expression","X1_CC_Connection","X2_CC_Experience","X2_CC_Expression","X2_CC_Connection","X3_CC_Experience","X3_CC_Expression","X3_CC_Connection","X4_CC_Experience","X4_CC_Expression","X4_CC_Connection","X1_St_Experience","X1_St_Expression","X1_St_Connection","X2_St_Experience","X2_St_Expression","X2_St_Connection","X3_St_Experience","X3_St_Expression","X3_St_Connection","X4_St_Experience","X4_St_Expression","X4_St_Connection","Relationship.marital.status","Age","Sex","Ethnicity.simplified","Country.of.birth","Country.of.residence","Nationality","Language","Student.status","Employment.status"
80,"1","1","1","2","3","2","3","3","2","4","4","4","1","2","1","2","3","1","4","3","1","4","4","4","5","2","2","3","2","3","4","3","4","4","3","4","5",NA,"2","3","2","2","3","3","3","4","3","4","4","3","Married","38","Male","White","United States","United States","United States","English","Yes","Full-Time"
271,"1","2","1","3","4","2","5","5",NA,"5","5",NA,"1","1","1","3","4","3","5","5",NA,"5","5",NA,"5","2","1","2","1","3","3","3","5","5",NA,"5","5",NA,"2","2","2","3","3","2","5","5",NA,"5","5",NA,"Married","33","Male","White","United States","United States","United States","English","No","Full-Time"
204,"1","1","1","2","4","2","5","5",NA,"4","4","4","2","3","2","4","5",NA,"5","5",NA,"5","5",NA,"5","2","3","2","2","3","4","3","5","5",NA,"4","5",NA,"3","2","3","5","5",NA,"5","5",NA,"4","4","5","In a relationship","55","Female","White","United States","United States","United States","English","No","DATA_EXPIRED"
266,"2","5",NA,"3","4","2","4","4","4","3","3","5","2","4","3","5","5",NA,"4","4","2","5","5",NA,"5","2","2","3","3","3","4","2","4","4","4","4","5",NA,"2","4","3","3","5",NA,"4","5",NA,"4","4","4","In a relationship","39","Female","White","United States","United States","United States","English","No","Full-Time"
208,"1","1","1","2","2","1","3","3","1","4","4","2","2","2","1","2","3","2","5","5",NA,"3","3","4","5","2","2","2","3","2","2","2","5","5",NA,"4","4","4","2","3","2","2","2","4","4","4","4","3","4","5","In a relationship","33","Female","Black","United States","United States","United States","English","Yes","Full-Time"
301,"3","3","2","3","4","3","4","4","3","3","3","3","2","2","1","3","4","3","3","4","3","4","4","3","5","2","4","5",NA,"4","5",NA,"5","5",NA,"3","5",NA,"5","5",NA,"5","5",NA,"5","5",NA,"3","5",NA,"In a relationship","33","Male","Mixed","United States","United States","United States","English","No","Full-Time"
202,"3","3","2","3","3","3","5","5",NA,"3","3","4","3","4","1","4","4","2","4","4","4","4","4","5","5","2","3","3","2","3","4","2","5","5",NA,"4","4","4","3","3","2","4","5",NA,"4","5",NA,"4","4","4","In a civil partnership/civil union or similar","37","Male","White","United States","United States","United States","English","No","Full-Time"
44,"3","4","2","3","3","2","4","5",NA,"3","3","5","2","3","2","3","3","2","5","5",NA,"4","4","4","5","2","3","3","4","3","5",NA,"5","5",NA,"5","5",NA,"3","4","3","3","2","4","5","5",NA,"4","5",NA,"In a relationship","38","Male","White","United States","United States","United States","English","No","Full-Time"
310,"2","2","2","3","3","2","3","4","4","4","3","4","1","1","2","3","3","4","3","3","2","3","4","4","5","2","1","2","2","3","4","4","3","3","2","4","5",NA,"3","3","2","3","3","4","3","4","4","4","3","4","Married","42","Female","White","United States","United States","United States","English","No","Full-Time"
213,"1","2","1","3","4","3","4","4","3","4","4","3","2","3","3","3","3","3","5","5",NA,"4","4","3","5","2","3","3","3","4","4","3","5","5",NA,"4","4","3","3","3","3","2","3","3","5","5",NA,"4","4","3","Married","31","Male","White","United States","United States","United States","English","No","Full-Time"
272,"1","1","1","1","1","1","5","5",NA,"4","4","1","1","1","1","5","5",NA,"5","5",NA,"5","5",NA,"5","2","1","1","1","1","1","1","5","5",NA,"5","5",NA,"1","1","1","1","1","1","5","5",NA,"5","5",NA,"Married","58","Female","White","United States","United States","United States","English","No","Not in paid work (e.g. homemaker', 'retired or disabled)"
137,"1","2","2","2","2","2","5","5",NA,"4","4","4","2","2","2","3","3","2","5","5",NA,"5","5",NA,"5","2","2","2","2","2","3","2","5","5",NA,"4","5",NA,"3","2","3","3","4","3","5","5",NA,"4","5",NA,"Married","44","Male","White","Nigeria","United States","United States","English","No","Full-Time"
141,"1","2","3","1","1","2","3","2","2","2","3","2","2","1","2","2","1","3","5","5",NA,"1","2","2","2","2","1","2","2","2","1","2","4","4","2","1","2","2","2","2","2","2","3","2","4","5",NA,"4","5",NA,"Married","38","Female","Black","United States","United States","United States","English","No","Full-Time"
242,"3","3","2","3","3","2","5","5",NA,"2","2","5","3","2","2","4","4","3","5","5",NA,"4","4","4","5","2","4","4","3","5","5",NA,"5","5",NA,"5","5",NA,"3","3","3","3","4","3","5","5",NA,"4","4","5","Engaged","38","Female","White","United States","United States","United States","English","No","Not in paid work (e.g. homemaker', 'retired or disabled)"
150,"1","1","1","3","3","2","5","5",NA,"5","5",NA,"2","2","2","4","4","4","5","5",NA,"5","5",NA,"5","2","2","2","3","5","5",NA,"5","5",NA,"5","5",NA,"2","3","2","5","5",NA,"5","5",NA,"5","5",NA,"In a relationship","24","Male","White","United States","United States","United States","English","No","Full-Time"
399,"1","2","2","2","2","1","5","5",NA,"4","4","4","1","2","1","2","2","2","5","5",NA,"5","5",NA,"5","2","3","3","2","3","3","2","5","5",NA,"4","4","4","5","5",NA,"5","5",NA,"5","5",NA,"5","5",NA,"Married","46","Female","White","United States","United States","United States","English","No","Not in paid work (e.g. homemaker', 'retired or disabled)"
5,"1","1","1","3","3","2","4","4","4","4","4","5","1","1","1","2","2","2","4","4","4","4","5",NA,"5","2","2","2","2","3","3","3","4","5",NA,"4","4","4","3","3","3","4","4","4","4","4","4","3","5",NA,"Married","35","Female","White","United States","United States","United States","English","Yes","Full-Time"
11,"2","2","3","2","2","3","5","5",NA,"4","4","4","1","2","3","3","2","3","3","4","3","4","4","3","5","2","2","2","2","3","3","3","3","5",NA,"5","5",NA,"3","3","3","5","5",NA,"5","5",NA,"3","5",NA,"Married","29","Male","White","United States","United States","United States","English","Yes","Part-Time"
400,"1","1","1","1","1","2","4","5",NA,"4","4","2","1","1","1","2","2","2","5","5",NA,"4","4","3","5","2","2","2","2","3","3","2","5","5",NA,"3","4","4","4","4","2","2","2","3","5","5",NA,"3","3","5","In a relationship","33","Male","White","United States","United States","United States","English","No","Full-Time"
85,"1","1","2","2","2","3","5","5",NA,"4","4","3","1","1","1","3","3","3","5","5",NA,"5","5",NA,"5","2","2","1","3","3","3","3","5","5",NA,"4","5",NA,"3","3","3","3","4","3","5","5",NA,"5","5",NA,"Married","41","Male","Mixed","United States","United States","United States","English","No","Full-Time"
288,"1","1","1","2","3","1","4","4","4","4","3","4","1","2","1","3","3","2","4","4","3","4","4","4","5","2","2","2","2","3","3","2","4","4","4","4","4","5","3","4","3","4","4","3","4","4","4","3","3","5","In a relationship","37","Male","White","United States","United States","United States","English","No","Full-Time"
197,"3","3","2","3","3","4","3","3","2","3","4","5","3","2","2","3","4","3","4","4","3","3","5",NA,"5","2","3","2","2","3","4","4","4","4","3","4","5",NA,"3","4","2","3","4","4","3","4","3","4","5",NA,"Married","35","Female","White","United States","United States","United States","English","No","Not in paid work (e.g. homemaker', 'retired or disabled)"
32,"2","3","2","3","3","2","3","4","4","4","5",NA,"2","3","2","4","4","2","4","4","2","5","5",NA,"5","2","4","4","2","3","4","4","5","5",NA,"4","5",NA,"3","2","2","4","4","2","4","4","2","4","4","4","In a relationship","42","Male","White","United States","United States","United States","English","No","Part-Time"
269,"1","2","1","1","3","1","4","4","3","4","4","4","2","2","2","3","3","3","4","4","3","4","5",NA,"5","2","2","1","2","3","3","3","4","4","3","4","5",NA,"3","3","3","3","3","3","5","5",NA,"4","5",NA,"Married","37","Female","White","United States","United States","United States","English","No","Not in paid work (e.g. homemaker', 'retired or disabled)"
200,"1","2","2","2","3","3","4","4","3","4","4","4","3","3","2","3","4","3","4","4","3","4","4","4","5","2","3","4","3","4","4","3","5","5",NA,"4","4","4","4","5",NA,"4","5",NA,"4","5",NA,"4","4","5","In a relationship","29","Male","White","United States","United States","United States","English","No","Full-Time"
306,"1","2","1","3","3","2","2","2","1","3","3","5","1","2","2","3","2","2","5","5",NA,"4","5",NA,"5","2","3","4","3","4","5",NA,"4","5",NA,"3","5",NA,"4","5",NA,"4","5",NA,"5","5",NA,"3","5",NA,"Married","33","Female","White","United States","United States","United States","English","No","Not in paid work (e.g. homemaker', 'retired or disabled)"
37,"1","1","1","3","3","1","5","5",NA,"4","5",NA,"2","2","1","3","3","1","5","5",NA,"4","5",NA,"5","2","3","2","1","3","4","1","5","5",NA,"4","4","4","3","3","3","4","4","4","4","4","5","4","4","5","Married","42","Male","White","United States","United States","United States","English","No","Full-Time"
106,"2","3","1","4","4","3","4","5",NA,"4","4","4","3","3","2","3","4","3","4","4","2","4","4","3","5","2","3","3","2","3","5",NA,"4","4","3","4","4","4","3","4","3","3","5",NA,"4","5",NA,"3","4","5","Married","68","Male","White","United States","United States","United States","English","No","Not in paid work (e.g. homemaker', 'retired or disabled)"
397,"2","2","2","3","3","2","3","3","2","3","3","2","3","3","2","3","3","2","3","3","2","2","2","2","3","2","3","3","2","3","2","2","3","3","2","2","3","2","5","5",NA,"5","5",NA,"5","5",NA,"5","5",NA,"Married","36","Female","White","United States","United States","United States","English","No","Full-Time"
223,"1","1","1","2","2","1","5","5",NA,"4","4","5","1","1","1","3","3","2","5","5",NA,"5","5",NA,"5","2","1","1","1","3","3","2","5","5",NA,"5","5",NA,"1","1","2","4","4","3","5","5",NA,"5","5",NA,"Married","DATA_EXPIRED","Female","White","United States","United States","United States","English","No","Full-Time"
65,"3","3","2","3","2","2","3","3","2","3","2","4","2","2","1","3","4","2","3","3","3","4","3","3","5","2","3","3","2","3","4","3","4","4","3","3","4","4","3","4","2","5","5",NA,"4","5",NA,"3","3","4","In a relationship","52","Male","White","United States","United States","United States","English","DATA_EXPIRED","DATA_EXPIRED"
38,"1","1","1","3","3","2","5","5",NA,"4","4","4","2","3","2","2","3","2","5","5",NA,"4","4","4","5","2","3","3","2","3","3","2","5","5",NA,"4","4","4","3","3","3","3","3","3","5","5",NA,"4","4","5","Engaged","41","Female","White","United States","United States","United States","English","No","Part-Time"
178,"1","1","1","2","2","1","5","5",NA,"5","5",NA,"1","1","1","2","2","1","5","5",NA,"5","5",NA,"5","2","1","1","1","2","1","1","5","5",NA,"5","5",NA,"4","4","5","5","5",NA,"5","5",NA,"2","1","5","In a relationship","50","Female","Asian","United States","United States","United States","English","No","Full-Time"
299,"1","1","1","3","3","1","4","5",NA,"3","4","3","1","1","1","3","2","1","5","5",NA,"4","4","2","5","2","2","1","2","3","4","2","5","5",NA,"4","5",NA,"3","3","2","3","4","4","5","5",NA,"5","5",NA,"In a relationship","48","Female","White","United States","United States","United States","English","No","Other"
322,"2","3","2","5","5",NA,"4","4","5","2","4","5","2","3","3","4","5",NA,"4","3","3","3","4","4","5","2","2","3","3","3","4","3","4","4","3","3","4","4","3","4","3","4","5",NA,"4","4","3","2","4","4","Married","45","Female","White","United States","United States","United States","English","No","DATA_EXPIRED"
90,"2","2","2","2","3","2","5","5",NA,"4","4","4","3","3","2","3","4","3","4","4","2","4","4","3","5","2","3","3","2","3","4","3","4","4","3","4","4","4","3","4","3","3","4","3","4","4","3","4","4","4","Married","38","Male","White","United States","United States","United States","English","No","Full-Time"
235,"1","1","2","1","1","1","4","4","2","4","4","1","1","1","1","1","1","1","3","3","2","1","4","1","5","2","3","3","3","3","3","2","3","3","3","3","3","3","3","3","3","3","3","3","3","3","3","2","2","3","In a relationship","39","Female","White","United States","United States","United States","English","No","Part-Time"
402,"2","3","2","2","4","4","1","4","2","2","4","4","1","1","2","3","5",NA,"3","5",NA,"3","4","4","5","2","3","2","3","4","5",NA,"5","5",NA,"4","5",NA,"3","3","2","4","4","3","5","5",NA,"3","4","2","Married","44","Female","White","United States","United States","United States","English","No","Not in paid work (e.g. homemaker', 'retired or disabled)"
286,"2","2","2","3","3","2","4","4","4","4","4","4","3","4","2","4","4","2","5","5",NA,"4","4","4","5","2","2","2","1","4","4","3","5","5",NA,"3","4","3","2","2","2","5","5",NA,"5","5",NA,"4","4","5","Married","37","Male","White","United States","United States","United States","English","No","Full-Time"
28,"2","2","2","3","3","2","4","4","3","3","3","5","2","3","2","3","3","2","4","4","4","4","4","3","5","2","1","3","2","3","4","2","4","4","3","5","5",NA,"3","5",NA,"4","4","3","5","5",NA,"3","3","4","In a relationship","26","Female","White","United States","United States","United States","English","No","Full-Time"
396,"3","2","2","4","4","3","3","4","3","3","4","4","3","2","2","4","5",NA,"4","5",NA,"3","4","4","5","2","2","2","2","3","4","3","3","4","3","4","5",NA,"3","2","3","4","5",NA,"4","5",NA,"3","4","4","Married","42","Female","Asian","United States","United States","United States","English","No","Not in paid work (e.g. homemaker', 'retired or disabled)"
375,"2","3","3","5","5",NA,"4","4","3","4","4","5","3","4","2","3","4","3","4","4","2","4","4","4","5","2","3","4","3","5","5",NA,"5","5",NA,"4","4","4","4","5",NA,"5","5",NA,"5","5",NA,"4","5",NA,"In a relationship","32","Female","White","United States","United States","United States","English","No","Other"
179,"1","1","1","2","2","1","4","3","2","4","4","3","1","1","1","4","4","2","4","4","2","4","4","3","5","2","2","2","2","3","3","3","4","4","3","3","3","3","4","4","5","3","4","3","5","5",NA,"3","2","5","Married","55","Male","White","United States","United States","United States","English","No","Full-Time"
169,"2","2","1","5","4","2","4","4","3","4","4","4","2","2","2","4","5",NA,"3","3","3","4","4","2","5","2","2","3","2","3","5",NA,"4","3","3","4","5",NA,"3","4","1","4","5",NA,"3","3","2","3","5",NA,"Married","31","Female","White","United States","United States","United States","English","No","Not in paid work (e.g. homemaker', 'retired or disabled)"
391,"2","1","2","3","5",NA,"4","3","3","3","5",NA,"1","1","2","3","3","2","5","5",NA,"5","5",NA,"5","2","3","2","3","3","5",NA,"5","5",NA,"4","4","3","4","3","5","4","4","3","5","5",NA,"4","4","4","Married","30","Female","White","United States","United States","United States","English","No","Part-Time"
9,"3","3","2","3","3","3","4","4","4","4","4","3","2","2","2","3","3","3","5","5",NA,"4","4","3","5","2","4","4","4","4","4","4","4","4","5","3","4","5","4","4","5","4","4","5","4","4","5","4","4","5","In a relationship","41","Male","White","United States","United States","United States","English","No","Full-Time"
267,"2","3","2","3","3","2","5","5",NA,"4","4","4","3","3","3","3","3","3","5","5",NA,"4","4","3","5","2","3","3","3","5","5",NA,"5","5",NA,"5","5",NA,"5","5",NA,"5","5",NA,"5","5",NA,"5","5",NA,"Married","38","Female","White","United States","United States","United States","English","No","Full-Time"
241,"1","2","1","2","4","2","3","4","4","5","5",NA,"2","3","2","3","4","4","4","4","4","5","5",NA,"5","2","1","2","1","3","3","4","5","5",NA,"4","5",NA,"3","3","2","4","5",NA,"5","5",NA,"4","4","5","Married","34","Male","White","United States","United States","United States","English","No","Full-Time"
162,"1","1","1","4","4","3","3","3","3","4","4","4","1","1","1","4","5",NA,"5","5",NA,"4","4","3","5","2","1","2","2","3","5",NA,"5","5",NA,"4","5",NA,"2","3","3","4","4","5","3","3","3","3","3","5","In a relationship","35","Female","White","United States","United States","United States","English","No","Full-Time"
276,"1","1","1","2","3","2","5","5",NA,"4","4","4","2","2","2","3","3","3","4","3","2","4","4","2","5","2","1","2","2","3","3","3","5","5",NA,"5","5",NA,"3","4","2","3","5",NA,"5","5",NA,"3","5",NA,"In a relationship","24","Female","Black","United States","United States","United States","English","No","Full-Time"
401,"1","2","2","3","3","2","5","5",NA,"4","4","3","2","2","2","3","3","2","4","4","3","4","5",NA,"5","2","3","2","3","3","3","3","4","4","3","4","5",NA,"3","3","3","3","3","3","4","4","3","3","3","3","Engaged","30","Female","White","United States","United States","United States","English","No","Full-Time"
84,"2","3","3","4","4","3","3","3","4","5","5",NA,"2","3","3","5","5",NA,"4","4","3","4","4","4","5","2","2","2","3","5","5",NA,"5","5",NA,"5","5",NA,"4","3","3","5","5",NA,"3","4","3","1","4","5","In a relationship","29","Male","White","United States","United States","United States","English","No","Full-Time"
160,"1","3","1","3","3","3","4","5",NA,"4","4","4","2","3","1","3","4","2","4","5",NA,"4","5",NA,"5","2","2","3","1","2","4","3","5","5",NA,"4","5",NA,"3","5",NA,"3","4","3","5","5",NA,"4","5",NA,"Married","38","Female","White","United States","United States","United States","English","No","Part-Time"
105,"1","3","1","2","4","2","4","5",NA,"4","4","4","1","2","1","2","4","2","4","4","4","4","4","2","5","2","2","3","2","2","4","2","5","5",NA,"4","4","4","2","3","2","3","4","3","5","5",NA,"4","4","5","Married","58","Male","White","United States","United States","United States","English","No","Full-Time"
259,"1","3","1","1","4","2","4","4","2","4","4","5","2","4","2","1","4","2","4","4","3","4","4","5","5","2","2","3","2","2","5",NA,"5","5",NA,"4","4","4","3","5",NA,"3","4","3","4","5",NA,"3","4","3","In a relationship","39","Male","White","United States","United States","United States","English","No","Full-Time"
374,"1","1","1","2","3","2","4","4","2","4","4","4","1","2","1","3","4","3","5","5",NA,"4","5",NA,"5","2","2","2","2","2","3","2","4","5",NA,"4","5",NA,"3","4","3","4","5",NA,"4","5",NA,"4","4","5","Married","34","Female","White","United States","United States","United States","English","No","Full-Time"
294,"4","3","3","5","5",NA,"2","4","4","1","3","5","1","1","1","5","5",NA,"4","4","2","5","5",NA,"5","2","1","4","2","4","5",NA,"4","5",NA,"4","5",NA,"3","5",NA,"5","5",NA,"5","5",NA,"4","5",NA,"Married","57","Female","White","United States","United States","United States","English","No","Full-Time"
41,"2","1","1","2","1","1","4","4","3","4","3","5","1","2","1","1","3","1","4","5",NA,"4","4","3","5","2","1","2","1","2","2","1","4","4","4","3","4","5","3","3","2","3","4","3","4","4","4","3","4","4","Married","38","Male","White","United States","United States","United States","English","No","Full-Time"
101,"2","3","2","4","4","3","4","4","4","3","4","4","2","3","2","3","4","3","4","4","3","5","4","4","5","2","3","3","2","5","5",NA,"5","5",NA,"4","5",NA,"3","3","2","4","4","2","4","5",NA,"4","4","5","Married","36","Female","White","United States","United States","United States","English","No","Not in paid work (e.g. homemaker', 'retired or disabled)"
330,"2","3","3","5","5",NA,"4","5",NA,"4","4","5","4","5",NA,"5","5",NA,"5","5",NA,"5","5",NA,"5","2","3","4","3","5","5",NA,"5","5",NA,"5","5",NA,"3","4","3","5","5",NA,"5","5",NA,"5","5",NA,"Married","43","Female","White","United States","United States","United States","English","No","Not in paid work (e.g. homemaker', 'retired or disabled)"
361,"2","3","2","4","3","3","3","4","4","3","4","5","2","3","2","2","3","2","5","5",NA,"5","5",NA,"5","2","2","3","2","3","4","3","4","5",NA,"4","5",NA,"3","4","2","3","3","2","4","4","3","4","4","3","Married","37","Male","White","United States","United States","United States","English","No","Full-Time"
93,"1","2","1","3","3","2","4","4","3","4","4","2","2","2","2","3","3","2","5","4","3","4","4","2","5","2","2","2","2","3","4","3","5","5",NA,"4","4","3","3","4","3","4","4","3","5","5",NA,"4","5",NA,"Married","61","Female","White","United States","United States","United States","English","No","Full-Time"
316,"1","1","3","4","4","3","3","3","4","4","3","5","1","1","1","3","5",NA,"4","4","2","5","5",NA,"5","2","1","2","3","3","5",NA,"5","5",NA,"5","5",NA,"1","2","2","4","5",NA,"5","5",NA,"5","5",NA,"Married","DATA_EXPIRED","Female","White","United States","United States","United States","English","No","Not in paid work (e.g. homemaker', 'retired or disabled)"
176,"1","1","1","3","3","2","4","4","2","4","4","4","1","1","1","2","3","1","4","1","2","4","4","4","5","2","2","1","1","2","2","1","4","4","2","4","4","4","3","2","2","3","4","4","4","4","4","3","4","5","Engaged","28","Female","Black","United States","United States","United States","English","No","Full-Time"
274,"1","2","2","4","4","3","4",NA,"2","4","4","4","3","4","3","3","3","3","3","4","2","4","4","3","5","2","2","4","2","3","5",NA,"4","4","3","4","5",NA,"3","4","2","4","3","5","5","5",NA,"4","5",NA,"Married","43","Male","White","United States","United States","United States","English","No","Full-Time"
144,"2","2","1","3","3","2","5","5",NA,"4","4","5","1","1","1","2","4","3","3","3","4","4","4","5","5","2","5","5",NA,"5","5",NA,"5","5",NA,"5","5",NA,"3","3","3","3","4","2","4","4","5","3","3","5","In a relationship","40","Female","White","United States","United States","United States","English","No","Not in paid work (e.g. homemaker', 'retired or disabled)"
358,"1","2","1","2","3","3","4","3","4","4","4","5","2","3","2","2","3","2","4","4","3","4","4","4","5","2","2","3","2","3","4","3","4","4","3","3","4","5","4","2","3","3","4","3","4","4","3","4","4","3","In a relationship","25","Prefer not to say","White","United States","United States","United States","English","No","Full-Time"
215,"2","3","1","3","2","2","3","4","4","4","4","5","3","3","2","3","3","2","4","4","2","5","5",NA,"5","2","3","3","2","3","3","3","4","4","2","3","4","5","2","2","2","3","4","2","4","4","2","4","4","3","In a relationship","30","Female","White","United States","United States","United States","English","Yes","Part-Time"
185,"2","3","2","3","3","2","4","4","2","4","4","3","3","2","2","3","3","2","5","5",NA,"4","5",NA,"5","2","3","2","2","3","3","2","5","5",NA,"4","5",NA,"3","2","3","3","3","3","4","5",NA,"4","5",NA,"In a relationship","41","Male","White","United States","United States","United States","English","No","Full-Time"
255,"2","1","1","3","3","3","3","2","2","3","2","4","1","3","1","3","4","3","4","4","4","4","4","4","5","2","2","1","2","2","4","3","4","4","2","4","5",NA,"3","2","3","4","4","3","4","4","3","3","2","5","Married","42","Male","White","United States","United States","United States","English","No","Full-Time"
395,"2","2","2","2","2","1","4","4","3","4","4","2","2","2","1","4","4","2","5","5",NA,"4","4","3","5","2","3","3","2","4","4","3","5","5",NA,"5","5",NA,"3","3","2","5","5",NA,"5","5",NA,"5","5",NA,"Married","32","Male","White","United States","United States","United States","English","No","DATA_EXPIRED"
296,"1","1","1","1","1","2","5","4","4","3","3","4","1","1","1","2","3","3","5","5",NA,"4","5",NA,"5","2","2","3","2","3","3","3","5","5",NA,"5","5",NA,"3","3","2","1","4","3","5","5",NA,"1","3","5","Married","27","Female","White","United States","United States","United States","English","No","Full-Time"
117,"2","2","1","2","2","1","3","3","2","4","4","2","3","3","2","3","3","2","4","4","2","4","4","2","5","2","2","3","2","3","3","2","4","5",NA,"4","4","3","3","4","3","4","4","4","4","4","4","3","4","4","Married","47","Male","White","United States","United States","United States","English","No","Full-Time"
91,"1","1","1","1","1","1","5","5",NA,"5","5",NA,"2","2","2","2","2","2","5","5",NA,"4","4","3","5","2","2","2","2","2","2","2","5","5",NA,"5","5",NA,"3","3","3","4","3","4","5","5",NA,"5","5",NA,"In a relationship","29","Male","White","United States","United States","United States","English","No","Part-Time"
75,"2","2","2","5","5",NA,"3","3","3","3","4","4","3","3","3","4","5",NA,"3","3","3","3","3","3","5","2","2","2","2","4","5",NA,"3","3","3","3","4","3","3","3","5","5","5",NA,"4","5",NA,"3","3","5","Married","36","Male","White","United States","United States","United States","English","No","Part-Time"
166,"3","4","2","3","3","2","3","4","2","3","3","4","2","2","1","3","4","3","5","5",NA,"4","4","1","5","2","2","2","3","3","4","2","5","5",NA,"4","4","4","3","2","3","4","3","3","3","4","5","4","5",NA,"Married","62","Female","White","United States","United States","United States","English","No","Not in paid work (e.g. homemaker', 'retired or disabled)"
97,"3","3","2","3","4","3","4","5",NA,"3","3","5","1","2","1","2","2","1","5","5",NA,"4","4","4","5","2","3","4","2","3","5",NA,"5","5",NA,"4","5",NA,"3","3","3","3","4","3","5","5",NA,"4","5",NA,"In a relationship","37","Female","White","United States","United States","United States","English","No","Part-Time"
194,"1","1","1","3","4","2","4","4","3","3","4","2","3","3","2","4","4","2","4","4","3","3","4","3","5","2","2","3","2","3","4","2","4","5",NA,"3","4","3","3","3","2","4","5",NA,"4","5",NA,"3","5",NA,"Married","38","Male","White","United States","United States","United States","English","No","Full-Time"
251,"1","3","1","2","2","1","3","3","2","3","4","4","1","1","1","3","3","1","3","4","2","4","4","4","5","2","1","1","2","3","3","1","5","5",NA,"4","5",NA,"4","4","2","4","5",NA,"5","5",NA,"3","4","5","Married","32","Female","White","United States","United States","United States","English","No","Full-Time"
328,"1","1","1","3","3","3","5","5",NA,"5","5",NA,"2","2","1","3","4","3","5","5",NA,"5","5",NA,"5","2","3","4","3","3","5",NA,"5","5",NA,"5","5",NA,"4","5",NA,"4","5",NA,"5","5",NA,"5","5",NA,"In a relationship","32","Male","White","United States","United States","United States","English","No","Full-Time"
381,"1","1","2","3","3","2","4","4","2","3","4","2","3","3","2","4","4","2","4","4","2","5","5",NA,"5","2","5","4","3","4","4","3","4","4","3","4","4","3","4","4","3","4","5",NA,"5","5",NA,"5","5",NA,"Married","51","Female","White","United States","United States","United States","English","No","Not in paid work (e.g. homemaker', 'retired or disabled)"
287,"1","3","1","3","3","2","3","4","4","4","4","2","1","3","2","4","4","3","4","5",NA,"4","4","2","5","2","2","2","2","3","4","2","3","3","2","4","4","2","4","4","3","4","4","4","5","5",NA,"4","4","4","Married","79","Male","White","United States","United States","United States","English","DATA_EXPIRED","DATA_EXPIRED"
253,"1","2","1","4","5",NA,"1","1","5","3","3","5","2","2","2","4","5",NA,"5","5",NA,"5","5",NA,"5","2","1","2","2","3","4","3","4","4","4","4","5",NA,"4","3","2","3","5",NA,"4","5",NA,"5","5",NA,"Married","51","Male","White","United States","United States","United States","English","No","Full-Time"
111,"1","1","1","2","2","2","4","4","3","3","4","4","2","2","2","2","2","2","4","4","3","4","4","4","5","2","2","2","2","3","3","2","5","5",NA,"4","5",NA,"5","5",NA,"5","5",NA,"5","5",NA,"4","5",NA,"Married","50","Female","White","United States","United States","United States","English","No","Full-Time"
275,"1","1","1","3","3","2","4","4","5","3","3","5","1","1","2","3","3","3","5","4","4","4","4","4","5","2","2","2","2","4","4","3","5","5",NA,"5","5",NA,"2","2","3","4","4","3","5","5",NA,"5","5",NA,"Married","42","Female","White","United States","United States","United States","English","No","Not in paid work (e.g. homemaker', 'retired or disabled)"
386,"2","2","1","3","3","2","4","4","4","3","3","4","2","3","2","3","3","2","5","5",NA,"3","3","4","5","2","2","3","1","2","4","2","4","4","2","3","4","4","3","4","2","3","4","2","5","5",NA,"3","3","4","Married","45","Female","White","United States","United States","United States","English","No","Full-Time"
345,"2","3","2","3","4","3","3","4","4","3","4","5","2","3","1","3","4","3","4","4","4","4","4","4","5","2","3","4","2","4","5",NA,"5","5",NA,"4","5",NA,"3","3","2","3","4","5","4","4","4","3","4","4","Engaged","40","Female","White","United States","United States","United States","English","No","Full-Time"
119,"1","1","1","1","1","1","4","4","3","3","3","3","2","2","1","3","3","2","4","4","3","4","4","4","5","2","3","3","3","3","3","3","4","4","3","3","3","4","3","2","3","3","3","3","5","5",NA,"3","5",NA,"Married","43","Male","White","United States","United States","United States","English","No","Full-Time"
108,"2","1","2","3","3","3","4","4","3","4","4","4","2","2","2","3","4","2","5","5",NA,"5","5",NA,"5","2","3","2","2","4","4","3","5","5",NA,"4","5",NA,"3","2","2","4","5",NA,"5","5",NA,"3","4","4","Married","43","Male","White","United States","United States","United States","English","No","DATA_EXPIRED"
155,"1","1","1","2","2","1","4","5",NA,"4","4","5","3","3","2","3","3","2","3","4","3","3","3","5","5","2","1","1","1","3","3","1","4","4","5","5","5",NA,"2","2","1","4","4","1","3","3","2","4","4","3","Married","38","Male","White","United States","United States","United States","English","No","Part-Time"
300,"2","2","1","3","3","2","4","4","2","4","4","3","3","3","2","3","4","2","4","4","3","4","4","4","5","2","2","2","1","3","4","2","4","4","2","3","4","4","3","5",NA,"3","5",NA,"5","5",NA,"3","4","5","Married","42","Female","White","United States","United States","United States","English","No","Full-Time"
363,"2","4","2","4","5",NA,"4","4","1","2","3","4","2","4","2","3","4","2","4","5",NA,"3","3","4","5","2","4","5",NA,"2","5",NA,"5","5",NA,"3","4","5","4","4","5","4","5",NA,"5","5",NA,"2","4","5","Married","34","Male","White","United States","United States","United States","English","Yes","Part-Time"
132,"1","3","3","3","3","3","4","4","3","4","4","5","1","3","2","3","3","3","5","5",NA,"5","5",NA,"5","2","4","3","3","3","4","3","5","5",NA,"5","5",NA,"3","4","3","4","4","3","5","5",NA,"5","5",NA,"In a relationship","29","Female","Mixed","United States","United States","United States","English","No","Part-Time"
236,"2","1","1","3","2","1","4","4","5","2","2","4","1","1","1","3","3","2","4","4","3","4","3","4","5","2","2","2","2","2","2","2","4","4","4","2","2","2","2","3","2","2","2","2","3","5",NA,"5","5",NA,"Married","50","Male","Black","United States","United States","United States","English","No","Full-Time"
67,"1","2","1","2","3","2","3","3","4","3","3","5","2","3","1","3","3","2","4","4","4","4","5",NA,"5","2","2","3","2","3","4","3","5","5",NA,"4","5",NA,"4","5",NA,"4","5",NA,"5","5",NA,"4","5",NA,"Married","53","Female","White","United States","United States","United States","English","No","DATA_EXPIRED"
115,"4","3","3","2","2","3","4","5",NA,"2","3","3","1","1","1","3","5",NA,"5","5",NA,"5","5",NA,"5","2","1","1","1","3","3","2","5","5",NA,"5","5",NA,"3","5",NA,"5","5",NA,"5","5",NA,"4","5",NA,"In a relationship","51","Female","Black","United States","United States","United States","English","No","Full-Time"
376,"2","2","2","2","3","3","4","4","3","4","4","3","3","3","3","4","4","3","4","4","3","4","4","3","5","2","3","3","3","4","5",NA,"5","5",NA,"5","5",NA,"3","3","3","4","4","3","5","5",NA,"4","4","3","Married","33","Female","White","United States","United States","United States","English","No","Not in paid work (e.g. homemaker', 'retired or disabled)"
303,"1","2","1","2","3","2","3","3","3","4","4","5","1","2","1","2","3","2","4","4","4","4","5",NA,"5","2","2","3","2","3","4","3","4","5",NA,"4","5",NA,"3","3","2","3","5",NA,"4","5",NA,"3","4","5","Married","31","Female","White","United States","United States","United States","English","No","Not in paid work (e.g. homemaker', 'retired or disabled)"
131,"1","2","1","4","4","3","3","3","2","3","3","3","2","3","2","3","5",NA,"4","5",NA,"4","5",NA,"5","2","2","3","2","4","5",NA,"4","5",NA,"4","5",NA,"2","3","2","3","5",NA,"5","5",NA,"5","5",NA,"Married","73","Male","White","United States","United States","United States","English","No","Part-Time"
314,"4","4","4","4","3","4","3",NA,"4","2","3","5","3","2","2","4","4","3","4","4","3","4","4","5","5","2","4","3","2","3","5",NA,"4","5",NA,"4","5",NA,"3","2","2","3","5",NA,"3","4","3","4","4","5","Married","56","Female","White","United States","United States","United States","English","No","Full-Time"
158,"2","2","2","4","4","2","3","3","2","3","3","5","1","1","1","3","4","2","4","4","4","4","4","4","5","2","2","2","2","3","4","4","4","3","5","4","5",NA,"4","4","3","4","5",NA,"3","4","5","3","4","5","Married","39","Female","White","United States","United States","United States","English","No","Full-Time"
243,"1","2","1","2","3","2","5","5",NA,"4","4","3","2","2","2","2","3","2","5","5",NA,"4","4","2","5","2","2","3","2","3","3","2","4","5",NA,"4","4","3","3","3","3","3","4","3","4","5",NA,"4","4","4","Married","55","Female","White","United States","United States","United States","English","No","Part-Time"
238,"1","1","1","1","1","1","5","5",NA,"5","5",NA,"1","1","1","2","2","2","5","5",NA,"4","4","2","5","2","1","3","1","3","5",NA,"4","5",NA,"3","5",NA,"2","2","2","3","3","2","4","4","4","4","4","4","Engaged","32","Male","White","United States","United States","United States","English","No","Full-Time"
214,"1","1","1","3","3","1","5","5",NA,"5","5",NA,"1","1","1","4","5",NA,"5","5",NA,"5","5",NA,"5","2","1","5",NA,"3","3","3","5","5",NA,"5","5",NA,"1","2","3","3","5",NA,"4","4","3","3","3","3","In a relationship","21","Female","White","United States","United States","United States","English","No","Part-Time"
24,"1","1","1","3","3","2","4","4","1","4","4","4","2","2","1","3","4","3","5","5",NA,"4","4","2","5","2","2","3","3","3","5",NA,"5","5",NA,"5","5",NA,"2","3","2","4","5",NA,"5","5",NA,"5","4","4","In a relationship","32","Female","White","United States","United States","United States","English","Yes","Full-Time"
313,"1","3","1","2","3","2","4","3","1","4","3","3","1","1","1","2","1","1","4","3","2","5","5",NA,"5","2","1","2","1","3","4","2","4","3","2","4","5",NA,"3","3","1","3","4","4","3","4","3","4","4","5","In a relationship","27","Female","White","United States","United States","United States","English","No","Full-Time"
323,"1","1","1","2","2","2","4","4","2","4","4","4","2","2","2","3","3","2","4","4","2","4","5",NA,"5","2","2","2","3","3","3","3","5","5",NA,"4","4","3","4","4","5","4","4","5","4","4","4","5","4","4","Married","38","Male","White","United States","United States","United States","English","DATA_EXPIRED","Full-Time"
385,"1","1","1","3","3","1","4","4","2","4","4","2","1","1","1","4","4","2","5","5",NA,"4","4","2","5","2","2","2","2","4","4","2","5","5",NA,"5","5",NA,"1","1","3","5","5",NA,"5","5",NA,"5","5",NA,"In a relationship","46","Male","Black","United States","United States","United States","English","No","Unemployed (and job seeking)"
216,"2","3","2","4","4","3","4","4","3","4","4","3","3","3","2","4","4","3","4","4","3","4","4","3","5","2","2","3","3","4","4","3","4","4","3","4","4","3","3","3","3","4","4","4","5","5",NA,"4","4","4","In a relationship","40","Male","White","United States","United States","United States","English","No","Full-Time"
15,"1","2","1","3","3","3","3","4","2","4","4","3","2","2","2","3","3","2","4","4","2","4","4","4","5","2","3","3","3","2","3","3","5","5",NA,"4","5",NA,"3","3","3","3","4","3","4","5",NA,"3","4","4","Married","42","Male","White","United States","United States","United States","English","No","Full-Time"
369,"1","1","1","3","2","2","4","4","3","4","3","4","2","3","2","2","3","2","4","4","3","3","4","3","5","2","2","3","2","3","4","2","5","5",NA,"4","4","4","4","4","3","2","3","3","3","4","4","3","5",NA,"In a relationship","24","Male","White","United States","United States","United States","English","No","Unemployed (and job seeking)"
61,"2","1","1","2","3","2","4","4","3","4","4","5","2","1","2","2","3","2","4","4","3","4","4","5","5","2","2","1","3","3","4","3","4","4","3","4","5",NA,"2","3","2","3","4","3","4","4","3","4","5",NA,"In a relationship","29","Female","Asian","United States","United States","United States","English","No","Full-Time"
320,"1","1","1","3","3","3","4","4","4","4","4","5","2","2","2","3","3","3","4","4","4","3","3","4","5","2","3","3","2","3","4","3","4","4","3","4","5",NA,"3","3","3","4","4","3","5","5",NA,"4","4","3","In a relationship","30","Male","White","United States","United States","United States","English","Yes","Part-Time"
273,"2","2","2","4","4","3","4","4","3","4","4","4","3","3","2","4","4","3","4","4","3","4","4","4","5","2","3","3","2","4","4","3","4","4","4","4","4","4","3","3","2","4","4","3","4","4","2","3","4","4","Married","32","Male","Asian","United States","United States","United States","English","No","Full-Time"
212,"1","1","1","2","4","2","4","4","3","4","4","3","1","1","2","3","4","2","4","4","3","4","4","3","5","2","2","2","2","3","3","2","4","5",NA,"4","4","3","3","3","2","4","4","3","4","5",NA,"4","4","4","In a relationship","39","Male","Other","United States","United States","United States","English","No","Full-Time"
156,"1","1","1","1","1","1","5","5",NA,"4","4","4","1","1","1","1","1","1","5","5",NA,"5","5",NA,"5","2","1","1","2","3","3","2","5","5",NA,"5","5",NA,"1","1","3","1","1","3","5","5",NA,"5","5",NA,"In a relationship","49","Female","Black","United States","United States","United States","English","No","Full-Time"
392,"2","2","2","3","3","3","4","4","3","4","4","3","2","2","2","3","3","3","5","5",NA,"4","4","3","5","2","2","2","2","3","3","3","5","5",NA,"4","4","3","3","3","3","3","3","3","5","5",NA,"4","4","4","Married","58","Male","White","United States","United States","United States","English","No","Other"
228,"1","1","1","3","3","2","4","4","4","3","3","3","2","2","2","2","3","3","5","5",NA,"3","3","4","5","2","1","2","2","3","3","2","5","5",NA,"4","5",NA,"3","3","2","3","3","3","5","5",NA,"4","5",NA,"Engaged","26","Male","White","United States","United States","United States","English","No","Full-Time"
331,"2","3","2","3","3","2","4","3","4","3","3","4","3","3","2","3","4","3","4","5",NA,"4","5",NA,"5","2","2","3","2","4","4","3","4","4","2","4","5",NA,"4","4","3","4","5",NA,"5","5",NA,"3","5",NA,"In a relationship","27","Female","Asian","United States","United States","United States","English","No","Full-Time"
382,"2","4","2","4","4","2","4","4","3","2","3","4","2","3","2","3","3","2","3","3","3","3","4","4","5","2","1","2","2","3","4","2","5","5",NA,"4","5",NA,"3","3","3","5","5",NA,"5","5",NA,"3","4","4","Married","38","Female","White","United States","United States","United States","English","Yes","Part-Time"
307,"1","1","1","1","1","1","5","5",NA,"4","4","4","1","1","1","1","1","1","5","5",NA,"5","5",NA,"5","2","1","1","1","3","3","2","5","5",NA,"5","5",NA,"5","5",NA,"5","5",NA,"5","5",NA,"5","5",NA,"In a relationship","42","Female","White","United States","United States","United States","English","No","Full-Time"
281,"3","2","2","3","4","2","4","4","4","3","3","4","2","3","2","2","3","2","4","4","2","4","4","4","5","2","2","3","2","1","3","4","4","4","3","3","3","4","1","2","2","3","3","2","4","4","3","4","4","4","In a relationship","31","Female","Mixed","United States","United States","United States","English","No","Unemployed (and job seeking)"
69,"1","1","1","3","3","2","5","5",NA,"4","4","5","2","2","1","3","3","2","3","4","3","4","4","4","5","2","3","4","3","4","4","3","5","5",NA,"5","5",NA,"3","4","2","5","5",NA,"4","5",NA,"4","4","5","Married","33","Male","White","United States","United States","United States","English","No","Not in paid work (e.g. homemaker', 'retired or disabled)"
22,"2","2","1","3","3","2","4","4","3","3","3","4","2","2","1","2","2","1","4","4","3","4","4","5","5","2","2","3","2","3","4","2","4","5",NA,"3","4","4","3","3","3","3","4","3","4","5",NA,"3","4","4","In a relationship","23","Female","Asian","United States","United States","United States","English","No","DATA_EXPIRED"
227,"1","3","1","3","4","1","4","3","2","4","4","4","2","4","2","3","5",NA,"3","3","2","3","4","4","5","2","2","3","2","3","5",NA,"3","4","2","3","4","5","3","4","4","5","5",NA,"5","5",NA,"3","5",NA,"Married","66","Female","White","United States","United States","United States","English","No","Not in paid work (e.g. homemaker', 'retired or disabled)"
78,"1","1","1","5","5",NA,"5","5",NA,"5","5",NA,"2","2","2","4","5",NA,"4","4","4","5","5",NA,"5","2","2","3","3","4","4","3","5","5",NA,"5","5",NA,"5","5",NA,"5","5",NA,"5","5",NA,"5","5",NA,"In a relationship","22","Female","White","United States","United States","United States","English","DATA_EXPIRED","DATA_EXPIRED"
16,"1","1","1","3","3","1","5","5",NA,"5","5",NA,"2","2","2","3","3","2","5","5",NA,"5","5",NA,"5","2","2","2","2","3","3","2","5","5",NA,"5","5",NA,"4","4","3","3","5",NA,"5","5",NA,"4","4","3","Married","58","Male","White","United States","United States","United States","English","No","Not in paid work (e.g. homemaker', 'retired or disabled)"
7,"1","1","1","5","5",NA,"5","5",NA,"3","3","3","1","1","3","5","5",NA,"5","5",NA,"4","4","3","5","2","5","5",NA,"5","5",NA,"5","5",NA,"3","3","5","5","5",NA,"5","5",NA,"5","5",NA,"3","3","5","Married","67","Male","White","United States","United States","United States","English","No","Not in paid work (e.g. homemaker', 'retired or disabled)"
51,"1","2","2","3","2","1","4","3","3","3","3","4","2","1","1","2","1","2","4","5",NA,"4","4","4","5","2","3","4","3","4","4","3","5","5",NA,"4","4","3","5","4","3","3","4","2","5","5",NA,"3","3","5","In a relationship","44","Female","White","United States","United States","United States","English","No","Full-Time"
367,"1","4","1","4","5",NA,"3","5",NA,"4","4","3","4","4","2","5","5",NA,"5","4","2","4","4","2","5","2","1","3","2","5","5",NA,"4","4","2","4","4","2","3","3","2","4","5",NA,"5","4","2","4","4","5","Married","74","Male","White","United States","United States","United States","English","DATA_EXPIRED","Other"
342,"1","2","1","3","4","2","3","3","1","5","5",NA,"1","1","1","5","5",NA,"3","3","2","5","5",NA,"5","2","4","4","2","4","5",NA,"5","5",NA,"4","5",NA,"4","4","2","5","5",NA,"5","5",NA,"1","5",NA,"Married","29","Female","Asian","United States","United States","United States","English","DATA_EXPIRED","DATA_EXPIRED"
180,"1","2","1","2","2","2","3","4","4","3","3","5","1","2","1","3","3","2","4","4","4","4","4","5","5","2","2","1","2","2","3","2","4","4","4","4","5",NA,"2","2","3","3","4","3","4","5",NA,"4","4","4","Married","42","Female","White","United States","United States","United States","English","No","Full-Time"
167,"1","2","1","2","3","2","5","5",NA,"3","4","2","2","2","2","2","3","2","5","5",NA,"4","5",NA,"5","2","2","3","2","3","3","2","5","5",NA,"5","5",NA,"2","2","2","2","3","2","5","5",NA,"4","5",NA,"Married","50","Female","Mixed","United States","United States","United States","English","No","Part-Time"
107,"1","1","1","3","3","2","3","3","2","3","3","4","1","1","2","4","4","4","4","4","3","5","5",NA,"5","2","1","1","2","4","4","3","5","5",NA,"5","5",NA,"1","3","3","5","5",NA,"4","4","3","4","4","4","Engaged","25","Female","White","United States","United States","United States","English","No","Full-Time"
248,"2","2","1","4","3","2","4","4","4","3","3","3","3","2","3","3","3","4","5","5",NA,"4","4","5","5","2","3","3","2","2","2","3","5","5",NA,"3","4","5","5","4","5","5","5",NA,"5","5",NA,"3","4","5","In a relationship","40","Male","White","United States","United States","United States","English","No","Full-Time"
31,"1","2","1","5","5",NA,"4","4","2","4","4","3","3","3","2","5","5",NA,"4","5",NA,"4","4","3","5","2","3","3","3","5","5",NA,"5","5",NA,"5","5",NA,"3","4","3","5","5",NA,"5","5",NA,"4","4","3","Married","81","Male","White","United States","United States","United States","English","No","Not in paid work (e.g. homemaker', 'retired or disabled)"
190,"1","2","1","2","3","1","4","4","3","3","3","4","1","2","1","2","3","1","4","4","3","4","4","4","5","2","2","2","2","3","4","2","4","4","3","4","5",NA,"2","3","2","3","4","2","3","4","3","4","4","4","Married","29","Female","White","United States","United States","United States","English","Yes","Full-Time"
13,"3","2","2","5","5",NA,"5","5",NA,"3","3","4","1","1","1","5","5",NA,"5","5",NA,"5","5",NA,"5","2","2","2","2","4","4","1","5","5",NA,"5","5",NA,"2","2","4","5","5",NA,"5","5",NA,"5","5",NA,"Married","60","Female","Black","United States","United States","United States","English","No","Not in paid work (e.g. homemaker', 'retired or disabled)"
172,"2","2","2","3","3","3","4","4","3","3","3","4","2","2","2","2","2","2","4","4","3","5","5",NA,"5","2","3","3","3","3","3","3","4","4","3","4","4","4","3","3","3","3","3","3","4","4","3","4","4","4","In a relationship","30","Female","Asian","United States","United States","United States","English","No","Part-Time"
30,"3","3","3","5","5",NA,"3","3","3","4","4","3","2","3","3","5","5",NA,"4","5",NA,"4","5",NA,"5","2","3","3","3","4","5",NA,"5","5",NA,"5","5",NA,"4","5",NA,"5","5",NA,"5","5",NA,"4","5",NA,"Married","24","Female","White","United States","United States","United States","English","Yes","Part-Time"
233,"2","2","2","5","5",NA,"5","5",NA,"3","5",NA,"2","3","1","4","5",NA,"5","5",NA,"4","5",NA,"5","2","1","1","2","5","5",NA,"5","5",NA,"4","5",NA,"2","2","3","5","5",NA,"5","5",NA,"5","5",NA,"Married","44","Male","Asian","United States","United States","United States","English","No","Full-Time"
124,"1","1","1","2","2","1","5","4","4","4","4","4","2","3","3","2","3","3","3","2","3","3","2","3","5","2","2","2","2","3","2","3","4","4","3","3","3","4","2","2","4","2","2","4","5","5",NA,"4","4","4","Engaged","31","Female","White","United States","United States","United States","English","No","Full-Time"
54,"2","2","2","2","3","2","4","4","3","4","4","2","2","2","2","3","3","3","5","5",NA,"4","4","3","5","2","2","2","2","3","3","2","5","5",NA,"5","5",NA,"2","2","3","3","3","3","5","5",NA,"4","4","5","Married","35","Male","White","United States","United States","United States","English","No","Full-Time"
226,"2","3","2","3","3","2","4","4","2","4","4","2","4","4","2","3","4","2","4","4","2","4","4","2","5","2","3","3","3","4","5",NA,"5","5",NA,"4","4","3","3","3","3","4","4","3","4","4","3","4","4","3","Married","32","Male","White","United States","United States","United States","English","No","Full-Time"
225,"2","1","1","2","3","2","5","5",NA,"4","4","5","1","1","1","3","3","1","5","5",NA,"5","5",NA,"5","2","1","1","1","2","3","1","5","5",NA,"5","5",NA,"3","3","2","2","4","3","5","5",NA,"4","4","5","In a relationship","64","Female","White","United States","United States","United States","English","No","Full-Time"
143,"1","1","1","3","3","2","3","3","3","4","4","4","2","2","2","3","3","3","4","4","3","4","4","4","5","2","3","3","3","4","3","3","5","5",NA,"4","4","3","3","3","4","4","4","3","5","5",NA,"4","4","5","In a relationship","31","Male","Asian","United States","United States","United States","English","No","Full-Time"
220,"3","2","1","3","2","2","4","5",NA,"5","5",NA,"1","2","1","2","3","1","4","4","2","3","4","2","5","2","2","2","1","3","3","2","5","4","2","4","4","2","2","2","2","3","3","3","3","4","4","5","4","4","Married","43","Male","White","United States","United States","United States","English","No","Full-Time"
285,"3","3","2","4","4","3","4","4","3","5","5",NA,"3","3","3","3","3","3","4","4","4","3","4","4","5","2","3","4","4","5","5",NA,"4","4","4","5","5",NA,"4","4","3","5","5",NA,"5","5",NA,"5","5",NA,"In a relationship","29","Female","White","United States","United States","United States","English","No","Part-Time"
354,"1","1","1","3","3","1","5","5",NA,"5","5",NA,"1","1","1","3","3","1","5","5",NA,"5","5",NA,"5","2","1","1","1","3","3","1","5","5",NA,"5","5",NA,"1","1","1","3","3","2","5","5",NA,"5","5",NA,"Married","33","Male","Black","United States","United States","United States","English","No","Full-Time"
136,"1","1","2","2","3","2","4","4","3","3","3","4","2","2","2","4","4","3","3","3","3","5","5",NA,"5","2","5","5",NA,"5","5",NA,"5","5",NA,"5","5",NA,"3","3","3","4","3","3","4","4","4","3","3","4","Married","29","Male","White","United States","United States","United States","English","No","Unemployed (and job seeking)"
388,"2","3","2","3","4","3","3","4","2","3","4","5","2","3","1","3","3","2","4","5",NA,"4","5",NA,"5","2","3","4","2","3","4","3","3","5",NA,"3","4","4","3","3","1","4","4","3","4","5",NA,"4","4","4","In a relationship","30","Male","White","United States","United States","United States","English","No","Full-Time"
142,"2","3","2","3","3","3","2","2","3","4","4","4","2","2","2","3","3","2","3","4","2","4","4","3","5","2","3","3","2","3","2","3","4","4","2","4","4","3","3","3","3","4","3","4","4","5",NA,"5","5",NA,"Married","45","Male","White","United States","United States","United States","English","No","Full-Time"
364,"1","2","1","3","3","3","3","4","4","4","4","2","2","2","1","3","4","2","5","5",NA,"4","4","4","5","2","3","1","2","3","4","3","3","4","4","2","5",NA,"3","2","3","3","4","3","4","3","4","1","4","5","Married","24","Male","White","United States","United States","United States","English","No","Full-Time"
257,"2","2","1","3","4","1","4","4","2","4","3","1","2","2","1","2","3","2","3","2","2","2","2","1","5","2","2","1","2","1","3","2","1","3","2","2","1","2","3","3","2","3","1","1","3","2","2","3","4","3","In a relationship","38","Female","Black","United States","United States","United States","English","Yes","Full-Time"
161,"1","2","1","2","2","2","3","3","4","3","3","4","1","1","2","2","3","3","4","4","4","4","4","5","5","2","2","2","2","2","3","3","4","5",NA,"4","4","3","3","2","3","3","4","3","4","3","2","3","4","3","In a relationship","33","Female","White","United States","United States","United States","English","No","Full-Time"
123,"2","3","2","3","4","2","4","5",NA,"4","4","3","3","3","2","4","4","2","4","4","3","3","4","3","5","2","3","4","2","3","4","2","4","4","3","4","4","4","3","3","3","4","5",NA,"4","4","3","4","4","4","Married","27","Female","White","United States","United States","United States","English","No","Part-Time"
135,"1","2","3","5","5",NA,"2","2","4","3","1","3","1","1","2","4","4","3","5","5",NA,"4","3","4","5","2","3","3","3","5","5",NA,"5","5",NA,"5","5",NA,"2","2","3","4","5",NA,"4","5",NA,"3","5",NA,"Married","35","Female","Mixed","United States","United States","United States","English","DATA_EXPIRED","DATA_EXPIRED"
252,"1","2","1","3","5",NA,"4","5",NA,"4","4","3","2","3","2","4","5",NA,"5","5",NA,"5","5",NA,"5","2","1","3","2","4","5",NA,"5","5",NA,"5","5",NA,"2","2","2","5","5",NA,"5","5",NA,"4","5",NA,"Married","57","Male","White","United States","United States","United States","English","No","Full-Time"
191,"2","3","2","3","4","2","4","4","3","4","4","4","3","3","2","4","4","3","4","4","4","3","4","4","5","2","3","3","2","4","4","3","5","5",NA,"3","3","4","4","3","3","4","4","4","5","5",NA,"4","4","5","In a relationship","39","Male","White","United States","United States","United States","English","No","DATA_EXPIRED"
25,"1","1","1","2","3","2","4","5",NA,"5","5",NA,"3","4","2","4","4","3","4","5",NA,"5","5",NA,"5","2","3","3","2","4","4","3","5","5",NA,"5","5",NA,"4","4","3","3","3","3","5","5",NA,"3","5",NA,"Married","34","Male","White","United States","United States","United States","English","No","Full-Time"
125,"2","2","2","2","3","1","2","2","2","2","2","4","2","2","2","2","2","2","4","4","2","4","4","2","5","2","2","2","2","2","2","2","4","5",NA,"3","5",NA,"2","2","3","2","3","3","3","4","4","3","5",NA,"Married","38","Female","White","United States","United States","United States","English","No","Not in paid work (e.g. homemaker', 'retired or disabled)"
365,"1","2","2","2","3","2","4","4","3","3","4","4","1","2","2","3","4","3","4","4","2","4","4","4","5","2","2","2","2","3","4","2","5","5",NA,"4","5",NA,"4","3","3","3","4","3","4","4","3","3","4","4","Married","30","Female","White","United States","United States","United States","English","No","Full-Time"
39,"1","1","1","2","2","1","3","3","2","3","4","3","1","2","1","2","3","1","3","3","2","4","4","3","5","2","3","3","2","3","4","2","5","5",NA,"4","4","3","3","3","2","3","4","3","5","5",NA,"4","4","3","Married","41","Female","White","United States","United States","United States","English","No","Not in paid work (e.g. homemaker', 'retired or disabled)"
29,"1","1","2","2","2","2","3","4","2","4","4","2","1","1","2","3","3","2","4","4","3","4","4","2","5","2","2","1","2","3","4","3","5","5",NA,"3","4","3","2","3","3","3","4","3","4","5",NA,"4","5",NA,"Married","38","Male","White","United States","United States","United States","English","No","Full-Time"
360,"1","2","1","3","2","2","3","3","3","4","3","5","2","1","1","3","4","3","4","4","4","4","4","5","5","2","1","1","1","3","3","2","4","4","3","5","5",NA,"2","1","1","2","3","3","4","4","3","4","5",NA,"Married","38","Female","White","United States","United States","United States","English","No","Not in paid work (e.g. homemaker', 'retired or disabled)"
89,"1","1","1","4","4","3","3","3","4","3","4","4","3","3","2","3","4","3","5","5",NA,"4","5",NA,"5","2","3","3","2","3","4","3","5","5",NA,"3","5",NA,"3","4","2","3","4","3","5","5",NA,"5","5",NA,"Married","55","Male","White","United States","United States","United States","English","No","Full-Time"
343,"2","2","2","4","3","3","3","4","5","4","4","4","2","3","2","3","3","2","3","4","5","4","3","4","5","2","2","2","2","4","5",NA,"5","5",NA,"3","4","4","3","3","3","5","5",NA,"5","5",NA,"4","4","3","In a relationship","25","Male","White","United States","United States","United States","English","Yes","Part-Time"
140,"3","3","2","3","3","2","4","4","4","3","4","5","2","2","2","2","2","1","5","5",NA,"4","4","4","5","2","2","2","2","3","3","2","4","4","4","5","5",NA,"2","3","2","3","4","3","4","5",NA,"4","4","4","Married","55","Female","White","United States","United States","United States","English","No","Full-Time"
146,"2","3","4","5","5",NA,"1","3","4","2","4","5","1","1","3","5","5",NA,"5","5",NA,"4","4","3","5","2","1","2","2","5","5",NA,"5","5",NA,"4","4","3","4","4","3","5","5",NA,"4","5",NA,"3","4","3","Married","57","Female","White","United States","United States","United States","English","No","Not in paid work (e.g. homemaker', 'retired or disabled)"
353,"1","1","2","3","3","2","4","4","2","3","3","2","3","3","3","4","4","3","4","4","3","3","3","3","5","2","4","4","4","4","4","3","5","5",NA,"4","4","4","4","4","5","4","5",NA,"5","5",NA,"4","4","5","Married","44","Male","White","United States","United States","United States","English","No","Full-Time"
34,"1","1","1","2","2","1","3","3","2","3","3","2","3","3","2","3","3","3","3","3","2","3","4","2","5","2","3","3","2","3","3","3","4","4","4","3","4","4","3","3","4","3","3","4","4","4","3","3","3","4","Married","53","Female","White","United States","United States","United States","English","DATA_EXPIRED","DATA_EXPIRED"
4,"1","2","2","2","3","2","3","3","4","4","4","4","2","2","2","2","3","2","5","5",NA,"4","4","3","5","2","2","3","2","3","3","3","4","4","4","4","4","3","3","3","3","3","3","3","4","4","2","3","4","3","Married","39","Female","White","United States","United States","United States","English","No","Not in paid work (e.g. homemaker', 'retired or disabled)"
103,"2","1","1","3","4","3","3","5",NA,"2","3","5","1","1","2","3","4","4","4","5",NA,"3","4","4","5","2","3","3","3","2","2","2","5","5",NA,"5","5",NA,"4","5",NA,"2","1","2","5","5",NA,"5","5",NA,"In a relationship","27","Female","Asian","India","United States","United States","English","No","Unemployed (and job seeking)"
134,"4","4","3","4","4","3","5","5",NA,"3","3","4","2","2","1","2","2","1","5","5",NA,"4","4","4","5","2","3","3","2","3","3","2","5","5",NA,"4","5",NA,"5","3","5","5","5",NA,"5","5",NA,"4","4","5","Married","43","Female","White","United States","United States","United States","English","No","Full-Time"
149,"1","1","1","3","4","2","5","5",NA,"4","4","5","1","1","2","3","4","3","5","5",NA,"4","5",NA,"5","2","1","2","2","3","5",NA,"5","5",NA,"5","5",NA,"2","4","5","3","5",NA,"5","5",NA,"4","4","5","Married","37","Male","White","United States","United States","United States","English","DATA_EXPIRED","DATA_EXPIRED"
8,"1","1","1","1","1","1","4","4","1","4","4","1","2","1","1","2","2","2","4","4","2","4","4","2","5","2","2","2","3","2","2","2","3","3","2","3","3","3","3","3","3","5","5",NA,"5","5",NA,"4","4","5","Married","31","Male","White","United States","United States","United States","English","DATA_EXPIRED","DATA_EXPIRED"
335,"1","2","2","3","3","2","5","5",NA,"4","4","3","1","1","2","2","2","2","5","5",NA,"4","4","2","5","2","2","2","3","3","2","2","4","4","3","4","4","3","3","3","3","3","3","3","5","5",NA,"3","3","3","Married","35","Female","White","United States","United States","United States","English","No","DATA_EXPIRED"
291,"1","1","1","2","3","2","3","4","2","4","4","3","3","4","3","2","3","3","4","5",NA,"4","4","3","5","2","3","4","3","3","2","3","5","5",NA,"4","4","4","3","5",NA,"4","4","3","5","5",NA,"4","5",NA,"In a relationship","69","Female","White","United States","United States","United States","English","No","Full-Time"
377,"1","1","1","1","1","1","4","4","3","4","4","4","1","1","1","2","2","1","4","4","3","4","4","5","5","2","3","3","2","2","2","2","4","4","4","5","5",NA,"3","3","2","3","3","2","4","4","3","4","4","5","In a relationship","24","Male","White","United States","United States","United States","English","No","Full-Time"
332,"1","1","1","1","1","1","5","5",NA,"5","5",NA,"1","2","1","1","1","1","5","5",NA,"5","5",NA,"5","2","3","2","2","2","2","2","5","5",NA,"5","5",NA,"3","3","3","4","3","3","5","5",NA,"5","5",NA,"Married","44","Male","White","United States","United States","United States","English","No","Full-Time"
153,"1","2","1","3","4","2","4","4","2","3","3","4","2","3","1","3","4","2","4","4","1","4","4","2","5","2","3","4","2","4","5",NA,"4","4","3","4","5",NA,"3","5",NA,"4","5",NA,"4","4","2","4","5",NA,"In a relationship","35","Male","White","United States","United States","United States","English","DATA_EXPIRED","Other"
87,"1","2","2","3","3","1","5","5",NA,"4","4","4","1","2","2","3","3","2","5","5",NA,"5","5",NA,"5","2","3","4","2","3","4","3","5","5",NA,"5","5",NA,"3","3","3","4","5",NA,"5","5",NA,"4","5",NA,"Married","37","Female","White","United States","United States","United States","English","Yes","Full-Time"
3,"2","2","1","3","4","2","4","4","4","4","4","4","2","2","2","3","3","2","5","5",NA,"5","5",NA,"5","2","2","2","1","3","4","3","4","4","4","5","5",NA,"3","4","4","4","5",NA,"4","5",NA,"5","5",NA,"In a civil partnership/civil union or similar","66","Male","White","United States","United States","United States","English","No","Not in paid work (e.g. homemaker', 'retired or disabled)"
265,"1","2","1","3","3","2","5","5",NA,"4","4","3","2","3","2","3","4","3","5","5",NA,"4","4","4","5","2","2","2","2","3","4","3","5","5",NA,"4","5",NA,"3","5",NA,"3","5",NA,"5","5",NA,"3","5",NA,"In a relationship","23","Female","White","United States","United States","United States","English","No","DATA_EXPIRED"
126,"1","1","1","2","2","1","4","4","3","3","3","2","2","2","1","3","3","2","4","5",NA,"3","3","4","5","2","4","4","3","4","5",NA,"4","5",NA,"3","5",NA,"3","5",NA,"5","5",NA,"5","5",NA,"5","5",NA,"In a relationship","39","Female","White","United States","United States","United States","English","No","Not in paid work (e.g. homemaker', 'retired or disabled)"
96,"1","1","1","2","3","2","4","4","4","3","3","5","2","3","2","2","3","2","4","4","4","3","3","4","5","2","2","2","2","3","3","4","3","4","4","4","4","4","3","3","2","3","4","4","3","4","3","2","3","4","In a relationship","24","Female","White","United States","United States","United States","English","No","Full-Time"
348,"2","2","1","2","3","2","3","5",NA,"3","3","4","1","1","1","2","2","2","4","4","2","4","5",NA,"5","2","2","3","2","3","4","3","5","5",NA,"3","5",NA,"3","5",NA,"4","4","3","4","5",NA,"3","5",NA,"Married","28","Female","White","United States","United States","United States","English","DATA_EXPIRED","DATA_EXPIRED"
398,"2","3","2","4","5",NA,"5","5",NA,"4","4","4","2","3","2","4","5",NA,"5","5",NA,"5","5",NA,"5","2","3","3","2","5","5",NA,"5","5",NA,"5","5",NA,"3","3","2","5","5",NA,"5","5",NA,"5","5",NA,"Married","62","Female","White","United States","United States","United States","English","No","Not in paid work (e.g. homemaker', 'retired or disabled)"
40,"3","4","3","3","4","3","4","4","3","2","3","3","3","4","3","3","4","3","5","5",NA,"4","5",NA,"5","2","3","3","3","4","3","3","5","5",NA,"4","4","3","4","5",NA,"4","5",NA,"5","5",NA,"4","5",NA,"Married","37","Female","Other","United States","United States","United States","English","No","Not in paid work (e.g. homemaker', 'retired or disabled)"
205,"3","3","3","5","5",NA,"5","5",NA,"3","3","4","1","1","3","5","5",NA,"5","5",NA,"5","5",NA,"5","2","2","2","3","5","5",NA,"5","5",NA,"5","5",NA,"2","2","3","5","5",NA,"5","5",NA,"5","5",NA,"In a relationship","29","Female","Black","United States","United States","United States","English","Yes","Unemployed (and job seeking)"
394,"1","2","1","2","2","2","3","2","2","3","4","4","1","1","1","3","4","2","4","5",NA,"5","5",NA,"5","2","2","2","2","2","4","3","4","5",NA,"3","4","3","3","4","2","4","4","3","4","5",NA,"3","4","4","Married","27","Female","White","United States","United States","United States","English","No","Not in paid work (e.g. homemaker', 'retired or disabled)"
48,"2","2","1","2","2","1","4","4","4","4","4","4","2","2","1","3","4","2","5","5",NA,"4","5",NA,"5","2","1","2","1","2","3","1","5","5",NA,"4","4","3","4","4","2","5","5",NA,"5","5",NA,"4","4","5","Married","23","Female","White","United States","United States","United States","English","No","Full-Time"
297,"2","1","2","2","2","1","3","2","2","3","3","4","2","2","1","2","2","1","3","2","3","4","4","3","5","2","1","1","1","3","3","2","3","2","4","3","4","5","2","2","2","4","4","4","3","3","3","3","4","4","In a relationship","27","Female","White","United States","United States","United States","English","No","Full-Time"
325,"2","1","2","4","4","3","3","3","2","3","3","3","2","2","2","4","4","3","3","4","2","4","4","3","5","2","3","2","3","4","5",NA,"5","5",NA,"5","5",NA,"4","4","4","3","4","4","5","5",NA,"2","3","5","Married","23","Female","White","United States","United States","United States","English","No","Full-Time"
26,"2","3","2","3","3","2","3","2","2","2","2","2","2","2","2","4","4","2","5","5",NA,"5","5",NA,"5","2","1","1","2","4","4","3","4","4","2","5","5",NA,"1","1","4","3","3","4","4","5",NA,"3","5",NA,"In a relationship","31","Female","Mixed","United States","United States","United States","English","No","Not in paid work (e.g. homemaker', 'retired or disabled)"
116,"1","1","1","3","2","1","4","1","1","3","2","1","1","1","1","3","3","1","4","1","1","3","1","1","5","2","1","2","2","2","3","2","5","5",NA,"3","5",NA,"3","2","3","3","3","4","5","5",NA,"3","5",NA,"Married","28","Female","Other","United States","United States","United States","English","No","Unemployed (and job seeking)"
109,"2","2","2","3","3","4","5","5",NA,"2","4","5","2","3","2","3","3","3","5","5",NA,"4","5",NA,"5","2","3","4","3","3","4","4","5","5",NA,"3","4","5","4","4","5","4","5",NA,"5","5",NA,"5","5",NA,"Married","71","Female","White","United States","United States","United States","English","No","Not in paid work (e.g. homemaker', 'retired or disabled)"
139,"1","1","1","3","3","2","4","4","2","4","4","5","1","1","1","3","3","2","4","4","2","3","3","4","5","2","1","1","1","3","3","3","4","4","2","3","3","3","3","3","3","4","4","3","4","4","3","3","3","3","Married","52","Female","Other","United States","United States","United States","English","No","Full-Time"
222,"2","3","3","4","4","3","4","4","3","4","4","4","2","3","3","3","4","3","5","5",NA,"4","4","3","5","2","3","4","3","3","5",NA,"5","5",NA,"5","5",NA,"4","4","3","4","4","3","5","5",NA,"3","4","4","In a relationship","24","Female","White","United States","United States","United States","English","Yes","Full-Time"
198,"1","2","2","2","2","2","2","4","4","3","3","4","2","2","1","1","2","2","4","3","4","3","4","4","5","2","3","3","2","4","3","4","4","4","4","3","4","4","3","2","1","3","4","3","4","4","4","3","5",NA,"In a relationship","22","Female","White","United States","United States","United States","English","No","Unemployed (and job seeking)"
203,"1","1","1","3","3","3","4","4","3","4","4","5","1","3","1","3","4","3","4","4","4","4","5",NA,"5","2","2","2","1","3","5",NA,"3","5",NA,"4","4","5","3","3","1","3","4","3","4","4","2","3","4","5","In a relationship","23","Female","White","United States","United States","United States","English","Yes","Part-Time"
58,"1","3","2","2","4","2","4","4","2","4","4","3","2","3","2","4","4","3","5","5",NA,"5","5",NA,"5","2","4","5",NA,"2","5",NA,"5","5",NA,"3","5",NA,"3","2","2","3","5",NA,"5","5",NA,"3","5",NA,"Married","45","Female","White","United States","United States","United States","English","No","Not in paid work (e.g. homemaker', 'retired or disabled)"
36,"2","2","2","4","4","3","3","4","4","3","3","4","4","4","3","5","5",NA,"5","5",NA,"3","5",NA,"5","2","5","5",NA,"5","5",NA,"5","5",NA,"4","5",NA,"4","4","3","5","5",NA,"5","5",NA,"3","5",NA,"Married","27","Female","White","United States","United States","United States","English","No","Not in paid work (e.g. homemaker', 'retired or disabled)"
393,"2","2","2","3","3","2","4","5",NA,"4","4","3","2","2","2","3","3","3","4","4","4","4","4","4","5","2","3","3","2","4","5",NA,"4","5",NA,"4","4","3","3","3","2","4","4","3","4","5",NA,"4","5",NA,"In a relationship","34","Female","White","United States","United States","United States","English","Yes","Part-Time"
350,"2","3","1","3","3","2","4","4","2","3","3","4","2","3","1","3","3","2","4","4","1","5","5",NA,"5","2","2","3","2","3","5",NA,"5","5",NA,"3","4","4","4","5",NA,"5","5",NA,"5","5",NA,"4","5",NA,"Married","69","Female","White","United States","United States","United States","English","No","Other"
17,"2","2","1","2","3","2","3","2","1","3","3","3","3","3","2","3","4","3","3","5",NA,"2","3","4","5","2","2","3","2","3","4","3","3","5",NA,"3","4","3","4","4","2","2","4","4","4","5",NA,"2","3","5","Married","41","Male","Mixed","United States","United States","United States","English","No","Not in paid work (e.g. homemaker', 'retired or disabled)"
14,"3","3","2","5","5",NA,"2","5",NA,"3","4","5","2","3","2","5","5",NA,"2","3","3","3","4","4","5","2","5","5",NA,"5","5",NA,"5","5",NA,"5","5",NA,"3","3","5","4","5",NA,"4","5",NA,"3","3","5","Engaged","38","Female","White","United States","United States","United States","English","No","Other"
256,"1","2","1","2","3","2","5","4","4","4","4","5","1","1","1","3","4","3","4","4","4","4","5",NA,"5","2","3","5",NA,"2","5",NA,"5","5",NA,"3","5",NA,"3","5",NA,"4","5",NA,"3","5",NA,"3","5",NA,"In a relationship","22","Female","White","United States","United States","United States","English","No","Unemployed (and job seeking)"
187,"1","1","1","1","1","1","1","4","4","4","4","5","3","3","4","3","3","3","3","3","3","2","3","4","3","3","4","3","3","4","3","4","4","4","5","3","4","4","4","4","4","4","4","4","4","4","4","4","4","4","In a civil partnership/civil union or similar","36","Female","White","United States","United States","United States","English","No","Not in paid work (e.g. homemaker', 'retired or disabled)"
334,"1","1","1","1","1","1","3","3","3","3","4","3","1","1","1","3","3","2","4","4","2","5","5",NA,"5","2","3","3","3","2","3","3","4","5",NA,"4","5",NA,"3","3","2","3","4","3","5","5",NA,"3","4","4","Married","52","Female","White","United States","United States","United States","English","No","Full-Time"
239,"1","2","1","3","3","2","2","2","1","4","4","3","2","3","2","3","4","2","4","4","3","4","5",NA,"5","2","2",NA,"2","3","4","2","4","4","3","4","5",NA,"3","3","2","4","4","3","4","5",NA,"4","5",NA,"Married","27","Female","White","United States","United States","United States","English","Yes","Full-Time"
346,"1","1","1","3","3","1","5","5",NA,"4","4","1","1","1","1","3","4","2","5","5",NA,"5","5",NA,"5","2","1","1","1","3","3","1","5","5",NA,"4","4","2","2","2","2","3","4","3","5","5",NA,"4","4","3","Married","53","Male","White","United States","United States","United States","English","No","Full-Time"
319,"1","2","1","3","3","2","3","3","2","3","3","3","2","1","1","3","4","2","3","4","2","4","4","4","5","2","3","3","3","4","5",NA,"5","5",NA,"3","5",NA,"3","2","3","4","5",NA,"4","4","3","3","4","4","Engaged","23","Female","White","United States","United States","United States","English","No","Not in paid work (e.g. homemaker', 'retired or disabled)"
10,"1","1","1","1","1","1","4","5",NA,"4","4","5","2","1","2","2","4","3","4","5",NA,"5","5",NA,"5","2","3","4","3","3","4","3","5","5",NA,"3","5",NA,"3","5",NA,"3","5",NA,"5","5",NA,"3","5",NA,"Married","32","Female","White","United States","United States","United States","English","No","Full-Time"
77,"2","1","2","3","3","2","4","4","2","3","2","2","2","1","2","3","3","3","3","3","2","4","4","4","5","2","1","1","2","3","4","3","5","5",NA,"3","5",NA,"3","1","3","4","4","3","4","5",NA,"3","4","4","Married","38","Female","White","United States","United States","United States","English","No","Full-Time"
189,"1","1","1","1","1","1","1","1","4","3","3","4","1","1","1","1","1","1","5","5",NA,"5","5",NA,"5","2","2","2","2","1","1","2","5","5",NA,"5","5",NA,"1","1","1","2","2","2","4","4","4","4","4","4","Married","50","Female","White","United States","United States","United States","English","No","Full-Time"
171,"3","4","2","2","3","2","3","2","3","3","3","1","3","3","2","2","3","3","3","1","2","3","3","5","3","2","2","2","3","2","3","2","2","3","2","3","3","2","4","4","4","3","3","3","2","3","2","5","2","5","In a relationship","28","Male","White","United States","United States","United States","English","No","Full-Time"
309,"2","2","3","3","3","3","4","4","3","3","4","4","2","2","2","3","3","3","4","4","3","4","4","4","5","2","2","2","3","3","3","3","4","4","3","4","4","3","2","3","3","4","4","3","4","4","3","4","4","3","Married","50","Female","White","United States","United States","United States","English","No","Not in paid work (e.g. homemaker', 'retired or disabled)"
293,"1","1","1","2","2","1","4","4","3","5","5",NA,"1","1","2","2","2","2","4","4","4","4","4","3","5","2","2","2","2","2","2","2","2","4","4","3","3","3","3","3","3","3","3","3","5","5",NA,"3","3","5","Married","59","Male","White","United States","United States","United States","English","No","Full-Time"
81,"2","3","1","3","4","1","3","4","1","3","4","2","3","4","2","3","4","2","3","4","2","3","4","2","5","2","2","3","2","3","4","2","3","4","2","3","4","4","3","4","4","2","4","4","4","4","4","2","4","4","Married","39","Male","White","United States","United States","United States","English","No","Full-Time"
337,"1","1","1","1","2","1","3","4","4","5","5",NA,"1","3","2","2","2","2","4","5",NA,"4","4","4","5","2","4","4","3","3","3","3","5","5",NA,"3","3","4","3","4","2","3","3","3","2","3","2","1","1","5","In a relationship","20","Female","White","United States","United States","United States","English","Yes","Full-Time"
366,"2","1","1","1","2","1","4","5",NA,"4","4","1","2","2","1","3","3","3","5","5",NA,"4","4","1","5","2","2","2","2","3","3","3","5","5",NA,"4","4","2","3","3","3","3","4","4","5","5",NA,"5","5",NA,"Married","53","Male","White","United States","United States","United States","English","No","Full-Time"
245,"1","1","1","1","1","1","5","5",NA,"5","5",NA,"1","1","3","2","2","3","5","5",NA,"5","5",NA,"5","2","1","1","3","3","3","3","5","5",NA,"5","5",NA,"1","1","5","3","3","5","5","5",NA,"4","4","5","Married","36","Female","White","United States","United States","United States","English","Yes","Full-Time"
102,"2","2","2","3","3","3","4","4","5","4","4","5","2","3","2","3","4","3","4","5",NA,"5","5",NA,"5","2","2","2","2","4","5",NA,"4","5",NA,"3","4","5","3","3","5","5","5",NA,"4","4","5","4","4","5","Married","63","Male","White","United States","United States","United States","English","No","Part-Time"
351,"1","1","1","3","4","2","3","1","1","3","4","1","1","1","2","2","5",NA,"4","4","2","4","4","2","5","2","2","3","3","3","4","3","4","5",NA,"3","5",NA,"2","2","4","3","5",NA,"4","5",NA,"3","4","4","Married","41","Male","White","United States","United States","United States","English","DATA_EXPIRED","Full-Time"
249,"1","2","2","2","3","3","4","5",NA,"4","4","5","2","3","3","2","2","3","5","5",NA,"4","5",NA,"5","2","2","3","3","2","3","3","5","5",NA,"4","5",NA,"3","4","3","2","4","3","5","5",NA,"5","5",NA,"Married","37","Male","White","United States","United States","United States","English","No","Full-Time"
389,"1","1","1","2","2","2","4","4","4","4","4","5","2","2","2","3","3","2","5","5",NA,"4","4","5","5","2","2","2","2","2","2","2","5","5",NA,"4","5",NA,"3","3","3","3","3","3","5","5",NA,"4","5",NA,"Married","33","Male","White","United States","United States","United States","English","No","Full-Time"
277,"4","3","2","2","3","1","3","2","2","4","3","3","1","3","2","1","2","3","3","1","4","3","4","2","5","2","2","3","1","4","3","2","1","2","3","4","4","3","1","3","4","2","3","2","3","4","5","4","2","3","Married","22","Male","White","United States","United States","United States","English","No","Full-Time"
211,"2","1","1","1","1","1","4","4","2","4","4","5","2","3","1","2","2","1","4","4","2","4","4","5","5","2","3","4","2","2","4","2","4","4","4","3","4","4","3","4","3","3","4","3","4","4","4","3","3","5","In a relationship","33","Male","White","Germany","United States","United States","English","Yes","Full-Time"
341,"1","1","1","2","4","2","5","5",NA,"5","5",NA,"2","2","1","3","3","2","5","5",NA,"4","4","3","5","2","3","3","2","4","4","3","5","5",NA,"4","4","4","3","5",NA,"5","5",NA,"5","5",NA,"5","5",NA,"In a relationship","62","Female","White","United States","United States","United States","English","No","Part-Time"
237,"1","2","1","1","1","2","5","5",NA,"4","4","3","1","3","1","3","4","3","5","5",NA,"4","5",NA,"5","2","2","3","3","3","4","3","5","5",NA,"5","5",NA,"3","1","2","4","5",NA,"5","5",NA,"4","5",NA,"In a relationship","23","Female","White","United States","United States","United States","English","No","Part-Time"
224,"2","2","1","3","3","2","4","3","1","4","4","2","2","3","1","3","3","2","4","4","2","4","4","5","5","2","3","4","2","3","5",NA,"4","5",NA,"4","4","4","3","4","2","3","4","3","5","5",NA,"3","4","5","In a relationship","30","Male","White","United States","United States","United States","English","Yes","Full-Time"
49,"1","2","2","3","3","1","4","4","3","4","4","2","2","2","1","3","3","2","4","4","4","4","4","5","5","2","2","3","3","3","5",NA,"5","5",NA,"4","5",NA,"3","2","4","3","3","4","5","5",NA,"3","4","5","In a relationship","24","Female","White","United States","United States","United States","English","No","Full-Time"
64,"1","1","1","3","3","2","3","4","4","3","3","4","3","2","2","3","3","3","3","4","3","4","4","4","5","2","3","2","3","3","4","3","4","4","3","3","4","3","3","3","3","4","4","3","4","4","3","4","4","3","Married","42","Female","White","United States","United States","United States","English","DATA_EXPIRED","DATA_EXPIRED"
73,"1","1","1","1","1","1","5","5",NA,"4","4","4","2","2","2","3","3","3","5","5",NA,"3","4","4","5","2","2","2","2","2","2","2","5","5",NA,"4","5",NA,"5","5",NA,"4","4","3","4","4","3","4","5",NA,"Married","36","Female","White","United States","United States","United States","English","No","Full-Time"
230,"3","3","3","4","4","3","4","4","4","2","5",NA,"3","3","2","3","4","2","4","4","4","3","5",NA,"5","2","4","2","4","3","4","3","5","5",NA,"3","5",NA,"3","4","3","3","4","3","4","5",NA,"4","5",NA,"In a relationship","50","Male","Mixed","United States","United States","United States","English","No","Full-Time"
284,"1","1","1","3","3","3","5","5",NA,"4","4","5","2","2","2","5","5",NA,"5","5",NA,"3","4","4","5","2","3","3","2","5","5",NA,"5","5",NA,"2","4","4","2","2","2","5","5",NA,"5","5",NA,"3","5",NA,"Married","26","Female","White","United States","United States","United States","English","Yes","Other"
371,"2","2","1","2","2","1","3","4","4","3","3","2","1","2","2","2","3","2","4","4","4","4","4","4","5","2","3","2","2","3","3","2","4","4","4","4","4","3","3","3","2","3","4","3","4","4","4","4","3","2","Married","55","Male","White","United States","United States","United States","English","No","Full-Time"
229,"2","3","1","3","3","1","4","4","2","4","5",NA,"2","3","1","3","3","2","5","5",NA,"4","4","5","5","2","4","3","2","2","4","3","5","5",NA,"4","5",NA,"4","2","2","3","4","3","5","5",NA,"3","4","5","Married","27","Female","Black","United States","United States","United States","English","No","Full-Time"
170,"2","2","2","3","4","2","3","4","4","3","3","4","1","2","2","3","3","2","3","5",NA,"4","4","4","5","2","2","3","2","3","4","3","5","5",NA,"4","4","3","3","4","3","5","5",NA,"5","5",NA,"4","5",NA,"Married","73","Female","White","United States","United States","United States","English","No","Not in paid work (e.g. homemaker', 'retired or disabled)"
70,"1","1","1","4","1","2","4","3","3","4","4","3","2","2","2","2","2","2","3","4","3","3","3","3","5","5","2","2","2","1","3","3","4","5",NA,"4","4","2","3","2","2","1","1","3","5","5",NA,"3","3","3","Married","57","Male","White","United States","United States","United States","English","No","Full-Time"
240,"1","2","1","3","3","1","5","5",NA,"5","5",NA,"2","2","2","2","2","2","5","5",NA,"5","5",NA,"5","2","2","2","2","2","2","2","5","5",NA,"5","5",NA,"3","3","3","3","3","3","5","5",NA,"5","5",NA,"In a relationship","44","Male","White","United States","United States","United States","English","No","Full-Time"
390,"2","2","2","2","2","2","4","4","2","3","4","2","2","2","2","2","2","2","4","4","2","4","4","2","5","2","2","2","2","2","2","2","4","4","2","4","4","2","2","2","2","2","2","2","4","4","3","5","5",NA,"Married","59","Female","White","United States","United States","United States","English","No","Full-Time"
254,"1","1","2","2","2","2","4","4","2","4","4","4","1","1","1","2","3","2","5","5",NA,"4","4","2","5","2","2","2","2","2","3","3","4","4","2","4","4","4","3","2","3","3","3","3","4","4","2","3","3","5","In a relationship","29","Male","White","United States","United States","United States","English","Yes","Full-Time"
27,"1","1","1","3","3","2","4","4","3","4","4","4","2","2","2","3","4","3","3","3","3","4","4","4","5","2","2","2","2","3","5",NA,"4","3","4","5","5",NA,"3","2","3","3","4","3","4","5",NA,"3","4","4","In a relationship","32","Male","Asian","United States","United States","United States","English","No","Full-Time"
63,"1","1","1","3","4","3","4","5",NA,"4","4","4","1","2","1","3","4","3","5","5",NA,"4","4","4","5","2","2","2","2","4","5",NA,"5","5",NA,"4","5",NA,"3","4","2","3","5",NA,"5","5",NA,"3","5",NA,"Married","35","Male","White","United States","United States","United States","English","Yes","Full-Time"
349,"2","3","1","4","4","4","3","4","4","5","5",NA,"3","3","2","3","5",NA,"5","5",NA,"5","5",NA,"5","2","4","3","3","3","4","2","5","5",NA,"4","5",NA,"3","4","3","4","4","2","3","5",NA,"4","5",NA,"Married","33","Male","White","United States","United States","United States","English","No","Unemployed (and job seeking)"
165,"2","4","2","2","3","2","3","2","2","4","4","3","2","2","1","3","3","2","5","5",NA,"3","4","4","5","2","3","3","2","3","4","2","4","4","3","4","5",NA,"3","5",NA,"4","5",NA,"3","5",NA,"4","5",NA,"Married","40","Male","White","United States","United States","United States","English","No","Full-Time"
147,"1","2","1","2","3","2","4","4","4","4","4","4","1","3","2","2","3","2","4","4","4","4","4","4","5","2","2","3","2","2","3","2","5","5",NA,"4","4","5","2",NA,"3","3","4","3","5","5",NA,"4","4","5","Married","39","Female","White","United States","United States","United States","English","No","Full-Time"
175,"1","2","1","2","3","2","3","3","2","4","4","4","2","1","2","3","4","2","4","5",NA,"4","4","4","5","2","2","2","2","3","4","2","4","4","2","5","5",NA,"2","3","2","4","5",NA,"5","5",NA,"4","4","5","Married","41","Male","White","United States","United States","United States","English","No","Full-Time"
88,"2","3","1","3","4","2","4","4","3","3","3","4","2","3","2","3","3","3","4","4","4","4","4","4","5","2","2","3","2","3","4","3","5","5",NA,"4","5",NA,"4","4","3","5","5",NA,"5","5",NA,"3","5",NA,"Married","44","Female","White","United States","United States","United States","English","No","Part-Time"
19,"1","1","1","3","2","1","4","4","2","5","5",NA,"1","1","1","3","3","2","5","5",NA,"5","5",NA,"5","2","1","1","1","4","3","2","5","5",NA,"4","5",NA,"3","2","3","5","4","5","5","5",NA,"3","4","5","In a relationship","32","Male","White","United States","United States","United States","English","No","Full-Time"
261,"2","3","1","3","4","3","4","4","2","3","4","4","2","4","1","3","4","3","4","4","2","4","4","4","5","2","3","4","2","3","4","3","4","4","3","4","5",NA,"3","3","2","3","4","4","4","5",NA,"3","5",NA,"Engaged","28","Male","Asian","United States","United States","United States","English","Yes","Other"
304,"2","2","1","2","2","2","5","5",NA,"4","4","3","2","2","2","2","2","2","4","5",NA,"4","4","4","5","2","2","2","2","2","2","2","4","4","4","4","4","4","3","2","2","3","3","3","5","5",NA,"4","4","5","In a relationship","63","Male","White","United States","United States","United States","English","No","Other"
79,"1","1","1","2","2","1","5","5",NA,"5","5",NA,"3","3","2","2","2","2","3","5",NA,"2","4","3","5","2","3","3","2","3","4","2","5","5",NA,"4","5",NA,"4","4","4","5","5",NA,"5","5",NA,"3","4","4","Engaged","26","Male","White","United States","United States","United States","English","No","Full-Time"
68,"2","2","2","4","5",NA,"3","4","3","3","4","4","3","4","3","4","5",NA,"4","4","3","5","5",NA,"5","2","4","5",NA,"4","5",NA,"5","5",NA,"5","5",NA,"5","5",NA,"5","5",NA,"5","5",NA,"4","5",NA,"Married","37","Male","Asian","United States","United States","United States","English","No","Full-Time"
12,"1","1","1","3","3","2","3","2","1","3","5",NA,"2","2","2","2","2","2","3","3","2","3","3","4","5","2","2","2","2","2","3","2","3","4","3","3","4","5","3","3","2","3","4","4","4","3","2","3","3","4","In a relationship","27","Male","White","United States","United States","United States","English","No","Full-Time"
82,"1","1","1","2","2","1","3","2","1","3","3","3","1","1","1","2","3","1","2","2","1","3","4","3","5","2","1","1","2","3","4","3","3","3","2","3","5",NA,"2","2","1","4","4","3","3","3","2","3","4","3","In a relationship","26","Female","Black","United States","United States","United States","English","Yes","Full-Time"
99,"1","1","2","3","3","2","4","5",NA,"4","3","4","1","2","2","3","3","2","5","5",NA,"4","4","4","5","2","2","3","2","3","4","3","5","5",NA,"3","4","4","3","3","2","3","3","3","5","5",NA,"3","3","4","Married","34","Male","White","United States","United States","United States","English","No","DATA_EXPIRED"
317,"1","2","2","2","4","2","4","4","2","4","4","4","1","2","2","3","4","2","4","4","2","4","4","4","5","2","2","2","2","3","4","3","4","4","4","4","5",NA,"3","2","3","4","4","3","4","4","4","4","4","5","Married","46","Male","White","United States","United States","United States","English","No","Full-Time"
384,"1","1","1","1","1","1","4","4","3","4","4","3","1","1","1","1","1","1","2","3","3",NA,"4","3","5","2","1","1","1","2","1","1","1","2","3","4","4","3","2","2","1","1","1","1","4","4","3","4","4","4","In a relationship","32","Male","Black","United States","United States","United States","English","No","Full-Time"
206,"1","2","1","4","4","2","4","4","3","4","4","4","2","3","2","4","4","3","4","4","3","4","4","4","5","2","2","3","2","3","4","3","5","5",NA,"5","5",NA,"3","3","3","4","5",NA,"4","5",NA,"4","5",NA,"Married","33","Female","White","United States","United States","United States","English","Yes","DATA_EXPIRED"
94,"1","1","1","2","2","2","4","4","4","3","3","4","1","1","2","2","2","3","4","4","4","4","4","4","5","2","2","2","3","3","3","3","4","4","3","4","4","3","1","1","3","3","3","3","4","4","3","4","4","3","Engaged","34","Female","White","United States","United States","United States","English","DATA_EXPIRED","DATA_EXPIRED"
336,"2","2","2","3","3","3","3","3","3","3","3","5","2","2","1","2","3","2","4","4","4","3","3","5","5","2","3","3","2","3","4","3","3","3","3","4","5",NA,"3","2","2","3","3","3","4","3","3","4","4","4","In a relationship","30","Male","Asian","United States","United States","United States","English","No","Full-Time"
373,"1","1","1","1","1","1","5","5",NA,"4","4","3","1","1","1","1","1","1","5","5",NA,"4","4","2","5","2","1","1","1","1","1","1","1","1","1","4","4","2","4","4","3","1","1","3","5","5",NA,"3","4","5","Married","36","Male","White","United States","United States","United States","English","No","Full-Time"
177,"3","2","3","4","4","4","4","4","5","3","3","5","2","2","1","3","3","2","4","3","2","4","4","3","5","2","2","2","2","2","4","2","3","3","2","4","4","4","3","3","3","5","5",NA,"4","4","4","4","5",NA,"Married","62","Male","White","United States","United States","United States","English","No","Full-Time"
359,"1","2","2","1","1","1","4","5",NA,"1","4","2","4","3","3","3","4","1","2","1","3","3","4","4","5","2","1","3","2","4","4","3","2",NA,"5","1","1","4","2","4","2","3","4","3","5","5",NA,"1","5",NA,"In a relationship","28","Male","White","United States","United States","United States","English","Yes","Full-Time"
289,"1","1","1","3","3","2","4","4","2","4","4","4","2","2","2","3","3","2","5","5",NA,"5","5",NA,"5","2","3","3","3","3","4","2","5","5",NA,"4","3","4","2","2","3","3","4","3","5","5",NA,"4","4","4","Married","61","Female","White","United States","United States","United States","English","No","Full-Time"
199,"1","1","1","2","3","1","5","5",NA,"5","5",NA,"1","1","1","3","3","2","5","5",NA,"5","5",NA,"5","2","2","1","2","4","5",NA,"5","5",NA,"5","5",NA,"2","3","3","3","4","3","5","5",NA,"4","5",NA,"In a relationship","51","Male","White","United States","United States","United States","English","No","Full-Time"
250,"2","3","1","2","3","2","5","5",NA,"4","4","3","3","3","2","3","3","3","3","3","2","4","4","4","5","2","3","4","2","3","4","2","4","4","3","4","5",NA,"3","3","2","3","4","3","4","4","2","4","4","4","Married","33","Male","White","United States","United States","United States","English","No","Full-Time"
128,"3","2","2","4","3","3","5","5",NA,"3","3","5","2","2","2","3","3","2","5","5",NA,"5","5",NA,"5","2","2","2","2","3","4","2","5","5",NA,"5","5",NA,"2","1","3","3","3","3","5","5",NA,"4","5",NA,"Married","60","Female","White","Korea","United States","United States","English","No","Unemployed (and job seeking)"
18,"1","2","1","2","3","2","3","3","2","3","3","2","2","3","2","3","4","3","4","5",NA,"4","3","3","5","2","3","3","2","3","3","3","4","4","4","3","3","3","4","4","4","3","4","3","5","5",NA,"4","4","4","Married","43","Male","White","United States","United States","United States","English","No","Full-Time"
43,"1","1","1","1","2","1","3","2","1","4","5",NA,"1","2","1","2","3","2","5","5",NA,"4","5",NA,"5","2","2","2","2","4","4","3","5","5",NA,"4","5",NA,"3","3","3","5","5",NA,"4","4","3","3","3","5","In a relationship","31","Male","Black","United States","United States","United States","English","No","DATA_EXPIRED"
355,"2","2","1","3","2","2","1","2","2","3","4","3","4","3","4","2","1","1","2","3","1","4","4","4","3","3","2","2","2","2","2",NA,"4","4","1","3","3","2","2","2","2","4","4","4","4","4","3","4","4","4","Married","22","Male","White","United States","United States","United States","English","Yes","Full-Time"
188,"1","2","1","2","4","2","5","5",NA,"5","5",NA,"2","4","2","3","4","2","5","5",NA,"5","5",NA,"5","2","1","3","2","1","4","2","5","5",NA,"4","5",NA,"3","4","3","3","4","3","5","5",NA,"4","4","5","Married","53","Male","White","United States","United States","United States","English","No","Part-Time"
340,"2","3","3","4","2","4","4","2","1","4","3","2","3","2","1","2","3","3","2","3","3","3","2","3","1","3","3","4","2","3","3","2","4","3","2","3","3","3","2","3","3","4","3","3","3","2","2","3","4","2","Married","53","Female","Black","United States","United States","United States","English","DATA_EXPIRED","DATA_EXPIRED"
23,"1","1","2","3","3","2","5","5",NA,"4","4","2","2","2","2","3","3","2","5","5",NA,"4","4","2","5","2","4","4","2","3","3","3","5","5",NA,"4","4","3","3","3","2","3","4","3","5","5",NA,"4","4","4","Married","53","Male","White","United States","United States","United States","English","No","Not in paid work (e.g. homemaker', 'retired or disabled)"
315,"1","1","2","3","2","2","3","4","5","3","4","1","2","1","1","3","3","2","5","5",NA,"3","3","4","5","2","2","1","2","1","2","3","5","5",NA,"4","3","2","2","2","3","3","3","3","4","5",NA,"4","5",NA,"In a relationship","50","Female","White","United States","United States","United States","English","No","Other"
278,"1","3","2","2","3","1","4","4","3","4","3","4","2","4","2","3","3","2","4","4","3","4","4","5","5","2","3","4","2","3","4","2","4","4","5","3","4","4","4","4","2","4","4","2","4","4","3","3","3","5","In a relationship","30","Prefer not to say","White","Colombia","United States","United States","English","No","Full-Time"
362,"1","1","1","3","3","1","3","4","1","4","4","1","1","1","1","2","2","1","5","5",NA,"5","5",NA,"5","2","2","2","2","3","3","2","5","5",NA,"4","5",NA,"2","2","3","3","3","3","5","5",NA,"5","5",NA,"Married","50","Female","White","United States","United States","United States","English","No","Due to start a new job within the next month"
327,"2","1","2","1","1","2","4","5",NA,"4","2","1","2","1","2","1","3","2","1","4","1","4","4","2","5","2","3","4","1","2","1","2","3","1","1","3","3","1","1","2","1","4","4","1","1","3","1","3","4","2","Married","53","Male","White","United States","United States","United States","English","No","Full-Time"
379,"2","1","1","2","3","1","4","4","1","4","4","2","1","1","2","3","3","2","4","3","2","4","4","2","5","2","2","2","1","2","4","2","5","5",NA,"4","4","2","3","2","2","3","3","3","5","5",NA,"4","4","4","In a relationship","53","Male","White","United States","United States","United States","English","No","Full-Time"
181,"1","1","1","2","2","1","4","4","2","4","4","2","2","2","1","1","3","1","4","4","2","4","4","2","5","2","1","1","2","2","3","1","5","5",NA,"4","4","2","1","2","2","2","4","3","5","5",NA,"4","5",NA,"In a civil partnership/civil union or similar","69","Female","White","United States","United States","United States","English","No","Not in paid work (e.g. homemaker', 'retired or disabled)"
329,"1","2","1","3","3","2","5","5",NA,"4","4","3","4","4","3","4","4","2","5","5",NA,"5","5",NA,"5","2","5","5",NA,"5","5",NA,"5","5",NA,"5","5",NA,"4","4","2","4","4","3","4","4","3","4","4","3","Married","34","Male","White","United States","United States","United States","English","No","Not in paid work (e.g. homemaker', 'retired or disabled)"
280,"1","1","1","2","2","1","4","4","2","3","4","4","1","1","1","5","5",NA,"4","4","3","5","5",NA,"5","2","1","2","1","2","4","2","2","5",NA,"4","4","4","4","2","3","5","5",NA,"5","5",NA,"3","4","5","Married","54","Female","White","United States","United States","United States","English","No","Part-Time"
305,"1","3","1","3","4","1","4","4","2","3","4","3","2","4","1","3","4","2","3","4","4","4","4","5","5","2","3","3","1","3","3","1","4","4","4","4","4","4","3","4","2","4","4","3","4","4","2","3","4","3","In a relationship","34","Female","Asian","India","United States","United States","English","No","Full-Time"
368,"2","1","1","3","3","1","5","5",NA,"3","3","4","1","1","1","4","4","3","5","5",NA,"5","5",NA,"5","2","1","1","2","3","4","3","5","5",NA,"5","5",NA,"3","2","2","3","3","3","5","5",NA,"4","4","5","Married","29","Female","White","United States","United States","United States","English","No","Full-Time"
324,"1","1","1","2","3","1","4","4","2","4","4","4","1","1","1","2","4","3","4","3","3","4","5",NA,"5","2","3","3","3","3","4","3","4","5",NA,"4","5",NA,"2","2","2","3","4","3","3","3","2","3","4","5","Married","37","Female","Asian","United States","United States","United States","English","No","Full-Time"
66,"2","1","1","2","2","2","3","4","3","4","4","4","1","1","1","3","4","2","4","4","4","4","4","5","5","2","2","4","3","4","4","3","5","5",NA,"4","5",NA,"4","4","3","4","4","3","4","4","3","5","4","5","In a relationship","24","Male","Asian","United States","United States","United States","English","Yes","Not in paid work (e.g. homemaker', 'retired or disabled)"
173,"2","1","1","2","2","1","4","4","3","3","3","4","2","1","2","2","2","1","4","4","4","4","3","4","5","2","2","1","2","3","3","2","4","4","5","4","4","5","3","3","3","3","4","3","5","5",NA,"4","4","5","Married","38","Female","Black","United States","United States","United States","English","No","Unemployed (and job seeking)"
295,"1","1","1","2","2","1","4","4","1","4","4","2","1","1","1","2","3","2","4","4","2","4","4","4","5","2","2","2","2","1","1","3","5","5",NA,"5","5",NA,"3","3","2","2","3","2","4","4","2","3","3","4","Married","40","Female","Other","United States","United States","United States","English","No","Part-Time"
193,"1","1","1","2","3","2","4","4","3","4","4","5","1","1","1","2","3","2","4","4","4","4","4","4","5","2","2","2","2","3","4","2","5","5",NA,"4","5",NA,"3","3","3","5","5",NA,"5","5",NA,"4","5",NA,"In a relationship","21","Male","White","United States","United States","United States","English","No","Part-Time"
98,"1","1","1","1","1","1","1","5",NA,"1","4","4","2","1","3","2","2","2","4","4","2","3","3","3","5","2","3","3","3","3","3","3","5","5",NA,"4","4","3","5","5",NA,"5","5",NA,"5","5",NA,"5","5",NA,"In a relationship","22","Male","Black","United States","United States","United States","English","Yes","DATA_EXPIRED"
244,"2","3","1","3",NA,"2","4","4","2","3","4","3","3","4","3","2","3","2","4","4","3","3","3","4","5","2","3","3","2","3","4","4","4","5",NA,"3","5",NA,"3","4","2","3","4","3","4","5",NA,"3","5",NA,"In a relationship","27","Male","White","United States","United States","United States","English","Yes","Full-Time"
380,"1","1","1","4","4","5","3","3","2","3","3","2","3","3","2","3","3","4","3","3","2","3","3","5","5","2","3","3","2","3","3","3","3","3","4","3","3","5","3","3","3","4","4","5","3","3","2","3","3","3","In a relationship","29","Female","White","United States","United States","United States","English","No","Full-Time"
182,"2","2","2","3","3","4","4","4","5","3","3","5","2","2","2","3","3","3","3","3","5","3","3","5","5","2","4","2","5","3","3","4","3","4","5","3","4","5","1","1","3","3","4","2","4","4","5","4","4","5","Married","45","Male","White","United States","United States","United States","English","No","Full-Time"
183,"1","1","2","1","1","2","3","4","4","3","4","5","1","3","2","3","2","2","4","4","4","4","4","4","5","2","1","1","2","3","4","2","5","5",NA,"4","5",NA,"2","2","3","5","5",NA,"4","4","5","4","4","5","In a relationship","31","Male","Asian","United States","United States","United States","English","No","DATA_EXPIRED"
210,"1","1","2","2","2","2","4","4","2","4","4","2","2","2","3","3","3","3","4","4","3","5","5",NA,"5","2","2","2","3","3","3","3","5","5",NA,"5","5",NA,"2","2","3","3","3","3","5","5",NA,"4","4","3","In a relationship","46","Male","White","United Kingdom","United States","United States","English","No","Full-Time"
298,"2","2","2","2","2","2","5","5",NA,"4","4","3","3","3","2","3","4","3","4","5",NA,"4","4","3","5","2","3","3","3","3","4","3","4","5",NA,"4","5",NA,"4","5",NA,"5","5",NA,"5","5",NA,"5","5",NA,"Married","46","Female","White","United States","United States","United States","English","No","Not in paid work (e.g. homemaker', 'retired or disabled)"
290,"2","3","1","3","3","2","4","4","4","4","4","4","2","3","2","3","4","3","4","4","4","4","4","4","5","2","3","4","2","3","4","3","5","5",NA,"4","4","3","4","4","3","4","5",NA,"5","5",NA,"5","5",NA,"Married","59","Female","White","United States","United States","United States","English","No","Part-Time"
47,"1","1","1","2","3","1","4","3","1","4","5",NA,"1","1","2","3","5",NA,"4","5",NA,"4","4","3","5","2","2","2","2","2","4","3","5","5",NA,"4","5",NA,"4","2","3","5","5",NA,"5","5",NA,"5","5",NA,"Engaged","22","Prefer not to say","Asian","Japan","United States","United States","English","No","Unemployed (and job seeking)"
113,"1","1","1","1","1","1","5","4","3","4","4","4","1","1","1","1","1","1","5","5",NA,"5","5",NA,"5","2","1","1","1","1","1","1","5","5",NA,"5","5",NA,"2","1","2","2","4","3","5","5",NA,"5","5",NA,"In a relationship","40","Male","White","United States","United States","United States","English","No","Unemployed (and job seeking)"
62,"1","2","2","4","4","3","5","5",NA,"4","4","3","5","2","3","4","4","3","5","5",NA,"4","4","3","5","2","2","3","2","3","3","3","5","5",NA,"4","4","3","3","3","3","4","4","3","5","5",NA,"4","4","3","In a relationship","29","Female","White","United States","United States","United States","English","No","Full-Time"
292,"2","3","2","3","4","2","3","3","2","3","3","4","1","3","2","3","2","2","4","4","2","4","3","2","5","2","3","4","5","3","4","5","4","4","5","3","4","5","3","3","4","3","3","4","4","4","5","3","3","5","Married","49","Male","White","United States","United States","United States","English","No","Full-Time"
2,"1","1","1","3","3","2","4","5",NA,"4","4","2","3","3","2","3","3","2","5","5",NA,"4","4","2","5","2","3","4","2","3","3","2","5","5",NA,"4","5",NA,"4","5",NA,"3","5",NA,"5","5",NA,"5","5",NA,"Married","29","Male","White","United States","United States","United States","English","No","Full-Time"
264,"1","1","1","1","2","1","4","5",NA,"4","4","2","2","1","1","3","3","2","4","5",NA,"4","4","4","5","2","2","2","2","2","2","2","4","5",NA,"4","5",NA,"1","1","2","3","4","3","5","5",NA,"4","4","5","Married","52","Male","White","United States","United States","United States","English","No","Full-Time"
164,"1","1","1","1","1","1","4","4","2","4","4","2","2","3","2","2","3","2","4","5",NA,"4","4","4","5","2","2","2","2","3","3","2","4","5",NA,"4","4","4","3","4","2","4","3","3","5","5",NA,"4","4","5","Married","67","Male","White","United States","United States","United States","English","No","Part-Time"
218,"3","3","2","3","3","2","4","4","2","2","2","4","2","2","1","2","2","2","4","4","2","4","3","4","5","2","3","3","3","4","4","3","5","5",NA,"3","5",NA,"3","2","2","3","3","2","5","5",NA,"3","4","4","In a relationship","52","Female","White","United States","United States","United States","English","No","Unemployed (and job seeking)"
120,"5","3","4","5","5",NA,"5","5",NA,"3","4","4","1","1","2","3","3","2","5","5",NA,"5","5",NA,"5","2","2","2","3","4","4","3","5","5",NA,"5","5",NA,"2","2","3","4","4","3","5","5",NA,"4","5",NA,"Married","45","Female","White","United States","United States","United States","English","No","Not in paid work (e.g. homemaker', 'retired or disabled)"
104,"2","3","2","3","2","1","5","5",NA,"4","4","4","2","1","2","3","4","3","4","4","4","5","5",NA,"5","2","2","2","1","2","3","2","3","4","4","5","5",NA,"4","3","2","3","4","3","4","5",NA,"5","5",NA,"Engaged","28","Female","White","United States","United States","United States","English","DATA_EXPIRED","Full-Time"
209,"1","3","2","2","3","2","3","3","2","3","3","4","1","2","2","2","2","2","4","4","2","3","3","2","5","2","1","2","2","2","3","2","4","4","2","3","5",NA,"3","3","2","3","4","3","4","4","2","2","2","5","Married","32","Female","White","United States","United States","United States","English","No","DATA_EXPIRED"
234,"1","1","1","1","1","1","4","4","2","4","4","2","1","2","1","3","3","2","5","5",NA,"4","4","2","5","2","3","3","3","3","3","2","5","5",NA,"4","4","3","3","3","3","4","4","3","5","5",NA,"4","4","5","In a relationship","72","Female","White","United States","United States","United States","English","No","Part-Time"
6,NA,"1","1","1","2","1","5","5",NA,"4","4","2","2","2","2","2","3","2","4","5",NA,"4","4","3","5","2","2","3","2","4","3","3","4","3","3","3","2","4","2","3","3","4","4","4","3","3","3","3","2","4","Married","49","Male","White","United States","United States","United States","English","Yes","Full-Time"
112,"1","1","1","1","1","2","3","3","3","3","3","3","3","3","3","3","3","3","4","4","4","4","4","4","5","2","2","2","3","3","3","3","3","4","5","4","4","4","4","2","4","4","4","4","4","4","4","3","3","4","Married","49","Female","White","United States","United States","United States","English","DATA_EXPIRED","Full-Time"
283,"2","2","2","3","3","2","4","4","2","4","4","2","2","2","2","3","3","2","3","3","2","4","4","2","5","2","3","3","2","4","4","4","4","4","3","4","4","4","3","3","2","3","3","2","4","4","3","4","4","4","Married","65","Male","White","United States","United States","United States","English","No","Not in paid work (e.g. homemaker', 'retired or disabled)"
321,"1","1","1","2","3","3","3","3","2","3","3","4","1","2","2","2","3","3","4","4","3","5","5",NA,"5","2","1","2","2","2","3","3","4","4","3","4","5",NA,"2","3","2","2","3","2","4","4","2","4","4","4","In a relationship","40","Male","White","United States","United States","United States","English","No","Full-Time"
46,"1","1","1","1","1","3","5","5",NA,"3","4","1","2","2","2","2","3","3","5","5",NA,"4","5",NA,"5","2","2","2","2","2","2","2","5","5",NA,"5","5",NA,"2","2","3","5","5",NA,"5","5",NA,"5","5",NA,"Married","52","Female","Other","United States","United States","United States","English","No","Part-Time"
53,"1","1","1","3","3","1","4","4","2","5","5",NA,"2","2","1","3","4","2","4","4","2","5","5",NA,"5","2","1","1","1","3","4","2","4","4","2","4","4","2","1","1","2","3","5",NA,"5","5",NA,"4","4","4","Married","67","Female","White","United States","United States","United States","English","No","Not in paid work (e.g. homemaker', 'retired or disabled)"
318,"1","2","2","2","3","2","5","5",NA,"4","4","2","1","3","2","3","4","2","5","5",NA,"4","4","3","5","2","3","4","2","3","5",NA,"5","5",NA,"4","5",NA,"2","4","2","3","5",NA,"5","5",NA,"4","4","4","Married","49","Female","White","United States","United States","United States","English","No","Not in paid work (e.g. homemaker', 'retired or disabled)"
71,"1","1","1","1","3","2","3","4","3","3","4","4","2","3","3","3","4","3","4","5",NA,"3","4","3","5","2","3","4","3","2","4","3","5","5",NA,"3","3","3","3","4","3","3","4","3","4","5",NA,"4","5",NA,"Married","53","Female","White","United States","United States","United States","English","No","Full-Time"
356,"1","1","1","2","3","2","3","3","1","4","4","4","2","3","1","2","4","2","5","5",NA,"4","4","5","5","2","2","4","3","5","5",NA,"5","5",NA,"4","5",NA,"2","3","3","5","5",NA,"4","4","3","4","5",NA,"Engaged","36","Female","White","United States","United States","United States","English","DATA_EXPIRED","DATA_EXPIRED"
154,"2","2","3","4","5",NA,"3","3","4","4","4","3","2","2","3","4","4","4","4","4","4","4","4","4","5","2","3","1","3","5","5",NA,"5","5",NA,"4","5",NA,"1","2","2","5","5",NA,"3","4","3","3","4","4","Married","28","Female","White","United States","United States","United States","English","No","Full-Time"
72,"2","3","1","4","4","3","3","3","1","4","4","4","1","4","2","2","4","2","4","4","4","4","4","4","5","2","3","4","2","3","4","4","4","4","4","4","4","4","3","4","4","4","4","4","4","4","4","4","4","4","Married","63","Male","White","United States","United States","United States","English","No","Other"
118,"1","1","1","2","2","2","4","4","2","4","4","4","2","2","1","2","2","1","4","4","2","4","4","4","5","2","3","3","2","3","3","2","4","4","3","3","3","3","4","4","4","4","4","4","5","5",NA,"4","4","4","In a relationship","40","Male","White","United States","United States","United States","English","No","Full-Time"
231,"2","1","2","3","3","2","4","4","2","4","5",NA,"2","3","2","3","4","2","5","5",NA,"5","5",NA,"5","2","2","2","3","4","4","3","5","5",NA,"5","5",NA,"3","3","3","5","4","3","5","5",NA,"4","5",NA,"Married","51","Female","White","United States","United States","United States","English","No","DATA_EXPIRED"
282,"1","1","2","2","2","3","5","5",NA,"3","3","3","1","4","3","4","4","2","5","5",NA,"5","5",NA,"5","2","2","2","2","3","3","2","5","5",NA,"5","5",NA,"1","2","3","5","5",NA,"5","5",NA,"5","5",NA,"Married","50","Female","White","Venezuela, Bolivarian Republic of","United States","United States","English","No","Full-Time"
76,"1","2","3","5","4","3","2","4","3","4","4","5","2","2","1","3","3","3","3","3","3","5","5",NA,"5","2","2","3","3","4","5",NA,"4","4","2","4","5",NA,"3","3","3","5","5",NA,"5","5",NA,"3","3","5","In a civil partnership/civil union or similar","49","Female","White","United States","United States","United States","English","No","Full-Time"
57,"2","3","2","3","3","3","3","3","3","4","3","4","3","3","2","3","3","2","5","5",NA,"5","5",NA,"5","2","3","3","3","4","4","3","5","5",NA,"5","5",NA,"4","3","2","3","3","3","5","5",NA,"4","4","4","Married","56","Female","White","United States","United States","United States","English","No","Full-Time"
268,"3","3","3","4","5",NA,"2","3","3","3","4","3","1","2","2","3","4","2","5","5",NA,"5","5",NA,"5","2","2","2","2","3","5",NA,"3","5",NA,"4","5",NA,"3","4","2","4","5",NA,"4","4","3","3","3","3","Married","50","Male","White","United States","United States","United States","English","No","Not in paid work (e.g. homemaker', 'retired or disabled)"
59,"1","2","1","2","2","1","4","4","5","4","4","5","2","2","1","3","3","1","5","5",NA,"4","4","5","5","2","2","2","1","3","3","2","5","5",NA,"4","4","4","3","3","2","5","5",NA,"5","5",NA,"4","4","5","Married","35","Male","White","United States","United States","United States","English","No","Full-Time"
129,"2","2","2","2","3","3","4","4","5","3","3","5","1","2","1","3","3","2","4","4","4","4","4","5","5","2","1","2","1","4","4","3","4","4","4","4","4","4","3","3","2","4","4","3","3","4","4","4","4","4","Married","56","Male","Black","United States","United States","United States","English","No","Full-Time"
33,"2","2","3","4","4","4","3","3","3","3","4","4","3","3","2","3","3","2","3","3","2","4","4","4","5","2","2","2","2","3","4","3","5","5",NA,"4","4","5","3","3","2","4","4","3","4","4","4","3","4","4","Married","42","Female","Asian","United States","United States","United States","English","No","Not in paid work (e.g. homemaker', 'retired or disabled)"
45,"1","1","1","3","3","1","4","4","1","4","4","4","1","1","1","5","5",NA,"4","4","2","4","4","4","5","2","3","5",NA,"5","5",NA,"5","5",NA,"5","5",NA,"2","2","3","5","5",NA,"4","5",NA,"4","4","3","Married","35","Female","White","United Kingdom","United States","United States","English","No","DATA_EXPIRED"
152,"1","1","1","4","4","2","4","4","5","4","4","5","2","2","1","4","4","3","4","4","5","4","4","5","5","2","2","2","2","4","4","4","4","4","5","4","4","5","3","3","2","4","4","5","4","4","5","4","4","5","Married","67","Female","White","United States","United States","United States","English","No","Other"
370,"1","1","1","3","3","1","4","4","2","4","4","2","1","1","1","3","3","2","4","5",NA,"4","4","4","5","2","3","3","3","3","3","3","3","4","4","3","4","5","3","3","3","3","4","3","5","5",NA,"3","3","5","Married","35","Male","Other","United States","United States","United States","English","No","Full-Time"
311,"1","2","1","3","3","2","4","4","2","4","4","3","1","2","1","3","3","3","3","3","2","4","4","4","5","2","2","4","2","3","4","3","4","5",NA,"3","5",NA,"3","3","2","3","4","3","3","4","4","4","4","5","Married","27","Female","White","United States","United States","United States","English","Yes","Full-Time"
55,"1","3","1","3","4","1","4","4","2","5","5",NA,"2","4","1","4","4","1","5","5",NA,"4","4","1","5","2","1","3","1","3","5",NA,"5","5",NA,"5","5",NA,"2","2","2","3","5",NA,"5","5",NA,"5","5",NA,"In a relationship","22","Male","Asian","United States","United States","United States","English","No","Unemployed (and job seeking)"
219,"2","2","2","2","2","2","4","4","3","3","3","5","1","1","1","3","2","2","5","5",NA,"4","4","3","5","2","2","2","2","2","2","2","5","5",NA,"4","4","3","4","4","3","3","3","3","5","5",NA,"5","5",NA,"In a relationship","39","Female","Other","Puerto Rico","United States","United States","English","No","Other"
246,"1","1","1","3","3","1","3","3","1","3","4","1","1","2","1","3","3","1","4","4","1","4","4","1","5","2","2","2","1","2","3","1","5","4","2","4","4","4","3","4","2","5","5",NA,"5","5",NA,"4","5",NA,"Married","69","Female","White","United States","United States","United States","English","No","Not in paid work (e.g. homemaker', 'retired or disabled)"
138,"1","1","1","1","1","1","4","4","2","4","4","2","1","1","1","1","2","1","5","4","2","4","5",NA,"5","2","2","3","2","2","4","3","4","5",NA,"4","5",NA,"3","3","3","3","4","3","3","4","3","4","5",NA,"In a relationship","22","Female","Mixed","United States","United States","United States","English","No","Full-Time"
372,"1","1","2","2","2","1","5","5",NA,"3","4","5","3","2","2","5","4","3","4","3","3","3","4","4","5","2","3","3","2","3","3","3","5","5",NA,"3","4","3","4","5",NA,"4","3","3","5","5",NA,"5","5",NA,"Married","61","Female","Asian","India","United States","United States","English","No","Not in paid work (e.g. homemaker', 'retired or disabled)"
196,"2","1","1","2","4","2","4","4","4","4","4","4","2","2","2","2","3","2","5","4","4","4","4","5","5","2","2","2","2","2","4","3","5","5",NA,"4","5",NA,"3","1","3","3","3","3","5","5",NA,"3","4","3","Married","34","Female","Black","United States","United States","United States","English","No","Other"
114,"1","1","1","1","3","1","5","5",NA,"4","5",NA,"1","1","1","2","4","2","4","4","2","4","4","2","5","2","1","1","2","2","4","2","5","5",NA,"4","4","2","2","2","2","2","3","3","5","5",NA,"4","4","5","Married","50","Male","White","United States","United States","United States","English","No","Full-Time"
148,"1","1","2","3","3","2","4","4","2","4","4","2","1","1","1","3","3","4","3","3","2","3","4","5","5","2","3","3","2","3","4","5","5","5",NA,"3","4","4","2","2","2","3","4","3","5","5",NA,"3","4","5","In a relationship","49","Male","White","United States","United States","United States","English","No","Not in paid work (e.g. homemaker', 'retired or disabled)"
232,"2","1","1","2","1","1","4","4","3","2","2","2","2","1","1","2","1","2","3","4","4","3","2","4","5","2","3","3","1","3","4","3","3","2","4","5","2","5","1","1","3","5","4","5","2","3","3","2","2","3","Married","51","Female","Black","United States","United States","United States","English","Yes","Full-Time"
260,"2","2","1","3","4","2","3","3","2","4","4","4","3","3","2","4","4","3","3","3","2","3","3","4","5","2","3","4","2","4","5",NA,"5","5",NA,"4","5",NA,"3","4","3","4","5",NA,"4","5",NA,"4","4","4","In a relationship","18","Male","Asian","United States","United States","United States","English","Yes","Part-Time"
357,"2","2","2","3","3","3","5","5",NA,"4","4","2","2","2","2","3","3","2","5","5",NA,"4","4","2","5","2","2","2","2","3","5",NA,"5","5",NA,"4","5",NA,"3","5",NA,"3","5",NA,"5","5",NA,"4","5",NA,"Married","41","Female","White","United States","United States","United States","English","Yes","Part-Time"
74,"3","3","3","5","5",NA,"3","4","4","3","5",NA,"2","2","3","5","5",NA,"4","4","3","3","4","3","5","2","5","5",NA,"5","5",NA,"5","5",NA,"5","5",NA,"5","5",NA,"5","5",NA,"5","5",NA,"3","3","3","Married","47","Female","White","United States","United States","United States","English","No","Unemployed (and job seeking)"
207,"3","3","1","3","4","2","3","2","3","3","3","3","3","3","2","4","5",NA,"4","4","3","4","5",NA,"5","2","5","5",NA,"5","5",NA,"5","5",NA,"5","5",NA,"3","4","2","4","5",NA,"4","5",NA,"3","5",NA,"Married","45","Female","White","United States","United States","United States","English","No","Part-Time"
95,"1","1","1","4","5",NA,"5","5",NA,"5","5",NA,"1","1","1","3","5",NA,"4","4","1","5","5",NA,"5","2","2","1","2","5","5",NA,"3","3","2","5","5",NA,"2","2","2","5","5",NA,"5","5",NA,"5","5",NA,"In a civil partnership/civil union or similar","57","Male","White","United States","United States","United States","English","No","Full-Time"
60,"4","3","3","2","2",NA,"3","3","2","2","2","3","3","2","2","3","2","3","2","3","2","2","3","2","5","2","3","2","3",NA,"1","2","3","3","3","3","2","2","2","2","3","2","2","2","3","2","3","3","2","4","Married","41","Male","White","Lithuania","United States","United States","English","DATA_EXPIRED","Part-Time"
262,"1","2","1","2","3","1","3","3","2","4","4","3","2","2","2","3","3","2","4","4","2","5","5",NA,"5","2","3","2","2","2","3","3","4","4","3","4","4","5","3","2","3","3","3","3","4","5",NA,"4","4","4","Married","45","Female","White","United States","United States","United States","English","No","Not in paid work (e.g. homemaker', 'retired or disabled)"
100,"1","1","1","1","1","1","1","1","1","2","2","2","2","2","2","1","1","1","4","4","4","4","4","2","4","2","1","1","1","1","1","1","1","1","1","1","1","1","4","4","4","4","4","4","4","4","4","4","4","4","In a relationship","26","Male","Asian","Panama","United States","United States","English","No","Full-Time"
383,"2","3","2","3","3","2","4","4","3","4","4","3","2","2","2","2","3","2","5","5",NA,"4","4","3","5","2","2","3","2","3","3","2","5","5",NA,"4","5",NA,"4","4","3","4","4","3","4","5",NA,"4","4","4","Married","68","Female","White","United States","United States","United States","English","No","Full-Time"
258,"1","1","1","3","3","2","4","4","4","4","4","5","2","2","1","3","3","2","4","4","4","4","3","4","5","2","3","2","2","3","3","2","5","5",NA,"4","5",NA,"3","3","2","3","3","3","4","5",NA,"4","4","5","In a relationship","25","Female","Mixed","United States","United States","United States","English","No","Full-Time"
151,"3","2","1","2","3","2","3","3","4","3","4","4","2","2","1","3","3","1","4","4","2","3","4","3","5","2","2","2","3","3","4","3","3","4","4","4","4","4","2","3","2","4","4","3","4","4","5","4","4","4","Married","47","Female","White","United States","United States","United States","English","No","Not in paid work (e.g. homemaker', 'retired or disabled)"
378,"2","2","2","2","2","1","3","3","1","3","3","4","1","1","2","3","3","2","4","4","2","4","5",NA,"5","2","1","2","2","3","3","2","4","4","2","4","4","2","2","2","3","4","4","3","4","4","3","4","4","4","Married","58","Male","DATA_EXPIRED","United States","United States","United States","English","No","Part-Time"
92,"1","1","1","1","3","2","4","3","3","4","4","4","1","1","1","2","3","2","5","5",NA,"4","4","5","5","2","1","1","1","2","3","2","4","4","4","4","5",NA,"2","2","3","4","3","4","5","5",NA,"4","4","5","In a relationship","23","Male","Mixed","United States","United States","United States","English","Yes","Unemployed (and job seeking)"
157,"1","1","1","3","3","2","4","4","4","3","3","4","1","2","1","3","4","2","4","5",NA,"3","4","4","5","2","1","2","1","3","3","2","5","5",NA,"4","5",NA,"2","2","2","3","3","3","5","5",NA,"5","5",NA,"In a relationship","29","Female","Asian","United States","United States","United States","English","Yes","Full-Time"
352,"1","1","1","1","1","1","3","3","4","3","3","5","1","1","1","2","2","1","3","3","4","4","4","4","5","2","3","3","2","2","2","2","5","5",NA,"3","3","5","3","3","2","4","4","2","5","5",NA,"2","2","5","In a relationship","28","Male","White","Russian Federation","United States","United States","English","No","Full-Time"
168,"3","3","2","3","4","3","4","3","3","3","4","4","3","3","2","3","4","3","4","4","3","4","4","4","5","2","4","3","3","3","4","3","4","4","3","3","4","4","3","3","4","3","4","3","4","4","3","3","4","5","In a relationship","40","Male","Black","United States","United States","United States","English","No","Part-Time"
1,"1","1","1","3","3","2","4","4","2","5","4","4","3","3","2","3","4","2","4","4","2","4","4","3","5","2","3","3","2","3","4","3","4","4","2","4","4","4","5","5",NA,"4","5",NA,"5","5",NA,"4","4","3","In a relationship","28","Male","Asian","United States","United States","United States","English","No","Full-Time"
52,"1","2","1","4","4","2","5","5",NA,"4","5",NA,"1","2","2","4","4","3","4","5",NA,"5","5",NA,"5","2","2","3","2","3","4","3","4","4","2","4","5",NA,"4","2","2","3","5",NA,"5","5",NA,"4","4","4","Married","40","Male","Mixed","United States","United States","United States","English","No","Part-Time"
20,"1","1","1","2","4","2","4","5",NA,"4","4","5","2","3","2","2","3","3","5","5",NA,"4","5",NA,"5","2","1","2","2","2","4","2","5","5",NA,"3","4","4","4","4","4","5","5",NA,"5","5",NA,"4","4","4","In a relationship","25","Male","Asian","United States","United States","United States","English","No","Full-Time"
217,"1","1","1","2","3","3","3","4","3","2","4","3","3","3","3","3","2","3","3","3","3","2","3","3","5","3","3","2","3","2","3","2","3","2","2","3","2","3","2","3","2","2","3","3","2","3","3","3","2","3","Married","47","Male","Asian","United States","United States","United States","English","No","DATA_EXPIRED"
86,"1","1","1","3","4","1","3","2","1","3","4","1","1","2","1","3","3","1","4","3","2","4","4","1","5","2","1","2","3","3","4","3","5","5",NA,"3","4","5","3","5",NA,"4","5",NA,"4","4","4","4","3","5","Engaged","27","Male","White","United States","United States","United States","English","Yes","Not in paid work (e.g. homemaker', 'retired or disabled)"
247,"1","2","1","2","2","1","4","4","3","4","4","2","2","3","2","2","2","2","5","5",NA,"4","4","5","5","2","3","2","3","2","3","4","5","4","4","4","4","5","4","4","4","1","2","4","5","5",NA,"3","4","4","Married","21","Female","Mixed","United States","United States","United States","English","No","Not in paid work (e.g. homemaker', 'retired or disabled)"
50,"1","3","1","4","5",NA,"3","3","3","3","4","4","1","3","2","4","5",NA,"3","4","2","4","4","3","5","2","3","3","2","4","5",NA,"4","4","3","3","4","4","3","4","3","4","5",NA,"4","4","4","4","4","4","Married","72","Male","White","United States","United States","United States","English","No","Other"
221,"1","1","1","2","2","1","4","4","2","4","4","2","1","1","1","2","2","2","5","5",NA,"5","5",NA,"5","2","2","3","2","3","3","2","5","5",NA,"4","5",NA,"4","4","2","3","3","3","5","5",NA,"4","5",NA,"Married","55","Female","Mixed","United States","United States","United States","English","No","Full-Time"
121,"1","2","2","2","3","2","2","2","4","3","3","5","2","2","1","3","3","2","3","3","3","3","4","5","5","2","2","3","2","3","4","3","5","5",NA,"4","5",NA,"3","4","3","3","4","4","5","5",NA,"3","5",NA,"In a relationship","20","Female","Mixed","United States","United States","United States","English","Yes","Other"
270,"1","1","1","2","4","3","3","4","3","3","3","5","1","2","2","2","2","2","4","4","3","4","4","5","5","2","1","1","1","2","3","2","5","5",NA,"5","5",NA,"3","2","2","3","5",NA,"5","5",NA,"4","4","5","Engaged","30","Male","White","United States","United States","United States","English","No","Full-Time"
387,"2","3","2","3","4","3","4","4","4","4","4","4","3","4","3","3","4","3","4","4","4","3","3","4","5","2","3","4","3","3","4","3","4","4","4","3","4","4","5","5",NA,"5","5",NA,"5","5",NA,"5","5",NA,"In a relationship","40","Male","White","United States","United States","United States","English","No","Part-Time"
163,"3","3","2","3","3","2","4","4","3","4","5",NA,"2","3","2","3","3","2","4","4","3","4","5",NA,"5","2","2","3","2","3","4","3","4","4","3","4","5",NA,"3","3","2","5","5",NA,"4","5",NA,"4","5",NA,"Married","40","Female","White","United States","United States","United States","English","No","DATA_EXPIRED"
184,"2","3","2","4","4","3","2","3","4","3","4","5","3","3","3","3","4","2","3","4","3","4","4","4","5","2","3","4","4","5","5",NA,"4","4","4","4","5",NA,"3","3","4","5","5",NA,"4","5",NA,"4","5",NA,"Married","33","Female","White","United States","United States","United States","English","No","Not in paid work (e.g. homemaker', 'retired or disabled)"
192,"1","1","1","2","3","2","5","5",NA,"3","3","3","2","2","2","2","2","2","5","5",NA,"3","3","3","5","2","1","2","2","3","3","3","5","5",NA,"3","4","4","3","3","2","3","5",NA,"5","5",NA,"4","4","5","In a relationship","45","Male","White","United States","United States","United States","English","No","Full-Time"
302,"1","1","1","2","2","1","4","4","1","5","5",NA,"1","1","1","2","2","1","4","5",NA,"5","5",NA,"5","2","1","1","1","2","2","1","4","4","1","5","5",NA,"2","2","3","3","3","3","4","4","3","4","4","3","Married","62","Male","White","United States","United States","United States","English","No","Full-Time"
339,"2","3","1","3","4","2","4","4","2","4","4","4","3","3","2","3","4","2","4","4","3","4","4","4","5","2","3","3","3","3","4","3","5","5",NA,"5","5",NA,"3","3","3","4","4","3","4","5",NA,"4","4","3","In a relationship","42","Female","White","United States","United States","United States","English","No","Full-Time"
159,"1","1","1","2","2","1","3","3","1","3","3","2","1","1","1","1","1","1","4","4","2","4","4","1","5","2","5","5",NA,"5","5",NA,"5","5",NA,"5","5",NA,"1","1","3","3","3","3","3","3","3","3","4","3","In a relationship","22","Female","Mixed","United States","United States","United States","English","No","Unemployed (and job seeking)"
122,"1","3","2","3","4","3","3","3","2","3","3","3","2","2","2","3","4","3","5","5",NA,"4","4","3","5","2","3","3","2","4","3","3","4","5",NA,"3","3","3","3","3","3","5","4","3","5","5",NA,"3","3","3","In a relationship","51","Male","White","United States","United States","United States","English","No","Unemployed (and job seeking)"
83,"1","1","1","3","3","3","4","5",NA,"3","2","4","1","2","2","3","3","2","3","5",NA,"2","4","3","5","2","1","2","2","2","4","3","5","5",NA,"4","5",NA,"3","3","3","1","5",NA,"5","5",NA,"1","4","4","Married","27","Female","White","United States","United States","United States","English","No","Other"
312,"1","3","2","3","4","3","3","3","3","4","4","5","3","3","3","3","4","3","4","5",NA,"4","3","3","5","2","2","3","2","3","4","3","3","3","2","3","3","4","3","4","2","3","4","2","3","4","2","4","4","4","Married","40","Male","White","United States","United States","United States","English","No","Unemployed (and job seeking)"
186,"1","1","1","3","3","1","4","4","1","5","5",NA,"1","1","2","3","4","2","3","3","2","5","5",NA,"5","2","2","2","2","3","4","3","4","3","3","3","5",NA,"3","4","4","3","5",NA,"3","4","4","3","3","4","Engaged","39","Female","Black","United States","United States","United States","English","No","Full-Time"
35,"2","1","1","3","3","1","5","5",NA,"3","3","4","2","2","2","2","2","2","5","5",NA,"3","4","4","5","2","3","3","3","3","3","3","5","5",NA,"4","5",NA,"3","3","3","3","4","3","5","5",NA,"4","5",NA,"In a relationship","23","Female","Black","United States","United States","United States","English","No","Unemployed (and job seeking)"
338,"1","1","1","3","4","2","3","3","4","4","5",NA,"1","1","1","3","3","2","3","4","3","4","5",NA,"5","2","2","2","2","4","5",NA,"5","5",NA,"3","5",NA,"3","3","3","5","5",NA,"5","5",NA,"3","5",NA,"In a relationship","22","Female","Asian","United States","United States","United States","English","Yes","DATA_EXPIRED"
21,"1","2","1","2","3","1","5","5",NA,"5","5",NA,"2","3","2","3","3","2","5","5",NA,"4","4","3","5","2","2","2","2","3","3","3","5","5",NA,"5","5",NA,"5","5",NA,"5","5",NA,"5","5",NA,"5","5",NA,"In a relationship","27","Female","Mixed","Singapore","United States","United States","English","No","DATA_EXPIRED"
263,"3","3","2","3","3","2","4","4","3","3","4","5","1","1","1","2","3","2","4","4","3","4","4","4","5","2","2","3","2","2","4","2","5","5",NA,"4","5",NA,"3","4","2","5","5",NA,"5","5",NA,"3","4","4","Married","33","Female","White","United States","United States","United States","English","Yes","Full-Time"
308,"2","4","1","2","3","2","2","1","3","3","3","1","2","3","1","2","1","3","2","1","2","2","2","2","5","2","2","1","2","2","3","2","1","3","2","2","2","2","2","2","1","1","2","2","2","1","2","3","1","3","Married","36","Female","White","United States","United States","United States","English","No","DATA_EXPIRED"
110,"1","1","2","1","1","1","4","4","3","2","2","2","2","3","2","2","2","2","4","4","2","3","3","2","5","2","2","2","2","1","2","2","3","3","3","2","4","3","2","2","2","2","2","3","4","4","4","3","4","3","In a relationship","26","Female","Black","Nigeria","United States","United States","English","Yes","Full-Time"
333,"1","1","1","1","2","1","2","2","2","3","3","4","1","2","2","3","3","2","3","2","2","2","3","4","5","2","2","2","3","3","4","3","5","5",NA,"4","5",NA,"2","2","3","3","3","3","4","4","3","3","3","3","In a relationship","28","Male","White","United States","United States","United States","English","Yes","Part-Time"
127,"2","3","2","4","4","2","1","1","2","1","1","5","3","4","2","3","4","2","4","5",NA,"3","5",NA,"5","2","1","4","1","5","4","2","5","5",NA,"5","5",NA,"4","5",NA,"5","5",NA,"5","5",NA,"4","4","4","Married","48","Female","White","United States","United States","United States","English","No","Not in paid work (e.g. homemaker', 'retired or disabled)"
279,"1","1","1","3","5",NA,"5","5",NA,"4","4","4","2","1","1","5","5",NA,"5","5",NA,"4","4","3","5","2","2","2","3","5","5",NA,"5","5",NA,"4","5",NA,"3","3","3","5","5",NA,"5","5",NA,"5","5",NA,"Married","25","Male","White","United States","United States","United States","English","No","Other"
174,"2","2","2","2","2","2","4","3","3","4","5",NA,"1","1","1","2","2","2","5","5",NA,"5","5",NA,"5","2","3","3","3","4","3","3","4","4","3","4","4","4","3","3","3","3","3","3","5","5",NA,"5","5",NA,"Married","31","Male","White","United States","United States","United States","English","Yes","Full-Time"
195,"1","1","1","1","1","1","4","4","2","4","4","2","2","2","1","2","1","2","4","4","2","4","4","3","5","2","4","4","2","3","3","3","4","4","5","3","3","4","4","4","3","2","2","4","5","5",NA,"3","3","5","Engaged","31","Male","White","United States","United States","United States","English","No","Full-Time"
56,"3","3","2","4","3","3","3","3","3","4","4","4","3","4","2","4","3","3","3","2","3","3","3","3","5","2","2","3","4","2","3","3","4","3","3","3","4","2","3","3","3","4","4","3","3","3","3","3","4","2","Married","49","Male","Black","Ghana","United States","United States","English","Yes","Full-Time"
42,"2","1","2","4","4","3","1","3","4","3","3","4","1","3","2","4","2","2","3","5",NA,"4","4","3","5","2","1","3","2","3","4","3","2","2","4","3","4","4","3","2","4","4","5",NA,"3","3","3","2","3","3","Married","36","Male","White","United States","United States","United States","English","No","Full-Time"
201,"3","3","1","3","3","1","3","3","1","3","4","1","3","3","2","3","3","2","3","3","2","3","3","2","5","2","3","3","3","4","4","4","4","4","4","4","4","3","4","4","4","4","4","4","5","5",NA,"4","4","4","Married","42","Male","Asian","United States","United States","United States","English","No","DATA_EXPIRED"
326,"3","2","1","3","3","2","4","4","2","4","4","3","2","2","2","3","4","3","4","4","2","4","5",NA,"5","2","2","2","3","2","3","3","4","4","3","3","5",NA,"4","4","2","4","4","3","4","3","2","3","4","4","Married","54","Female","White","United States","United States","United States","English","No","Full-Time"
130,"1","2","1","2","2","2","3","4","4","3","3","4","2","2","2","2","2","2","5","5",NA,"4","5",NA,"5","2","1","2","2","2","3","2","3","4","2","4","5",NA,"2","3","2","3","4","3","4","5",NA,"4","4","5","Married","33","Female","White","United States","United States","United States","English","No","Not in paid work (e.g. homemaker', 'retired or disabled)"
145,"1","1","1","1","3","1","3","4","2","4","4","4","1","1","2","1","3","2","4","5",NA,"5","5",NA,"5","2","2","2","1","2","3","2","4","4","3","4","4","4","4","1","2","2","3","3","4","5",NA,"3","4","5","Married","32","Male","Other","United States","United States","United States","English","No","Full-Time"
344,"1","3","1","4","4","3","3","3","3","3","4","5","2","2","2","4","4","3","2","3","2","5","5",NA,"5","2","1","1","2","4","4","3","2","3","3","5","5",NA,"2","2","3","3","5",NA,"3","3","2","5","5",NA,"Married","50","Male","White","United States","United States","United States","English","No","Full-Time"
133,"3","4","1","3","4","2","3","4","1","2","2","4","3","3","2","3","4","2","3","4","4","3","4","4","5","2","4","4","4","4","5",NA,"4","5",NA,"2","5",NA,"3","3","3","3","4","3","3","4","3","3","4","5","Married","53","Female","White","United States","United States","United States","English","No","Part-Time"
347,"4","4","2","3","4","4","3","4","5","1","1","5","4","3","2","2","3","2","5","5",NA,"5","5",NA,"5","2","2","3","2","3","3","2","5","5",NA,"4","5",NA,"2","3","2","4","4","2","4","4","2","5","5",NA,"Married","48","Female","White","United States","United States","United States","English","Yes","Part-Time"
