"PID","X1_RP_Expression","X1_RP_Experience","X1_RP_Connection","X2_RP_Expression","X2_RP_Experience","X2_RP_Connection","X3_RP_Expression","X3_RP_Experience","X3_RP_Connection","X4_RP_Expression","X4_RP_Experience","X4_RP_Connection","X1_CF_Expression","X1_CF_Experience","X1_CF_Connection","X2_CF_Expression","X2_CF_Experience","X2_CF_Connection","X3_CF_Expression","X3_CF_Experience","X3_CF_Connection","X4_CF_Expression","X4_CF_Experience","X4_CF_Connection","X1_CC_Expression","X1_CC_Experience","X1_CC_Connection","X2_CC_Expression","X2_CC_Experience","X2_CC_Connection","X3_CC_Expression","X3_CC_Experience","X3_CC_Connection","X4_CC_Expression","X4_CC_Experience","X4_CC_Connection","X1_ST_Expression","X1_ST_Experience","X1_ST_Connection","X2_ST_Expression","X2_ST_Experience","X2_ST_Connection","X3_ST_Expression","X3_ST_Experience","X3_ST_Connection","X4_ST_Expression","X4_ST_Experience","X4_ST_Connection","Attn_Check_Never","Attn_Check_Much","Age","Age_4_TEXT","Gender","Gender_5_TEXT","Relationship_Status","Income","Education","Race","Race_9_TEXT","Ladder_Community_1_x","Ladder_Community_1_y","Ladder_Community"
149,"1","1","1","3","3","1","2","2","4","4","4","5","2","2","1","3","3","2","3","3","4","4","4","5","3","3","1","2","2","3","3","3","3","3","3","5","3","3","2","2","2","3","4","4","3","3","3","5","5","2","4","39","2",NA,"4","6","6","7",NA,"191","217","Region #4"
292,"1","1","1","3","3","2","1","3","3","3","3","4","2","2","2","3","3","2","4","4","2","5","4",NA,"1","1","2","3","3","2","4","4","2","4","4","5","3","3","3","3","3","3","4","4","3","3","3","3","5","2","4","66","1",NA,"4","6","6","7",NA,"254","90","Region #8"
53,"2","2","2","3","3","2","3","3","4","4","3","4","3","3","2","4","3","2","4","3","3","4","4","4","2","2","2","3","3","2","4","3","3","4","5","5","3","4","2","3","2","3","4","3","3","4","3","4","5","2","4","18","2",NA,"2","7","2","7",NA,"227","86","Region #8"
252,"3","2","1","4","4","2","3","4","4","3","3","5","1","3","2","3","3","2","3","4","2","5","5",NA,"3","3","2","3","3","2","4","3","3","4","4","3","2","2","2","4","3","3","5","5",NA,"5","5",NA,"5","2","4","36","2",NA,"4","7","4","7",NA,"205","164","Region #6"
171,"1","1","1","4","4","1","5","3",NA,"3","3","3","1","1","1","3","2","2","3","3","2","5","5",NA,"3","3","2","3","3","2","5","5",NA,"3","2","5","3","3","2","3","3","3","5","5",NA,"5","5",NA,"5","2","4","49","2",NA,"4","4","4","7",NA,"123","215","Other"
198,"1","2","2","3","2","2","4","4","3","3","3","3","2","2","2","2","2","3","4","4","3","5","4",NA,"3","3","3","4","4","3","5","5",NA,"5","5",NA,"3","3","3","4","4","3","5","5",NA,"5","5",NA,"5","2","4","33","2",NA,"4","7","2","1,7",NA,"148","186","Other"
21,"1","1","1","3","4","2","3","4","3","4","4","4","2","2","1","2","3","2","3","3","2","4","4","4","2","3","1","3","3","2","4","3","3","4","4","5","3","3","2","3","3","2","4","4","3","3","4","5","5","2","4","37","2",NA,"4","6","8","7",NA,"212","109","Other"
2,"3","3","3","4","4","3","2","2","2","5","5",NA,"3","3","2","3","3","2","4","4","3","5","5",NA,"3","3","2","3","3","3","2","2","2","4","4","4","3","3","2","3","3","3","5","5",NA,"4","4","5","5","2","4","32","2",NA,"9","5","4","2",NA,"132","253","Region #3"
3,"1","1","1","2","2","1","4","5","3","5","5",NA,"2","3","2","2","2","2","4","4","3","5","5",NA,"3","3","3","3","3","3","5","5",NA,"5","5",NA,"4","4","2","3","3","2","5","5",NA,"5","5",NA,"5","2","4","60","2",NA,"4","7","5","7",NA,"258","99","Region #8"
332,"1","1","1","2","2","1","5","5",NA,"4","4","3","1","1","1","3","3","3","4","4","3","5","5",NA,"4","4","3","3","3","3","5","5",NA,"5","5",NA,"5","5",NA,"5","5",NA,"5","5",NA,"5","5",NA,"5","2","4","24","2",NA,"2","5","4","7",NA,"152","222","Region #4"
87,"1","1","1","4","4","2","3","3","2","4","4","4","2","2","2","3","3","2","4","4","3","4","4","3","5","5",NA,"5","5",NA,"5","5",NA,"5","5",NA,"4","4","3","5","5",NA,"4","4","3","5","5",NA,"5","2","4","31","2",NA,"2","1","4","7",NA,"154","222","Region #4"
304,"1","1","1","1","1","1","4","4","2","4","4","2","1","1","1","3","2","1","5","5",NA,"4","4","2","2","1","2","3","3","2","4","4","3","4","4","3","3","3","2","3","4","2","4","4","4","4","4","4","5","2","4","50","2",NA,"4","7","5","7",NA,NA,NA,NA
368,"2","2","1","2","3","2","4","4","2","3","3","4","2","2","2","3","3","2","5","5",NA,"4","4","3","2","3","2","4","3","2","4","4","3","5","5",NA,"3","3","3","4","4","3","4","5","3","4","4","3","5","2","4","23","1",NA,"2","5","6","7",NA,"225","149","Region #6"
275,"2","3","2","3","3","2","3","3","3","4","4","3","3","3","2","3","3","2","4","4","3","4","4","4","4","3","2","3","3","2","5","5",NA,"4","4","4","3","4","3","4","3","3","4","4","3","3","4","5","5","2","4","27","2",NA,"3","7","8","7",NA,"159","162","Other"
337,"1","1","1","2","2","2","4","4","4","3","3","2","1","1","1","2","2","2","4","4","4","4","4","4","2","2","2","3","2","3","4","3","3","5","5",NA,"3","3","2","4","5","5","4","4","5","4","4","4","5","2","4","28","1",NA,"2","6","7","7",NA,"269","94","Region #8"
33,"3","3","1","4","4","2","5","5",NA,"5","5",NA,"3","3","1","4","4","2","5","5",NA,"5","5",NA,"3","3","2","4","4","3","5","5",NA,"5","5",NA,"5","5",NA,"4","4","3","5","5",NA,"5","5",NA,"5","2","4","42","2",NA,"2","7","8","2",NA,"226","77","Other"
180,"3","3","2","3","3","2","4","3","2","4","4","2","1","1","1","2","2","1","4","4","1","4","4","1","3","3","2","2","2","2","4","4","2","4","4","2","3","3","2","3","3","2","4","4","4","4","4","3","5","2","4","41","2",NA,"4","7","6","2,7",NA,"146","212","Region #4"
127,"1","1","1","5","4",NA,"5","5",NA,"5","5",NA,"4","4","2","4","5","5","5","5",NA,"5","5",NA,"2","2","2","5","4",NA,"4","5","5","4","5","5","2","2","1","3","3","4","5","5",NA,"5","5",NA,"5","2","4","38","2",NA,"4","7","8","3",NA,NA,NA,NA
203,"2","2","1","4","4","2","4","4","4","4","4","4","2","2","1","3","3","2","5","5",NA,"5","5",NA,"2","2","2","3","3","3","5","5",NA,"5","5",NA,"4","4","3","5","5",NA,"5","5",NA,"5","5",NA,"5","2","4","34","1",NA,"4","7","6","5",NA,"232","124","Region #7"
360,"1","1","1","3","3","3","4","4","4","4","4","4","2","2","2","3","3","3","4","4","4","4","4","4","2","2","2","3","3","3","4","4","4","4","4","4","2","2","3","3","3","3","4","4","4","4","4","4","5","2","4","28","2",NA,"2","4","6","3",NA,"224","157","Region #6"
93,"3","2","2","4","4","2","4","4","2","5","5",NA,"3","2","2","3","3","2","4","4","3","4","4","3","3","2","2","3","3","3","4","4","3","4","4","4","3","3","2","4","4","3","4","4","3","4","4","4","5","2","4","25","1",NA,"2","6","6","7",NA,"218","153","Region #6"
113,"3","3","1","3","3","2","4","4","5","4","4","5","2","3","1","4","4","2","5","5",NA,"4","4","5","3","4","2","3","5","3","5","5",NA,"5","5",NA,"5","5",NA,"5","5",NA,"5","5",NA,"3","3","5","5","2","4","43","2",NA,"3","7","8","4,7",NA,"256","92","Region #8"
91,"1","2","1","5","4",NA,"4","4","2","5","5",NA,"2","2","1","3","3","3","4","4","1","3","3","4","2","2","2","4","4","3","4","4","4","4","4","4","2","2","2","4","4","3","5","5",NA,"5","5",NA,"5","2","4","27","2",NA,"4","5","4","7",NA,"179","221","Region #4"
234,"1","1","1","2","2","1","4","4","2","4","4","2","2","2","1","2","2","1","4","4","3","4","4","2","2","2","1","2","2","1","4","4","3","4","4","4","3","3","3","4","4","3","4","4","4","4","4","4","5","2","4","30","1",NA,"2","6","8","7",NA,"234","125","Region #7"
27,"1","1","1","1","1","2","4","4","4","4","4","4","1","1","2","2","2","2","5","5",NA,"5","5",NA,"1","1","2","2","2","2","4","4","2","5","5",NA,"2","2","3","3","3","3","4","4","3","4","4","4","5","2","4","29","2",NA,"4","6","5","7",NA,"124","228","Other"
333,"3","2","1","4","3","1","3","3","2","4","3","1","3","2","3","3","3","3","5","5",NA,"3","3","2","3","3","3","3","3","3","4","4","2","4","4","2","3","3","3","4","4","4","4","4","2","4","4","5","5","2","4","26","1",NA,"2","6","6","7",NA,NA,NA,NA
351,"1","1","1","2","3","2","3","4","1","4","4","5","2","2","2","3","3","2","3","3","2","4","5","4","3","3","2","3","4","2","5","5",NA,"5","5",NA,"2","3","3","5","4",NA,"4","4","3","4","5","5","5","2","4","32","2",NA,"4","4","2","7",NA,"171","259","Other"
303,"1","2","1","3","3","1","4","4","2","3","3","5","3","2","2","2","2","2","4","4","2","3","4","4","2","2","2","3","2","2","4","4","3","4","4","5","3","2","1","3","3","2","4","4","2","4","4","5","5","2","4","30","2",NA,"4","6","8","7",NA,"217","141","Region #6,Region #7"
109,"1","1","1","3","3","1","2","2","4","4","4","4","1","1","1","3","2","1","3","4","1","3","2","1","2","2","3","4","3","2","4","5","2","5","5",NA,"4","4","3","5","5",NA,"3","3","3","4","3","5","5","2","4","29","3",NA,"2","5","4","3",NA,"159","215","Region #4"
106,"4","4","2","1","1","4","5","5",NA,"3","3","5","2","2","2","3","3","2","5","5",NA,"5","5",NA,"3","3","2","3","3","3","5","5",NA,"5","5",NA,"4","4","2","4","4","3","5","5",NA,"5","5",NA,"5","2","4","45","2",NA,"4","5","2","7",NA,"181","187","Region #5"
25,"2","2","1","3","3","3","4","4","4","3","3","4","3","2","2","3","3","3","4","4","4","4","4","4","2","3","2","3","4","4","5","5",NA,"4","5","4","3","3","2","4","4","4","5","5",NA,"4","4","4","5","2","4","46","2",NA,"4","7","6","3",NA,"227","84","Region #8"
66,"2","4","3","3","3","3","1","3","4","5","3",NA,"3","3","3","4","3","3","1","3","4","5","3",NA,"2","3","2","4","3","2","5","5",NA,"5","5",NA,"5","4",NA,"5","3",NA,"5","5",NA,"5","5",NA,"5","2","4","27","2",NA,"4","4","2","7",NA,"154","187","Region #5"
23,"2","1","1","4","3","1","3","3","1","3","3","4","2","3","1","4","3","2","4","3","2","3","3","5","1","3","3","3","3","2","4","3","3","5","3",NA,"4","5","5","5","5",NA,"5","5",NA,"4","4","5","5","2","4","34","1",NA,"1","5","4","7",NA,"139","236","Region #3"
374,"3","3","1","3","3","1","4","4","4","4","4","4","3","3","2","3","3","2","4","4","4","4","3","4","3","3","1","3","3","2","4","4","3","5","5",NA,"4","4","2","3","3","2","5","4",NA,"4","4","5","5","2","4","58","1",NA,"4","6","8","7",NA,"201","158","Region #6"
207,"1","1","1","1","1","1","4","4","1","4","3","1","1","1","1","2","1","1","4","4","1","4","4","1","2","2","1","3","2","2","4","4","2","4","4","2","3","3","2","3","3","2","5","5",NA,"4","4","3","5","2","4","30","2",NA,"2","5","4","7",NA,"178","156","Region #6"
290,"1","2","1","3","3","2","3","3","2","4","4","3","2","2","2","3","3","3","5","5",NA,"5","5",NA,"3","3","2","3","3","3","5","5",NA,"5","5",NA,"2","4","2","3","3","3","5","5",NA,"4","4","4","5","2","4","47","1",NA,"4","7","8","7",NA,"197","125","Other"
182,"1","1","3","3","3","2","4","4","2","3","3","3","2","2","3","3","3","3","5","5",NA,"4","4","4","2","3","3","3","3","3","5","5",NA,"5","4",NA,"3","3","4","4","4","4","5","5",NA,"4","4","4","5","2","4","27","1",NA,"2","4","8","9","Mixed","109","248","Region #3"
158,"2","2","1","2","2","2","4","4","3","4","4","4","3","2","1","3","3","1","4","4","2","4","4","5","2","2","1","3","3","2","5","4",NA,"5","4",NA,"4","4","2","3","3","5","5","5",NA,"5","4",NA,"5","2","4","31","2",NA,"4","7","6","7",NA,"209","162","Region #6"
45,"1","1","1","3","3","1","4","4","2","4","4","4","2","2","2","3","3","2","4","4","2","5","5",NA,"1","2","2","3","3","2","4","4","2","5","5",NA,"4","4","3","3","3","3","5","5",NA,"4","4","5","5","2","4","32","2",NA,"2","7","4","7",NA,"149","207","Region #4"
396,"3","3","1","4","3","2","3","4","2","4","4","5","2","2","2","3","3","3","3","3","2","5","4",NA,"1","2","2","3","2","3","3","3","3","5","4",NA,"4","4","3","3","3","3","5","5",NA,"4","4","5","5","2","4","56","2",NA,"4","7","6","7",NA,"213","145","Region #6"
307,"2","2","1","3","3","1","4","4","2","3","3","2","3","3","2","3","3","2","5","5",NA,"5","4",NA,"3","3","2","3","3","3","5","5",NA,"4","4","5","3","4","2","3","3","4","5","5",NA,"4","4","5","5","2","4","23","1",NA,"2","1","5","7",NA,"126","254","Region #3"
174,"1","1","1","1","1","1","4","4","1","4","4","1","2","1","1","3","3","1","4","4","1","3","3","1","2","3","5","3","2","5","3","2","5","4","3","5","3","3","3","3","3","3","3","3","3","3","3","3","5","2","4","38","3",NA,"2","4","7","4,5,7",NA,"165","271","Other"
108,"1","1","1","3","3","3","4","4","3","4","3","3","2","2","2","4","4","4","4","4","4","4","4","2","2","2","2","4","4","3","4","5","3","5","5",NA,"2","4","2","4","4","3","4","4","4","5","4",NA,"5","2","4","27","2",NA,"2","2","6","4",NA,NA,NA,NA
208,"1","2","1","3","3","1","4","4","3","4","4","3","1","1","1","3","2","1","4","4","4","4","4","4","3","2","2","4","3","4","4","4","4","4","4","4","3","3","3","3","3","4","5","5",NA,"4","4","4","5","2","4","53","2",NA,"4","7","6","7",NA,"252","93","Region #8"
291,"1","1","1","3","2","2","5","5",NA,"4","4","2","1","1","1","2","1","3","5","5",NA,"4","4","2","3","2","2","2","1","3","5","5",NA,"5","5",NA,"3","3","3","2","2","4","5","5",NA,"4","4","4","5","2","4","31","1",NA,"2","6","8","7",NA,"171","147","Other"
99,"1","1","1","1","1","1","4","4","2","4","4","4","1","1","1","1","1","1","5","5",NA,"5","5",NA,"1","1","1","2","2","1","4","5","3","5","5",NA,"2","2","2","3","3","3","5","5",NA,"5","5",NA,"5","2","4","45","2",NA,"4","7","7","7",NA,"217","117","Region #7"
148,"1","1","1","2","2","1","1","1","2","1","1","5","2","2","2","3","3","3","2","2","2","2","3","4","2","3","2","1","1","3","3","4","4","3","3","5","3","4","2","2","2","3","3","3","2","5","4",NA,"5","2","4","23","1",NA,"2","5","2","7",NA,"136","275","Other"
223,"1","1","1","2","2","1","4","4","2","4","4","1","2","2","1","2","2","2","4","4","3","4","4","2","1","1","2","2","2","2","3","4","3","4","4","2","3","3","2","3","3","2","4","4","3","5","5",NA,"5","2","4","36","1",NA,"4","4","2","7",NA,"166","171","Region #5"
365,"3","2","1","3","4","2","3","3","3","4","4","4","1","1","1","2","2","1","3","3","2","5","5",NA,"1","1","2","3","3","2","4","3","2","5","5",NA,"2","2","3","3","3","3","4","5","4","4","5","5","5","2","4","33","2",NA,"2","2","6","2,3",NA,"158","188","Region #5"
279,"4","4","4","3","3","4","5","5",NA,"3","4","4","4","3","2","4","3","2","4","4","2","5","4",NA,"4","4","2","4","4","3","4","4","2","3","5","4","4","4","3","5","3",NA,"5","4",NA,"4","4","5","5","2","4","67","2",NA,"4","5","5","7",NA,"165","214","Region #4"
251,"1","1","1","2","1","2","3","3","2","3","5","4","1","1","2","3","3","2","5","5",NA,"5","5",NA,"2","2","2","3","3","2","4","5","3","5","5",NA,"2","2","3","3","4","4","4","3","5","4","4","5","5","2","4","27","1",NA,"4","3","4","4",NA,"153","216","Region #4"
5,"2","2","1","2","2","1","4","4","3","4","4","3","2","2","1","2","2","1","4","4","4","4","4","4","2","2","2","2","2","2","4","4","3","4","4","3","3","3","3","3","3","3","3","3","3","4","4","3","5","2","4","47","1",NA,"4","6","6","4,7",NA,"201","114","Region #7"
397,"4","4","2","3","4","2","5","5",NA,"4","4","3","3","3","2","3","3","2","5","5",NA,"5","5",NA,"4","4","3","4","4","3","5","5",NA,"5","5",NA,"4","4","3","5","5",NA,"5","5",NA,"5","5",NA,"5","2","4","45","1",NA,"4","7","4","7",NA,"259","96","Region #8"
16,"1","1","1","3","2","2","4","4","3","4","4","1","2","2","2","2","2","2","4","4","3","4","4","3","2","2","2","3","3","3","4","4","3","4","4","3","3","3","3","4","4","3","5","5",NA,"4","4","4","5","2","4","50","1",NA,"4","7","8","7",NA,"226","166","Region #6"
278,"3","3","1","4","4","2","4","3","2","3","3","5","2","2","1","2","2","1","3","3","3","4","4","5","2","2","1","3","3","2","4","4","4","4","4","5","2","2","1","3","3","2","4","4","4","4","4","5","5","2","4","26","2",NA,"2","5","8","7",NA,"73","276","Other"
9,"1","1","1","2","2","3","4","5","3","5","5",NA,"1","1","1","2","2","2","4","4","3","4","4","2","1","1","2","2","2","2","4","4","3","5","5",NA,"1","1","3","3","2","3","4","4","3","4","4","4","5","2","4","40","2",NA,"4","7","8","7",NA,"284","75","Region #9"
190,"1","1","1","1","1","1","4","4","2","3","3","2","1","1","1","2","2","2","3","3","2","3","3","2","1","1","2","3","2","3","5","5",NA,"5","5",NA,"3","3","3","3","3","5","5","5",NA,"4","4","5","5","2","4","44","2",NA,"4","7","8","3,4",NA,"225","142","Region #6,Region #7"
226,"1","1","1","1","1","1","4","4","2","4","4","2","1","1","2","2","2","2","4","4","2","4","4","2","2","1","1","2","2","2","4","4","2","4","4","2","4","3","3","4","3","3","4","4","4","4","4","4","5","2","4","32","1",NA,"4","6","8","7",NA,"196","159","Region #6"
268,"1","1","1","3","3","1","3","3","1","4","5","1","1","1","1","3","3","1","4","4","2","4","4","2","1","1","2","3","3","2","4","4","2","3","4","2","3","3","3","4","3","2","4","4","2","4","4","5","5","2","4","37","2",NA,"3","3","2","7",NA,"119","279","Region #2"
142,"2","2","2","3","3","2","4","4","3","4","4","4","2","2","2","3","3","2","4","4","3","4","4","4","3","3","2","3","3","3","4","4","3","4","4","4","3","3","2","3","3","3","4","4","3","4","4","4","5","2","4","28","2",NA,"2","5","5","7",NA,"173","153","Region #6"
258,"1","1","1","2","2","1","4","5","5","4","4","3","2","1","1","3","4","2","5","5",NA,"3","4","2","1","2","2","3","3","2","5","5",NA,"5","5",NA,"1","2","3","3","2","4","5","5",NA,"4","4","5","5","2","4","32","2",NA,"3","5","6","3",NA,"157","255","Region #3"
40,"1","1","1","5","5",NA,"5","5",NA,"5","5",NA,"1","1","2","5","5",NA,"5","5",NA,"5","5",NA,"1","1","3","5","3",NA,"5","5",NA,"5","5",NA,"3","3","3","5","5",NA,"5","5",NA,"5","5",NA,"5","2","4","33","1",NA,"4","7","6","2",NA,"247","110","Other"
155,"1","1","1","2","2","2","4","4","2","3","4","5","2","2","2","2","2","2","5","5",NA,"3","5","3","1","1","1","2","2","2","5","5",NA,"5","5",NA,"3","3","3","5","5",NA,"3","3","3","5","5",NA,"5","2","4","28","2",NA,"4","4","6","7",NA,"241","190","Other"
54,"2","2","1","4","3","1","3","3","1","4","4","3","3","3","1","3","3","2","4","4","3","4","4","3","3","3","2","3","3","2","4","4","3","4","4","3","3","3","2","4","4","3","3","4","2","4","4","3","5","2","4","34","2",NA,"2","6","5","7",NA,"160","217","Region #4"
330,"1","1","1","2","2","1","4","4","2","3","3","4","2","1","1","3","3","1","4","4","1","4","4","2","3","3","2","4","3","2","5","5",NA,"5","5",NA,"3","3","2","4","4","1","5","5",NA,"4","4","2","5","2","4","32","2",NA,"4","7","4","7",NA,"243","122","Region #7"
311,"2","2","2","2","3","2","5","4",NA,"3","4","2","2","2","2","2","2","2","5","5",NA,"5","5",NA,"2","3","3","4","2","3","5","5",NA,"4","5","2","5","5",NA,"3","3","3","5","5",NA,"5","5",NA,"5","2","4","76","1",NA,"4","6","6","7",NA,"218","149","Region #6"
273,"1","1","1","1","1","1","3","3","2","3","3","2","1","1","2","1","1","1","3","3","2","4","4","2","2","2","2","2","2","2","5","5",NA,"5","5",NA,"2","2","3","3","3","3","5","5",NA,"4","4","4","5","2","4","35","2",NA,"2","4","8","4",NA,"251","116","Region #7"
382,"2","2","2","3","3","3","4","4","3","4","4","3","2","2","2","2","3","4","4","4","4","4","4","5","2","2","2","4","4","4","4","4","4","4","4","4","3","3","2","3","3","5","5","5",NA,"4","4","5","5","2","4","38","2",NA,"4","7","6","7",NA,"190","188","Region #5"
115,"2","2","2","3","3","2","4","4","2","4","4","4","2","2","1","3","3","2","3","5","3","4","4","4","2","2","2","3","3","3","5","5",NA,"5","5",NA,"5","5",NA,"5","5",NA,"5","5",NA,"5","5",NA,"5","2","4","64","2",NA,"4","6","6","7",NA,"256","118","Region #7"
294,"1","1","1","3","3","2","3","3","3","4","4","5","1","1","1","3","3","2","4","4","2","4","4","5","2","2","1","2","2","2","4","4","4","4","4","5","3","3","2","3","3","2","4","4","5","4","4","4","5","2","4","54","2",NA,"4","7","8","7",NA,"246","92","Region #8"
238,"2","2","1","4","3","1","3","4","4","3","2","3","1","1","1","1","1","2","5","5",NA,"4","3","3","1","1","1","2","2","2","5","5",NA,"4","4","3","3","3","2","1","1","3","5","5",NA,"2","1","3","5","2","4","20","2",NA,"2","3","2","4,7",NA,NA,NA,NA
342,"1","1","2","2","2","2","3","4","2","5","5",NA,"2","2","2","4","4","2","5","5",NA,"4","4","2","4","4","3","4","4","2","5","5",NA,"5","5",NA,"2","2","2","2","2","2","5","5",NA,"4","4","4","5","2","4","40","1",NA,"3","5","3","3",NA,"178","154","Region #6"
324,"1","1","1","2","2","2","4","4","3","4","4","3","2","2","1","3","3","2","5","5",NA,"4","4","3","3","3","3","3","3","3","5","5",NA,"5","5",NA,"3","3","3","2","2","3","4","4","3","4","4","3","5","2","4","54","2",NA,"4","6","2","7",NA,"257","124","Region #7"
227,"1","1","1","2","2","1","4","4","2","3","3","2","1","1","1","2","2","2","3","3","3","3","3","2","2","2","1","2","3","2","2","3","2","4","4","2","3","3","2","4","4","2","4","5","3","4","4","4","5","2","4","56","2",NA,"1","4","2","3",NA,NA,NA,NA
163,"1","1","1","1","1","1","3","4","2","3","3","4","1","2","2","2","2","2","4","4","2","4","4","4","2","2","2","3","3","2","4","4","2","4","4","4","2","2","2","3","3","2","4","4","3","4","4","5","5","2","4","31","1",NA,"4","6","6","7",NA,NA,NA,NA
89,"2","3","1","1","2","4","4","4","3","5","5",NA,"3","3","2","2","2","3","5","4",NA,"5","4",NA,"4","4","2","3","2","5","5","5",NA,"5","5",NA,"5","4",NA,"3","3","4","5","5",NA,"5","5",NA,"5","2","4","22","2",NA,"2","7","5","7",NA,"209","157","Region #6"
38,"1","1","1","3","3","1","3","4","3","3","3","2","2","1","1","3","4","1","5","5",NA,"5","5",NA,"4","1","1","3","3","2","5","5",NA,"5","5",NA,"4","3","3","5","5",NA,"5","5",NA,"5","5",NA,"5","2","4","23","1",NA,"2","5","6","4",NA,"165","186","Region #5"
270,"2","2","1","3","3","2","5","5",NA,"4","4","4","3","2","1","2","2","2","5","5",NA,"4","4","4","3","3","1","3","3","2","5","5",NA,"5","5",NA,"3","3","2","4","4","2","5","5",NA,"4","4","4","5","2","4","30","1",NA,"2","1","6","7",NA,NA,NA,NA
183,"4","3","1","4","4","2","4","3","2","3","3","2","2","2","1","4","3","2","3","4","2","4","4","2","4","4","1","3","2","2","4","4","2","4","5","2","3","3","2","3","3","2","4","4","4","3","4","4","5","2","4","52","2",NA,"2","6","3","7",NA,"212","157","Region #6"
187,"2","2","2","3","3","2","5","5",NA,"4","4","5","4","4","2","4","3","2","4","4","4","5","5",NA,"3","3","2","4","4","2","5","5",NA,"5","5",NA,"4","4","3","5","5",NA,"5","5",NA,"5","5",NA,"5","2","4","51","2",NA,"4","6","6","7",NA,"192","157","Region #6"
213,"2","2","1","2","2","2","4","4","2","3","3","4","1","1","1","2","2","2","4","4","4","5","5",NA,"2","3","2","1","2","2","5","5",NA,"5","5",NA,"2","2","2","2","2","2","5","5",NA,"5","5",NA,"5","2","4","54","1",NA,"4","6","6","3",NA,"192","119","Other"
212,"1","1","2","1","1","1","4","4","2","4","3","3","2","2","1","2","2","1","4","4","1","5","5",NA,"4","3","2","3","3","3","5","5",NA,"4","3","5","3","3","3","3","3","3","5","5",NA,"5","5",NA,"5","2","4","37","3",NA,"4","7","8","7",NA,"197","156","Region #6"
285,"2","2","2","4","4","3","3","3","4","5","4",NA,"2","2","2","2",NA,"2","3","3","2","4","4","5","3","3","2","3","3","2","5","5",NA,"5","5",NA,"3","3","1","3","2","2","4","4","3","4","4","5","5","2","4","41","2",NA,"2","5","8","7",NA,"146","181","Other"
143,"1","1","1","1","2","1","4","4","3","4","4","4","1","1","1","3","3","1","4","4","3","4","4","4","1","2","1","3","3","1","4","4","2","5","5",NA,"2","3","2","3","3","3","4","4","4","4","5","5","5","2","4","37","2",NA,"4","7","4","7",NA,"231","124","Region #7"
42,"3","2","2","3","3","3","4","3","4","4","3","5","3","3","2","3","3","2","4","4","3","5","5",NA,"2","2","2","3","3","3","5","5",NA,"5","4",NA,"4","4","3","4","3","3","4","3","3","4","4","4","5","2","4","37","2",NA,"4","5","5","7",NA,"211","159","Region #6"
202,"1","1","1","3","3","2","3","3","2","4","4","2","3","3","2","3","3","3","3","4","3","4","4","4","3","3","3","3","3","3","4","4","4","4","4","4","4","4","5","4","4","5","4","4","5","4","4","5","5","2","4","42","1",NA,"3","7","8","7",NA,"205","158","Region #6"
341,"1","1","1","2","3","1","4","4","2","4","4","3","1","1","1","3","3","1","5","5",NA,"5","5",NA,"1","1","1","3","3","2","5","5",NA,"5","5",NA,"3","3","3","4","4","3","5","5",NA,"4","4","3","5","2","4","27","3",NA,"3","5","8","7",NA,"121","214","Other"
265,"2","2","1","3","3","2","4","4","3","4","4","4","3","3","2","3","3","2","4","4","2","4","4","4","3","3","2","3","3","2","4","4","3","5","4",NA,"3","3","3","3","3","3","5","4",NA,"4","4","4","5","2","4","29","2",NA,"2","7","6","7",NA,"239","89","Region #8"
12,"1","1","1","3","3","2","4","4","2","5","5",NA,"2","1","2","3","3","2","4","4","3","5","4",NA,"4","3","3","4","4","5","5","5",NA,"4","3","5","4","4","2","3","3","3","3","4","4","2","2","5","5","2","4","31","2",NA,"2","3","4","7",NA,"174","150","Region #6"
151,"3","3","2","4","4","3","3","3","3","4","4","4","3","3","2","3","3","3","4","4","3","4","4","4","3","3","2","3","3","3","4","4","3","5","4",NA,"4","4","2","5","3",NA,"4","4","3","4","4","5","5","2","4","46","2",NA,"4","5","4","7",NA,"149","256","Region #3"
352,"1","1","1","1","1","3","5","5",NA,"4","4","5","1","1","1","1","1","1","5","5",NA,"5","5",NA,"1","1","3","5","5",NA,"5","5",NA,"5","5",NA,"3","1","3","5","5",NA,"5","5",NA,"5","5",NA,"5","2","4","31","2",NA,"4","2","5","3",NA,"171","191","Region #5"
46,"1","1","1","3","3","2","4","4","2","3","3","4","3","3","3","3","3","2","4","4","3","4","4","4","2","2","3","3","3","3","4","4","4","4","4","4","3","3","2","4","3","3","4","4","3","4","4","5","5","2","4","29","1",NA,"4","5","6","7",NA,"124","220","Other"
235,"2","2","1","2","2","1","4","4","3","4","4","3","3","2","1","3","3","2","4","4","3","4","3","3","5","5",NA,"5","5",NA,"5","5",NA,"5","5",NA,"3","3","2","3","3","4","4","4","5","4","4","5","5","2","4","25","2",NA,"2","8","2","7",NA,NA,NA,NA
44,"2","2","1","3","3","2","4","4","3","4","4","4","2","3","1","3","4","3","5","5",NA,"5","5",NA,"2","2","1","3","3","3","4","5","4","4","4","5","4","4","3","5","5",NA,"5","5",NA,"4","4","5","5","2","4","33","1",NA,"4","5","6","7",NA,"203","156","Region #6"
47,"1","1","1","2","2","2","3","3","2","4","4","5","2","2","1","3","3","2","4","4","3","5","5",NA,"3","3","3","2","2","4","5","5",NA,"5","5",NA,"4","4","3","2","2","5","5","5",NA,"4","4","5","5","2","4","3","1",NA,"4","7","6","2",NA,"180","187","Region #5"
164,"1","1","1","3","3","1","4","4","1","3","3","5","1","1","1","2","3","2","4","5","2","4","4","4","2","2","1","3","3","2","4","4","2","5","5",NA,"2","2","2","3","3","3","4","4","2","5","5",NA,"5","2","4","28","1",NA,"4","4","2","7",NA,NA,NA,NA
224,"3","2","1","3","4","2","4","4","2","3","3","2","2","2","1","4","4","2","4","4","4","4","4","2","1","2","2","2","1","3","5","5",NA,"5","4",NA,"3","4","2","4","4","3","5","5",NA,"3","4","4","5","2","4","34","2",NA,"2","6","6","7",NA,"206","155","Region #6"
10,"1","1","1","2","2","1","4","4","1","4","4","1","2","1","1","2","2","1","5","5",NA,"5","5",NA,"1","1","1","2","2","1","5","5",NA,"5","5",NA,"3","3","3","3","3","3","4","4","3","5","5",NA,"5","2","4","41","2",NA,"4","7","6","7",NA,"176","151","Region #6"
230,"1","2","1","2","2","1","4","4","2","4","4","3","2","2","1","2","2","2","5","4",NA,"4","4","2","3","3","2","3","2","3","5","4",NA,"4","4","4","4","4","3","4","3","3","5","4",NA,"4","4","4","5","2","4","33","2",NA,"3","2","4","7",NA,"147","251","Region #3"
119,"2","1","1","1","1","2","4","4","4","5","4",NA,"3","3","3","3","3","3","5","5",NA,"5","5",NA,"2","2","2","3","2","3","5","5",NA,"5","5",NA,"4","4","2","5","5",NA,"5","5",NA,"3","4","5","5",NA,"4","34","2",NA,"2","3","6","7",NA,"126","282","Region #2"
328,"4","4","2","4","4","2","4","4","1","4","3","4","2","3","1","4","3","2","3","5","2","4","4","4","3","4","3","4","3","3","5","5",NA,"3","4","5","3","4","3","4","4","3","5","5",NA,"4","4","5","5","2","4","41","2",NA,"4","5","6","4,7",NA,"189","192","Region #5"
350,"3","2","2","4","4","2","4","4","3","2","2","4","1","1","1","3","3","2","3","5","2","4","4","2","2","3","2","3","3","2","4","4","3","3","3","3","3","3","3","5","4",NA,"2","4","3","4","4","3","5","2","4","46","2",NA,"9","6","8","7",NA,"145","237","Region #3"
402,"1","1","1","2","2","2","4","4","3","3","3","3","2","2","1","2","2","1","5","5",NA,"4","4","4","2","2","2",NA,"3","3","4","4","3","3","3","3","3","3","3","4","4","3","5",NA,NA,"5","5",NA,"5","2","4","46","2",NA,"4","3","8","7",NA,"228","159","Region #6"
102,"4","3","2","3","3","2","5","5",NA,"3","3","4","3","3","2","3","3","3","5","4",NA,"3","4","5","3","3","2","2","2","3","5","5",NA,"4","4","4","4","4","3","2","3","4","5","5",NA,"4","4","3","5","2","4","44","1",NA,"2","5","5","5,7",NA,NA,NA,NA
103,"2","3","2","4","3","2","4","3","4","4","4","5","3","3","2","3","3","2","5","4",NA,"4","3","4","4","4","2","4","4","3","5","4",NA,"5","4",NA,"4","4","2","4","4","3","5","5",NA,"3","3","5","5","2","4","37","2",NA,"2","7","8","7",NA,"138","216","Region #4"
369,"3","3","1","3","3","1","4","3","2","3","3","4","2","2","1","3","3","1","4","4","2","4","4","4","3","2","2","2","3","2","5","4",NA,"4","4","4","3","3","2","3","3","4","5","5",NA,"4","4","5","5","2","4","37","1",NA,"4","7","6","7",NA,"264","88","Region #8"
287,"1","1","1","2","2","3","4","4","3","4","4","5","2","2","2","3","4","2","3","4","2","4","5","3","3","4","3","3","3","3","4","4","3","4","4","5","4","4","3","4","4","3","5","5",NA,"4","4","5","5","2","4","48","2",NA,"2","6","6","7",NA,"185","211","Region #4"
364,"3","3","3","3","3","3","4","4","3","3","3","3","3","3","3","3","3","3","3","3","3","3","3","4","3","3","3","3","3","3","3","3","3","3","3","3","5","5",NA,"5","5",NA,"5","5",NA,"5","5",NA,"5","2","4","30","1",NA,"4","6","6","7",NA,"227","155","Region #6"
367,"4","4","2","5","3",NA,"2","2","1","2","1","5","3","4","3","4","4","4","5","5",NA,"4","4","5","2","2","2","3","2","3","5","5",NA,"5","4",NA,"5","5",NA,"3","3","5","5","5",NA,"2","2","5","5","2","4","50","1",NA,"4","7","8","3",NA,"258","122","Region #7"
318,"2","2","2","3","3","1","4","4","2","4","4","4","2","3","2","3","3","2","4","4","2","4","4","3","2","3","2","3","4","3","4","4","3","4","4","3","2","3","3","3","4","2","4","5","2","4","4","5","5","2","4","38","2",NA,"4","7","6","7",NA,"243","116","Region #7"
175,"1","1","1","2","2","2","4","4","1","4","4","2","2","2","2","2","2","2","4","5","2","4","4","2","2","2","2","2","2","2","4","3","2","4","4","2","3","3","2","4","4","3","4","4","3","4","4","4","5","2","4","55","2",NA,"4","4","4","7",NA,"179","201","Region #5"
71,"1","1","1","1","1","1","5","5",NA,"5","5",NA,"1","1","1","1","1","1","5","5",NA,"5","5",NA,"2","1","1","1","1","2","5","5",NA,"5","5",NA,"1","1","1","2","2","2","5","5",NA,"5","5",NA,"5","2","4","23","1",NA,"2","4","5","3",NA,"186","162","Region #6"
233,"1","1","1","3","3","1","5","5",NA,"4","4","4","2","2","2","2","2","1","5","5",NA,"5","5",NA,"3","3","3","4","4","4","5","5",NA,"4","4","5","2","3","3","3","4","3","5","5",NA,"3","3","5","5","2","4","28","2",NA,"4","6","6","7",NA,"182","155","Region #6"
181,"2","2","1","3","4","3","4","4","4","4","4","2","2","2","1","2","3","4","4","4","5","3","3","2","3","3","2","2","3","3","4","4","4","3","3","2","4","4","2","3","3","3","4","4","3","3","3","5","5","2","4","32","1",NA,"2","4","4","4",NA,"108","251","Region #3"
391,"3","3","3","2","2","4","4","4","5","2","3","5","3","3","5","3","3","5","5","5",NA,"5","5",NA,"5","4",NA,"1","1","5","5","5",NA,"5","5",NA,"5","5",NA,"5","5",NA,"5","5",NA,"4","4","5","5","2","4","38","2",NA,"4","4","4","7",NA,"157","220","Region #4"
358,"2","1","1","2","2","4","4","4","3","5","4",NA,"3","2","1","3","3","2","5","5",NA,"5","4",NA,"2","2","1","4","3","3","4","5","2","5","4",NA,"3","3","2","4","3","3","5","5",NA,"4","4","5","5","2","4","23","2",NA,"3","5","6","4,7",NA,"233","128","Region #7"
4,"3","3","2","3","3","3","3","3","4","3","3","4","2","2","2","2","2","3","3","3","2","4","4","3","3","3","3","3","3","3","4","4","3","4","4","3","3","3","3","3","3","3","4","4","3","4","5","4","5","2","4","30","2",NA,"9","3","6","2",NA,"121","209","Other"
36,"1","2","1","3","3","2","4","4","2","5","4",NA,"2","2","1","3","2","2","5","5",NA,"5","4",NA,"2","2","2","3","3","3","5","5",NA,"5","4",NA,"3","3","2","3","3","3","5","5",NA,"4","4","4","5","2","4","40","2",NA,"4","5","6","7",NA,"129","207","Region #4"
165,"4","3","2","3","3","2","4","4","3","4","4","3","3","3","2","3","3","4","4","4","3","4","4","4","3","2","2","3","3","2","4","4","3","4","4","4","4","4","3","5","5",NA,"4","5","5","4","4","5","5","2","4","34","1",NA,"2","4","6","2",NA,"134","221","Region #4"
400,"1","1","1","2","2","2","4","4","5","4","4","5","3","4","2","2","3","2","4","3","4","3","3","4","4","4","3","4","4","3","4","4","4","4","4","4","4","4","2","4","4","3","4","4","4","4","4","4","5","2","4","19","2",NA,"2","1","2","1,3",NA,"111","282","Region #2"
262,"2","2","1","3","3","2","4","4","2","4","4","4","3","3","2","3","3","2","5","5",NA,"5","5",NA,"3","3","2","3","3","3","4","4","4","5","5",NA,"3","3","3","4","4","3","5","5",NA,"5","5",NA,"5","2","4","31","2",NA,"4","7","4","7",NA,"191","191","Region #5"
211,"2","2","1","3","3","2","3","3","2","3","3","4","2","2","2","3","3","2","4","4","3","4","4","4","3","3","2","3","3","2","3","4","2","4","4","4","4","4","2","4","4","2","4","4","2","4","4","5","5","2","4","37","2",NA,"4","6","6","7",NA,"170","190","Region #5"
179,"2","2","2","2","2","2","4","4","3","4","4","4","3","3","2","2","2","2","4","4","4","4","4","4","3","3","2","3","3","2","4","4","4","4","4","4","3","3","2","3","3","2","4","4","4","4","4","4","5","2","4","31","2",NA,"4","6","6","4",NA,"190","196","Region #5"
228,"1","1","1","2","2","1","5","5",NA,"5","4",NA,"1","2","2","3","4","1","5","4",NA,"4","3","2","2","2","1","2","2","1","5","5",NA,"5","4",NA,"3","4","2","3","3","1","5","5",NA,"4","4","5","5","2","4","27","2",NA,"4","6","8","4",NA,"137","245","Region #3"
373,"1","1","1","4","4","1","4","4","2","4","4","3","1","1","1","3","3","1","4","4","4","4","4","4","2","2","2","3","3","1","4","3","2","5","4",NA,"2","2","2","4","3","3","5","5",NA,"4","4","5","5","2","4","32","2",NA,"3","7","8","7",NA,"224","132","Region #7"
62,"2","2","1","2","2","1","3","3","1","3","3","3","2","2","2","2","2","2","3","4","2","3","3","2","3","3","2","3","3","3","5","5",NA,"4","4","4","3","3","2","3","3","3","4","4","3","4","4","2","5","2","4","31","2",NA,"2","7","4","7",NA,"165","220","Region #4"
225,"3","2","1","3","4","1","5","5",NA,"3","3","5","1","1","1","1","2","2","5","5",NA,"4","4","5","1","2","2","2","2","2","5","5",NA,"5","5",NA,"2","2","1","2","1","3","5","5",NA,"5","5",NA,"5","2","4","38","2",NA,"2","4","4","7",NA,"148","177","Other"
189,"1","1","1","2","1","1","4","4","2","4","4","2","2","1","1","3","3","2","5","5",NA,"4","4","4","3","3","2","3","2","2","5","5",NA,"4","4","4","4","3","2","4","3","2","5","5",NA,"4","4","4","5","2","4","55","2",NA,"4","6","2","7",NA,"152","220","Region #4"
84,"4","4","2","3","3","3","4","4","2","3","3","4","3","3","2","4","4","2","2","3","2","4","4","5","5","5",NA,"5","5",NA,"5","5",NA,"5","5",NA,"4","4","2","4","4","3","5","5",NA,"4","4","5","5","2","4","32","2",NA,"2","1","5","2,7",NA,"192","173","Region #5"
69,"1","1","1","4","2","1","4","4","2","3","3","2","2","2","2","2","2","2","4","4","2","3","3","2","3","3","2","3","3","3","4","4","3","4","4","4","3","3","2","3","3","3","4","4","3","5","5",NA,"5","2","4","22","1",NA,"2","1","6","5,7",NA,"230","129","Region #7"
316,"1","1","1","3","3","1","4","4","1","5","5",NA,"3","3","1","3","3","1","3","4","2","5","4",NA,"3","4","2","3","3","2","4","5","4","4","4","5","4","4","2","4","4","5","5","5",NA,"5","5",NA,"5","2","4","26","2",NA,"2","6","2","7",NA,"102","251","Other"
6,"3","3","2","1","1","2","4","4","3","4","4","3","2","2","2","3","3","2","5","5",NA,"4","4","3","3","3","4","3","3","4","3","3","4","3","3","4","5","5",NA,"5","5",NA,"5","5",NA,"5","5",NA,"5","2","4","23","1",NA,"2","7","6","7",NA,"193","162","Region #6"
195,"1","1","1","3","3","2","4","4","2","5","5",NA,"3","3","2","2","3","2","4","4","3","4","4","4","2","2","1","3","3","2","5","5",NA,"5","5",NA,"2","3","2","3","3","3","4","4","3","4","4","4","5","2","4","34","2",NA,"2","5","4","7",NA,"160","185","Region #5"
124,"2","2","2","3","3","2","3","3","2","3","3","2","3","3","2","3","3","2","4","4","2","4","4","2","3","3","2","3","3","2","4","4","3","4","4","3","3","3","3","3","3","3","4","4","3","4","4","3","5","2","4","36","1",NA,"4","6","6","7",NA,"259","98","Region #8"
112,"1","1","1","4","3","1","3","3","4","5","5",NA,"2","2","2","3","3","1","3","3","4","4","4","5","3","3","2","3","3","2","4","4","3","5","5",NA,"3","3","2","3","3","2","4","4","3","4","4","5","5","2","4","36","3",NA,"2","4","6","7",NA,"187","156","Region #6"
28,"3","3","2","3","3","1","5","5",NA,"4","4","5","3","3","2","4","4","2","3","5","3","5","5",NA,"3","3","2","4","4","2","5","5",NA,"5","5",NA,"5","5",NA,"5","5",NA,"5","5",NA,"4","4","5","5","2","4","44","2",NA,"9","4","4","7",NA,"191","221","Region #4"
30,"1","1","1","2","2","1","4","4","2","4","4","4","1","1","1","2","2","1","4","4","4","4","4","4","2","2","2","2","2","2","4","4","3","4","4","4","3","3","2","3","3","2","4","4","3","4","4","4","5","2","4","29","2",NA,"3","4","2","7",NA,"213","152","Region #6"
134,"1","1","1","3","3","1","5","5",NA,"5","4",NA,"2","2","1","2","2","1","5","5",NA,"5","4",NA,"3","3","3","3","2","3","5","5",NA,"4","4","4","3","3","4","3","3","4","3","5","4","3","3","5","5","2","4","34","2",NA,"4","6","4","7",NA,"223","124","Region #7"
50,"2","2","1","2","3","2","4","4","3","5","5",NA,"1","1","1","3","3","3","5","5",NA,"4","4","4","2","3","2","3","2","3","5","5",NA,"5","4",NA,"3","2","2","3","4","4","4","4","4","4","4","5","5","2","4","22","2",NA,"2","4","5","7",NA,"168","152","Other"
176,"1","1","1","4","3","2","4","4","4","3","3","4","2","2","1","2","2","2","4","4","3","4","4","4","3","3","3","2","2","3","5","5",NA,"4","4","4","3","3","2","4","4","3","5","5",NA,"4","4","4","5","2","4","34","2",NA,"2","2","2","7",NA,"159","207","Region #4"
133,"1","2","2","2","3","2","3","3","2","3","3","4","1","1","2","2","2","2","3","4","3","5","5",NA,"2","2","2","3","3","2","4","4","3","5","5",NA,"3","3","3","4","4","2","4","4","3","4","4","5","5","2","4","44","2",NA,"4","7","8","7",NA,"233","82","Region #8"
389,"3","4","2","3","3","3","5","5",NA,"4","4","5","3","3","2","1","2","4","5","5",NA,"5","5",NA,"4","4","3","3","3","3","5","5",NA,"5","5",NA,"3","4","2","2","3","3","4","5","3","4","4","5","5","2","4","49","2",NA,"4","6","4","7",NA,"115","253","Region #3"
299,"1","2","1","4","4","1","5","5",NA,"5","5",NA,"1","1","1","3","3","1","4","4","2","4","4","4","2","2","2","3","3","2","4","4","3","4","4","5","4","4","2","4","4","3","4","5","4","4","4","5","5","2","4","34","2",NA,"2","7","6","4",NA,"206","117","Region #7"
39,"2","2","1","3","4","3","4","5","3","4","4","3","2","2","2","3","3","3","4","5","3","4","4","3","2","2","2","5","5",NA,"5","5",NA,"5","5",NA,"5","5",NA,"5","5",NA,"5","5",NA,"5","5",NA,"5","2","4","30","2",NA,"9","5","6","2,3",NA,"175","155","Region #6"
312,"1","2","2","3","3","2","3","3","4","5","4",NA,"2","3","2","2","3","4","4","4","2","5","4",NA,"3","4","2","1","2","4","5","4",NA,"4","4","5","4","5","3","3","4","4","5","5",NA,"4","4","5","5","2","4","33","3",NA,"2","4","2","7",NA,"69","276","Other"
385,"4","4","2","5","3",NA,"4","4","2","1","1","5","2","2","2","4","3","2","4","4","2","5","4",NA,"3","3","1","4","3","2","2","2","2","4","4","4","5","4",NA,"5","3",NA,"5","4",NA,"4","3","3","5","2","4","23","2",NA,"2","4","5","7",NA,"89","244","Other"
114,"2","2","1","2","2","2","4","4","3","3","3","4","2","2","2","3","3","2","4","4","3","4","4","4","2","2","1","3","3","2","4","4","3","4","4","5","2","3","2","4","4","3","5","5",NA,"4","4","4","5","2","4","41","2",NA,"2","6","6","7",NA,"238","119","Region #7"
284,"4","4","2","2","2","3","4","4","3","3","3","4","3","4","2","2","4","2","4","4","2","4","5","4","3","4","2","4","3","2","4","4","3","5","5",NA,"4","4","2","4","4","3","5","5",NA,"5","5",NA,"5","2","4","55","1",NA,"4","5","6","7",NA,"242","122","Region #7"
76,"3","3","3","3","3","2","4","4","3","4","4","3","2","3","2","2","2","2","5","5",NA,"4","4","3","3","3","3","3","3","3","4","4","3","4","4","4","3","3","3","3","3","3","4","4","3","4","4","4","5","3","4","42","2",NA,"2","4","6","3",NA,"263","124","Region #7"
254,"3","3","1","3","3","1","4","4","2","4","4","3","3","3","2","3","3","1","5","5",NA,"4","4","2","2","2","1","3","3","2","5","5",NA,"5","5",NA,"5","5",NA,"3","3","3","5","5",NA,"4","4","5","5","2","4","39","1",NA,"4","7","6","7",NA,"157","219","Region #4"
327,"3","3","2","2","2","1","4","3","3","3","3","4","3","3","1","2","2","1","5","5",NA,"5","4",NA,"2","4","2","2","2","2","4","4","5","3","3","5","4","4","2","4","4","3","5","5",NA,"5","5",NA,"5","2","4","40","1",NA,"4","7","6","7",NA,"230","91","Region #8"
137,"1","1","1","3","3","2","3","3","4","4","4","4","3","3","2","3","3","2","3","3","4","4","4","4","2","2","1","3","3","2","5","5",NA,"4","4","4","3","3","2","3","3","3","5","5",NA,"4","4","5","5","2","4","58","2",NA,"4","7","6","7",NA,"176","150","Region #6"
191,"1","1","1","3","3","2","4","4","2","4","4","4","2","2","1","4","3","2","5","5",NA,"5","5",NA,"3","3","2","3","3","3","4","4","3","5","5",NA,"3","3","3","4","4","3","4","4","4","4","4","5","5","2","4","32","2",NA,"4","6","8","7",NA,"237","117","Region #7"
288,"1","1","1","2","3","2","3","4","4","3","3","5","3","3","1","2","2","1","3","5","1","5","5",NA,"3","3","2","3","3","2","4","4","3","4","5","5","3","3","1","3","3","2","4","4","3","4","4","5","5","2","4","31","2",NA,"2","3","2","7",NA,"91","313","Region #1"
116,"2","2","1","4","2","2","4","3","4","4","4","5","2","2","1","3","3","2","4","4","2","3","3","1","1","1","1","2","2","1","3","3","2","4","4","3","2","2","1","3","3","2","4","4","2","4","4","5","5","2","4","37","2",NA,"4","5","4","7",NA,"114","268","Region #2"
72,"1","2","1","4","3","3","4","4","4","4","3","4","1","1","1","2","2","2","3","3","2","5","5",NA,"1","1","1","3","3","2","4","5","2","5","5",NA,"3","2","2","2","3","2","4","5","2","4","3","5","5","2","4","32","2",NA,"2","6","5","3",NA,"147","180","Other"
161,"2","2","2","3","3","2","4","4","3","3","3","3","3","3","3","3","3","3","4","4","3","4","4","3","3","3","3","3","3","3","5","5",NA,"5","5",NA,"3","3","3","4","4","3","5","5",NA,"4","4","3","5","2","4","30","2",NA,"4","5","8","2,7",NA,"165","217","Region #4"
85,"1","1","1","2","2","1","4","5","1","4","4","1","1","1","1","1","1","1","4","5","1","4","4","1","1","1","1","2","2","1","5","5",NA,"4","4","2","3","3","2","3","3","2","5","5",NA,"4","4","4","5","2","4","59","1",NA,"4","5","6","7",NA,"274","92","Region #8"
32,"4","2","1","1","1","5","2","2","3","1","1","5","3","3","3","1","1","3","3","4","2","4","3","4","2","2","3","3","4","3","3","3","2","4","4","4","5","5",NA,"5","5",NA,"5","5",NA,"5","5",NA,"5","2","4","23","2",NA,"2","4","5","2",NA,"165","218","Region #4"
111,"2","2","1","2","3","4","2","2","5","3","3","5","3","3","2","3","3","2","4","4","5","5","5",NA,"3","3","2","4","3","3","4","4","5","4","4","5","3","3","3","3","3","3","5","5",NA,"3","3","3","5","2","4","24","1",NA,"1","6","5","2,7",NA,NA,NA,NA
392,"2","3","2","3","1","2","5","5",NA,"3","2","5","3","3","2","3","3","2","5","5",NA,"3","3","2","2","2","2","4","3","2","4","3","2","5","5",NA,"2","3","3","4","2","3","5","4",NA,"4","4","5","5","2","4","29","2",NA,"4","5","4","4,7",NA,"158","237","Region #3"
381,"3","4","2","2","1","3","4","4","2","4","2","5","1","1","1","2","3","1","2","3","3","5","4",NA,"3","3","4","2","2","5","4","4","4","2","1","4","3","3","4","2","3","4","4","4","2","3","2","4","5","2","4","28","2",NA,"2","5","6","3,5,7",NA,"96","248","Other"
320,"2","3","2","3","2","2","4","4","2","4","4","3","3","3","2","3","3","3","4","4","3","5","5",NA,"3","3","3","3","3","3","5","5",NA,"5","5",NA,"3","3","3","3","3","3","5","5",NA,"4","4","3","5","2","4","46","2",NA,"4","4","6","7",NA,"237","160","Region #6"
242,"3","3","2","2","2","2","4","3","3","2","3","4","3","3","3","2","3","3",NA,"3","3","3","3","2","2","3","2","3","3","3","3","2","3","3","3","3","3","3","3","3","3","3","3","3","3","4","4","3","5","3","4","35","1",NA,"2","1","4","7",NA,"79","299","Other"
131,"3","3","3","3","3","3","5","4",NA,"4","4","2","3","3","2","3","3","3","4","4","3","4","3","4","3","3","2","3","2","4","3","4","4","4","4","2","3","3","3","3","2","3","5","5",NA,"4","4","4","5","2","4","37","2",NA,"2","7","8","2,7",NA,"216","115","Region #7"
361,"3","4","2","2","1","3","4","5","2","3","3","4","2","2","1","2","3","2","4","5","2","5","5",NA,"3","4","2","3","3","3","5","5",NA,"5","5",NA,"3","4","2","4","3","1","4","5","3","5","5",NA,"5","2","4","34","2",NA,"2","2","5","7",NA,"195","181","Region #5"
19,"1","1","1","3","3","1","4","4","2","4","4","4","1","1","1","2","2","1","4","4","2","4","4","4","2","2","2","3","3","2","4","4","3","4","4","5","3","3","1","3","4","3","4","4","2","4","5","5","5","2","4","35","2",NA,"4","7","5","7",NA,"189","151","Region #6"
244,"5","5",NA,"3","3","5","4","4","5","2","2","5","2","1","2","3","4","2","5","5",NA,"4","5","3","3","3","2","4","4","2","5","5",NA,"5","5",NA,"5","5",NA,"5","5",NA,"5","5",NA,"5","5",NA,"5","5","4","43","2",NA,"4","6","8","6,7",NA,"166","221","Region #4"
146,"2","2","2","3","3","2","4","4","4","4","4","4","2","3","4","3","3","3","4","4","4","4","4","5","3","3","3","3","3","3","4","4","5","4","4","5","3","3","2","3","3","3","4","4","5","4","4","5","5","2","4","30","1",NA,"2","2","4","7",NA,"112","278","Region #2"
322,"3","2","2","2","2","2","3","4","3","3","2","4","2","2","1","2","2","1","4","5","2","5","5",NA,"3","2","2","2","2","2","5","5",NA,"4","5","3","3","2","3","3","4","4","5","5",NA,"4","4","4","5","2","4","44","2",NA,"4","4","3","1,7",NA,"223","187","Region #5"
117,"3","3","2","2","3","2","4","4","2","3","3","4","2","3","1","3","2","1","5","5",NA,"5","5",NA,"4","5","5","4","3","3","5","5",NA,"5","4",NA,"3","3","2","4","5","3","5","5",NA,"5","5",NA,"5","2","4","37","2",NA,"3","6","4","1",NA,"203","140","Region #6,Region #7"
61,"3","3","2","3","3","2","4","4","3","4","4","3","3","3","2","2","2","3","4","4","2","4","4","4","3","3","2","3","3","3","4","4","3","4","4","4","4","4","3","3","3","3","5","4",NA,"4","4","3","5","2","4","37","1",NA,"4","7","8","7",NA,"196","131","Other"
259,"1","1","1","3","3","2","4","4","4","5","3",NA,"2","2","2","4","4","2","5","5",NA,"5","5",NA,"3","3","2","3","3","3","5","5",NA,"5","5",NA,"5","3",NA,"3","3","3","5","5",NA,"4","4","4","5","2","4","54","2",NA,"4","7","5","7",NA,"214","172","Region #5"
345,"3","2","1","1","2","2","2","2","1","2","2","4","2","2","1","3","3","2","4","4","2","4","4","2","2","2","2","2","3","3","4","4","1","3","5","2","3","3","3","3","3","3","4","4","2","4","4","5","5","2","4","33","2",NA,"2","6","6","3",NA,NA,NA,NA
185,"1","1","1","3","3","1","4","4","1","3","3","1","3","3","2","3","3","1","3","3","2","4","3","2","3","2","2","3","3","2","3","5","2","4","4","3","4","4","3","3","3","3","5","5",NA,"4","4","3","5","2","4","29","2",NA,"2","3","6","2",NA,"112","249","Region #3"
302,"1","1","1","3","3","2","4","4","3","4","4","3","3","3","2","3","3","3","4","4","3","4","4","3","3","3","3","3","3","3","5","5",NA,"5","5",NA,"3","2","2","2","3","3","5","5",NA,"4","4","4","5","2","4","32","2",NA,"4","5","6","4,7",NA,NA,NA,NA
274,"1","1","1","3","3","2","3","3","2","4","4","2","2","2","2","3","3","2","4","4","3","4","4","2","3","3","2","3","3","3","4","4","3","5","5",NA,"3","3","2","4","4","4","4","4","3","4","4","4","5","2","4","27","2",NA,"4","5","6","7",NA,"197","114","Other"
26,"3","3","2","4","3","2","4","4","2","3","3","2","4","4","3","3","4","3","5","5",NA,"3","3","3","4","4","3","4","4","3","5","5",NA,"5","5",NA,"5","5",NA,"4","5","4","5","5",NA,"4","4","3","5","2","4","38","1",NA,"4","6","6","4",NA,"240","125","Region #7"
157,"2","4","2","2","3","4","4","2","4","2","3","1","2","3","2","2","3","1","2","4","3","3","3",NA,"4","2","1","2","3","2","3","2","3","3","3","1","2","3","2","5","4",NA,"3","2","4","2","3","2","5","2","4","30","1",NA,"2","7","6","3",NA,"180","153","Region #6"
371,"3","3","3","1","1","2","3","3","3","2","3","4","3","3","3","3","3","3","5","5",NA,"5","5",NA,"5","5",NA,"3","3","3","5","5",NA,"5","5",NA,"3","3","3","5","5",NA,"5","5",NA,"5","5",NA,"5","2","4","46","2",NA,"4","3","5","3",NA,"173","190","Region #5"
48,"2","2","1","3","3","1","2","3","2","3","3","2","2","2","3","1","1","3","3","4","3","4","4","3","1","1","3","1","1","3","4","4","3","4","4","3","3","3","5","1","1","5","3","3","5","2","2","5","5","2","4","27","2",NA,"2","2","2","7",NA,"92","245","Other"
1,"1","1","1","3","3","2","4","4","2","4","3","2","2","2","2","4","3","2","4","4","3","4","4","3","2","3","2","2","3","3","3","3","3","4","3","3","2","3","2","2","3","3","4","4","4","3","3","5","5","2","4","29","1",NA,"3","3","4","7",NA,"150","251","Region #3"
79,"2","2","1","3","3","1","4","4","2","4","4","4","2","2","2","3","3","2","4","4","3","5","5",NA,"1","1","1","3","3","2","5","5",NA,"5","5",NA,"4","4","3","5","5",NA,"5","5",NA,"5","5",NA,"5","2","4","50","2",NA,"4","6","8","7",NA,"226","118","Region #7"
51,"3","3","2","3","3","2","4","4","3","5","4",NA,"3","3","2","3","3","3","4","4","3","5","5",NA,"5","5",NA,"5","5",NA,"5","5",NA,"5","5",NA,"5","5",NA,"5","5",NA,"5","5",NA,"5","5",NA,"5","2","7",NA,"2",NA,"2","8","9","8",NA,"215","161","Region #6"
34,"1","1","1","2","2","2","3","3","2","3","3","2","2","2","1","3","3","2","4","4","2","4","4","3","2","2","2","3","3","2","5","5",NA,"5","5",NA,"3","3","3","3","3","3","5","5",NA,"4","4","5","5","2","4","41","2",NA,"4","6","4","7",NA,"224","83","Region #8"
64,"2","2","2","2","2","2","4","4","4","4","3","5","2","2","2","2","2","2","4","4","4","4","4","4","3","3","2","3","3","2","4","4","4","4","4","4","4","3","3","4","4","3","4","4","5","4","4","5","5","2","4","50","2",NA,"4","7","6","7",NA,"241","159","Region #6"
49,"1","1","2","3","3","2","4","5","3","4","4","4","1","1","1","2","2","2","3","5","3","1","2","2","2","2","3","4","4","3","4","4","4","5","5",NA,"2","2","2","3","3","3","3","4","3","4","4","5","5","2","4","28","2",NA,"2","4","4","4",NA,NA,NA,NA
156,"2","2","1","3","4","2","3","3","2","3","3","2","2","2","2","2","3","2","5","4",NA,"4","4","3","3","4","3","2","3","3","5","5",NA,"4","5","3","4","4","4","3","3","3","5","5",NA,"3","3","3","5","2","4","36","2",NA,"2","4","3","7",NA,NA,NA,NA
349,"1","1","1","2","2","1","3","3","2","5","5",NA,"1","1","2","1","1","3","4","5","3","5","5",NA,"1","1","2","3","3","4","5","5",NA,"5","5",NA,"2","2","3","4","4","5","5","5",NA,"5","5",NA,"5","2","4","41","1",NA,"4","5","6","2",NA,"242","129","Region #7"
276,"3","4","1","4","4","2","4","5","3","4","5","4","3","4","1","3","4","3","4","5","3","4","5","4","4","4","3","4","4","3","5","5",NA,"5","5",NA,"3","4","2","5","5",NA,"4","5","3","5","5",NA,"5","2","4","39","2",NA,"4","5","4","3",NA,"125","283","Region #2"
65,"2","2","1","3","3","2","1","3","2","3","5","5","3","3","3","3","3","2","4","5","4","5","5",NA,"2","2","2","1","1","2","4","5","3","5","5",NA,"1","2","2","4","3","2","3","5","4","5","5",NA,"5","2","4","35","2",NA,"4","4","4","7",NA,"230","120","Region #7"
214,"2","2","1","3","3","1","4","4","2","4","3","2","2","2","1","3","3","1","4","4","2","4","4","3","2","3","1","3","3","1","4","4","2","4","4","2","3","3","3","3","3","3","4","4","4","4","4","4","5","2","4","38","1",NA,"2","4","2","7",NA,"195","160","Region #6"
309,"1","1","1","2","2","1","4","4","4","4","4","4","1","2","1","2","2","2","4","5","4","4","5","5","2","2","1","1","2","1","4","5","4","4","4","5","4","4","4","3","3","3","4","4","4","4","4","5","5","2","4","38","2",NA,"4","6","5","7",NA,"206","164","Region #6"
11,"3","3","1","3","3","2","4","4","2","3","3","4","3","2","2","3","3","2","4","4","2","4","4","4","3","3","2","3","3","2","4","4","2","4","4","5","3","3","2","4","4","3","5","5",NA,"5","5",NA,"5","2","4","53","2",NA,"4","1","6","3,4",NA,"116","281","Region #2"
169,"3","3","1","3","3","3","4","3","4","3","3","5","2",NA,"3","3","4","3","5","5",NA,"4","4","4","1","1","2","3","3","3","4","5","2","4","4","4","5","5",NA,"2","2","5","4","4","3","3","3","3","5","2","4","44","2",NA,"2","1","2","7",NA,"152","276","Other"
390,"1","1","1","3","3","1","4","4","1","4","4","2","3","3","1","4","3","1","4","4","2","5","4",NA,"3","3",NA,"3","3","1","4","4","1","4","4","1","3","3","2","4","3","3","4","4","3","5","4",NA,"5","2","4","50","1",NA,"4","7","6","7",NA,"289","28","Region #10"
378,"3","4","2","3","3","2","3","4","3","2","2","5","2","2","1","3","3","2","3","3","2","4","5","4","2","2","1","3","4","2","3","3","2","5","5",NA,"2","2","2","2","3","2","4","3","2","4","4","4","5","2","4","27","2",NA,"2","5","4","7",NA,"108","250","Region #3"
217,"1","1","1","3","3","1","5","5",NA,"5","5",NA,"1","1","2","3","3","2","5","5",NA,"5","5",NA,"2","2","3","2","3","3","5","5",NA,"5","5",NA,"4","4","3","5","5",NA,"5","5",NA,"4","4","3","5","2","4","48","2",NA,"4","6","2","7",NA,"218","191","Region #5"
386,"1","1","1","1","2","1","3","4","3","4","4","4","3","2","2","3","3","3","4","4","3","4","4","5","2","2","3","2","2","3","5","5",NA,"5","5",NA,"2","2","3","3","3","3","5","5",NA,"4","4","5","5","2","4","49","2",NA,"4","7","4","7",NA,"243","121","Region #7"
387,"3","3","1","3","3","3","3","3","3","3","3","5","3","3","2","3","3","2","5","5",NA,"5","5",NA,"3","3","3","3","3","2","3","3","3","4","4","3","3","4","2","3","3","3","4","4","4","4","4","3","5","2","4","27","2",NA,"4","5","5","7",NA,"173","152","Region #6"
347,"3","3","2","3","3","2","3","3","3","2","3","5","2","2","2","3","4","2","3","3","4","4","4","4","3","3","3","2","2","2","4","5","3","3","4","4","3","3","2","2","3","4","5","5",NA,"5","5",NA,"5","2","4","38","2",NA,"9","3","1","3",NA,"167","225","Region #4"
260,"2","2","2","2","3","2","4","4","2","4","4","3","4","4","2","4","4","2","3","4","2","5","5",NA,"4","4","2","3","4","3","5","5",NA,"5","5",NA,"4","4","2","3","4","3","5","5",NA,"4","5","3","5","2","4","26","2",NA,"2","2","5","3,4",NA,"118","254","Region #3"
266,"1","1","1","4","4","3","4","4","3","4","4","3","1","1","3","3","3","3","4","4","3","4","4","3","1","1","3","3","3","3","5","5",NA,"5","5",NA,"2","2","3","3","3","4","5","5",NA,"4","4","5","5","2","4","30","1",NA,"2","7","5","1,4",NA,"222","128","Region #7"
379,"1","1","1","3","3","2","5","4",NA,"4","4","4","3","2","2","3","3","2","5","5",NA,"5","5",NA,"3","3","3","3","3","3","5","5",NA,"5","5",NA,"3","3","3","4","3","3","5","5",NA,"5","5",NA,"5","2","4","28","2",NA,"4","1","2","7",NA,"46","313","Other"
92,"1","1","2","4","4","2","4","4","2","4","4","4","1","1","2","3","3","2","4","4","2","4","4","4","1","1","2","4","3","3","4","4","3","5","5",NA,"2","2","3","3","3","3","5","5",NA,"4","4","5","5","2","4","37","2",NA,"4","6","8","7",NA,"264","127","Region #7"
120,"4","4","1","3","3","3","3","3","5","4","4","4","2","3","1","2","3","4","5","4",NA,"3","3","5","3","3","1","3","2","4","3","4","5","3","3","5","3","3","2","2","2","5","4","4","5","2","3","5","5","2","4","52","1",NA,"4","6","6","3",NA,"206","172","Region #5"
277,"2","2","1","3","3","2","3","3","2","4","4","3","2","2","1","3","4","3","4","4","2","4","4","3","2","3","2","3","3","3","4","4","2","5","4",NA,"3","3","2","4","4","3","4","5","3","4","4","4","5","2","4","25","1",NA,"2","7","8","7",NA,"208","154","Region #6"
366,"3","3","3","4","3","2","3","2","5","4","4","5","2","2","3","3","2","2","5","5",NA,"5","4",NA,"1","1","1","2","2","2","5","5",NA,"5","4",NA,"3","3","3","3","3","3","5","5",NA,"4","5","5","5","2","4","37","3",NA,"2","7","4","7",NA,"197","113","Other"
239,"1","1","1","3","3","2","5","5",NA,"3","3","4","2","2","1","3","3","2","4","4","2","4","4","3","2","2","2","3","3","2","5","5",NA,"4","5","3","3","3","3","4","5","4","5","5",NA,"4","4","5","5","2","4","47","2",NA,"4","7","6","7",NA,"198","173","Region #5"
229,"1","1","1","2","1","1","4","4","4","4","4","1","2","3","2","3","3","2","4","4","3","5","4",NA,"3","3","1","3","3","2","4","4","3","5","5",NA,"3","3","3","3","2","3","5","5",NA,"5","5",NA,"5","2","4","42","2",NA,"4","7","6","1,4",NA,"189","187","Region #5"
162,"2","2","2","4","4","2","4","4","2","4","4","4","2","2","1","4","4","2","4","4","2","5","5",NA,"3","3","2","4","4","3","5","5",NA,"5","5",NA,"4","4","2","4","4","3","4","4","3","4","4","4","5","2","4","37","1",NA,"4","7","8","7",NA,"165","219","Region #4"
8,"4","3","2","3","2","3","4","4","3","2","2","5","2","2","2","3","3","3","4","4","3","4","4","4","2","3","2","3","3","3","4","4","3","3","3","4","3","3","3","4","3","3","4","4","3","3","3","4","5","2","4","61","2",NA,"4","7","6","7",NA,"213","189","Region #5"
123,"3","4","4","1","1","5","5","5",NA,"2","1","5","4","4","5","1","1","5","5","5",NA,"2","1","5","4","4","4","1","1","5","4","4","3","2","1","5","4","4","5","1","1","5","5","5",NA,"1","1","5","5","2","4","54","2",NA,"4","5","4","7",NA,"95","269","Region #2"
29,"1","1","1","1","1","1","4","5","1","4","4","2","1","1","1","1","1","1","3","4","1","2","3","1","4","4","3","3","4","5","5","5",NA,"5","5",NA,"4","4","2","4","4","5","5","5",NA,"4","4","4","5","2","4","18","1",NA,"2","2","2","2",NA,NA,NA,NA
101,"1","1","1","1","1","1","4","4","4","3","3","4","2","2","1","1","1","1","5","5",NA,"5","5",NA,"1","2","1","1","1","1","5","5",NA,"4","4","4","1","1","1","3","3","2","5","5",NA,"5","5",NA,"5","2","4","32","2",NA,"4","7","4","7",NA,"189","188","Region #5"
296,"2","2","1","2","2","2","3","3","2","4","4","4","3","3","2","3","3","2","4","4","3","5","5",NA,"3","3","2","3","3","2","4","4","3","5","5",NA,"3","3","3","3","3","3","5","5",NA,"4","4","5","5","2","4","28","1",NA,"2","7","6","7",NA,"173","210","Region #4"
305,"2","2","1","3","3","2","4","4","2","4","4","4","3","3","1","3","3","2","4","4","2","4","4","4","3","3","2","3","3","2","4","4","2","4","4","4","4","4","2","3","3","2","4","4","3","4","4","4","5","2","4","44","2",NA,"4","7","6","7",NA,"205","121","Region #7"
15,"1","1","1","3","3","1","4","4","3","4","4","3","3","2","2","2","3","3","3","4","3","4","4","4","2","2","2","3","3","3","4","5","3","5","5",NA,"3","3","2","3","3","3","5","5",NA,"3","4","5","5","2","4","26","2",NA,"2","6","6","7",NA,"213","155","Region #6"
135,"1","2","1","1","2","1","5","5",NA,"4","4","4","1","2","2","2","3","2","4","4","4","5","4",NA,"1","1","1","3","2","2","5","5",NA,"5","4",NA,"3","4","2","1","3","2","5","5",NA,"4","4","4","5","2","4","25","2",NA,"4","4","4","7",NA,NA,NA,NA
362,"4","4","2","4","4","2","1","4","4","2","2","2","3","3","2","2","2","2","3","3","2","4","4","2","3","2","1","2","2","2","5","5",NA,"4","4","2","5","5",NA,"5","5",NA,"5","5",NA,"5","5",NA,"5","2","4","38","2",NA,"4","7","4","7",NA,"155","179","Region #5"
286,"1","1","1","3","3","1","4","4","2","4","4","3","3","3","1","3","3","1","4","4","1","4","4","3","3","3","1","3","3","2","4","4","3","4","4","4","3","3","2","3","3","3","4","4","4","4","4","5","5","1","4","34","1",NA,"4","5","8","7",NA,"201","187","Region #5"
344,"1","1","1","3","3","1","4","4","1","4","4","4","2","3","1","3","3","2","4","4","2","4","4","4","2","3","2","3","3","2","5","5",NA,"5","4",NA,"2","3","2","2","3","3","5","5",NA,"4","4","5","5","2","4","32","1",NA,"2","6","4","7",NA,"127","257","Region #3"
58,"4","4","2","2","3","3","4","4","2","4","4","3","4","4","2","3","4","2","4","4","2","4","5","3","4","4","3","3","4","3","4","4","3","5","5",NA,"5","5",NA,"4","4","3","4","4","3","5","4",NA,"5","2","4","42","2",NA,"4","7","7","7",NA,"219","90","Region #8"
121,"1","1","1","4","3","1","3","4","2","3","4","4","1","2","2","3","3","2","2","3","2","3","4","2","2","3","2","3","3","3","4","4","1","4","4","3","2","3","2","4","3","3","5","5",NA,"4","4","5","5","2","4","41","2",NA,"4","7","6","7",NA,"149","180","Other"
110,"2","2","1","2","2","2","4","4","4","3","3","4","2","1","2","3","2","2","3","4","3","4","4","4","2","2","1","3","2","1","4","4","3","5","5",NA,"2","2","1","3","3","2","4","4","2","5","5",NA,"5","2","4","37","2",NA,"4","6","5","7",NA,"130","209","Region #4"
20,"2","2","1","3","3","3","4","4","3","4","4","5","1","1","1","3","3","3","4","4","3","5","5",NA,"2","1","1","5","5",NA,"5","5",NA,"5","5",NA,"3","3","2","5","5",NA,"5","5",NA,"4","4","5","5","2","4","39","2",NA,"2","6","6","7",NA,"145","217","Region #4"
306,"1","1","1","4","4","3","5","5",NA,"3","4","2","2","1","1","5","5",NA,"5","5",NA,"4","4","2","1","1","1","2","3","2","5","4",NA,"4","4","3","3","3","3","3","3","3","3","3","3","3","3","3","5","2","4","47","1",NA,"4","6","6","3",NA,"180","179","Region #5"
75,"1","2","2","4","2","2","3","3","2","3","3","4","1","1","1","4","3","2","5","5",NA,"4","4","5","3","3","2","2","2","3","4","4","3","4","4","5","3","4","2","4","5","3","5","5",NA,"5","5",NA,"5","2","4","30","2",NA,"2","5","2","7",NA,NA,NA,NA
130,"3","3","1","3","3","2","5","5",NA,"3","3","2","2","2","1","3","3","2","4","4","2","4","4","2","2","2","2","3","3","2","4","5","2","5","5",NA,"3","3","2","4","4","2","5","5",NA,"4","4","3","5","2","4","52","2",NA,"4","7","8","7",NA,"191","148","Region #6"
272,"1","1","1","3","3","2","4","4","2","4","3","2","1","1","1","3","3","2","5","5",NA,"5","4",NA,"2","2","2","3","3","3","4","4","3","4","3","3","3","3","3","4","3","3","4","4","2","4","3","3","5","2","4","40","2",NA,"4","5","5","7",NA,"125","219","Other"
201,"1","1","1","1","1","1","4","4","2","5","5",NA,"1","1","2","2","2","2","4","4","2","4","4","2","2","2","2","2","2","2","4","4","2","4","4","2","1","1","2","2","2","3","4","4","3","4","4","4","5","2","4","46","2",NA,"2","7","6","7",NA,"203","111","Other"
144,"3","3","1","3","3","1","3","3","2","4","4","4","3","3","2","3","3","2","4","4","3","4","4","4","3","3","1","3","3","2","3","3","3","4","4","4","3","3","2","3","3","3","4","4","3","4","4","5","5","2","4","32","2",NA,"4","6","8","7",NA,NA,NA,NA
323,"1","1","1","2","1","1","5","5",NA,"5","4",NA,"1","1","1","2","2","2","4","4","3","4","4","4","2","2","2","2","1","2","5","5",NA,"5","5",NA,"2","2","3","2","2","2","5","4",NA,"4","4","4","5","2","4","24","2",NA,"2","7","7","7",NA,"291","59","Region #9"
196,"1","1","1","3","3","2","4","4","2","4","4","2","2","2","2","3","3","2","4","4","3","5","5",NA,"2","2","2","3","3","2","4","4","4","4","4","4","3","3","3","3","3","3","5","5",NA,"4","4","4","5","2","4","52","1",NA,"4","7","6","7",NA,"224","155","Region #6"
126,"1","1","1","2","1","1","3","4","2","4","4","5","1","2","1","3","3","4","4","4","2","4","4","2","2","2","2","3","3","3","5","5",NA,"5","5",NA,"2","2","2","3","3","3","5","5",NA,"5","5",NA,"5","2","4","41","1",NA,"4","7","5","7",NA,"145","177","Other"
399,"1","1","1","2","2","1","3","3","1","3","3","2","1","1","1","2","2","1","4","4","1","3","4","1","4","4","3","2","2","2","3","4","2","4","4","4","3","3","3","5","4",NA,"4","4","3","4","4","4","5","2","4","32","2",NA,"4","6","8","7",NA,NA,NA,NA
295,"1","1","1","1","1","1","5","5",NA,"5","5",NA,"1","1","2","2","2","2","5","5",NA,"5","5",NA,"2","2","2","4","4","3","5","5",NA,"5","5",NA,"3","3","2","4","4","3","5","5",NA,"5","5",NA,"5","2","4","44","2",NA,"4","4","4","4",NA,"223","126","Region #7"
153,"1","1","1","2","2","2","4","4","2","4","4","5","1","2","2","2","2","2","3","4","2","4","4","5","2","2","2","1","1","4","4","4","2","4","4","5","3","3","3","4","4","4","3","4","3","4","4","5","5","2","4","54","2",NA,"4","7","8","7",NA,"239","105","Region #8"
326,"2","2","2","3","3","2","4","4","4","4","4","5","3","3","2","4","3","2","5","5",NA,"5","5",NA,"3","2","1","3","3","2","5","5",NA,"5","5",NA,"3","3","3","3","3","3","4","4","3","4","4","4","5","2","4","38","2",NA,"2","6","8","7",NA,"158","204","Region #4"
154,"1","1","2","2","2","2","4","4","3","4","3","4","1","1","2","3","2","2","4","4","3","3","3","4","4","3","3","3","2","2","4","4","3","4","4","4","2","2","3","3","3","2","5","5",NA,"4","4","5","5","2","4","27","2",NA,"2","6","8","7",NA,"212","116","Region #7"
220,"1","1","1","2","2","2","4","4","4","4","4","4","2","2","2","2","2","2","4","4","3","4","4","4","2","2","2","3","3","2","4","4","3","4","4","4","3","3","3","3","3","3","5","5",NA,"5","5",NA,"5","2","4","34","2",NA,"4","2","2","7",NA,"119","313","Region #1"
314,"2","3","1","2","2","1","3","3","2","3","3","2","3","3","2","3","3","2","3","4","2","3","3","2","2","3","3","2","3","3","3","3","3","3","3","3","3","3","3","3","3","3","4","4","3","3","3","4","5","2","4","46","1",NA,"2","5","5","7",NA,"161","187","Region #5"
281,"1","1","1","3","3","1","3","4","1","3","3","2","2","2","1","3","3","2","2","3","1","3","4","2","2","3","1","3","3","3","3","3","2","4","4","2","3","3","2","2","3","3","4","4","4","3","3","4","5","2","4","28","2",NA,"4","5","4","7",NA,"182","238","Other"
200,"2","1","1","3","1","1","4","4","2","4","4","2","2","2","2","3","2","1","5","5",NA,"4","5","2","3","3","2","3","3","2","5","5",NA,"4","4","2","3","2","3","3","3","3","5","5",NA,"5","5",NA,"5","2","4","32","2",NA,"4","6","3","7",NA,"182","139","Other"
300,"2","3","2","4","4","2","3","4","3","4","4","4","1","1","2","3","3","2","3","4","2","4","5","1","3","4","2","1","2","4","4","4","3","5","5",NA,"3","3","2","5","5",NA,"4","3","4","3","4","5","5","2","4","23","1",NA,"2","3","4","3,7",NA,NA,NA,NA
308,"4","4","2","4","4","2","4","4","2","3","4","5","3","3","2","3","3","2","4","4","3","4","4","4","5","5",NA,"4","4","3","5","5",NA,"5","5",NA,"4","4","2","4","4","4","4","4","2","4","4","5","5","2","4","37","2",NA,"4","6","5","7",NA,"202","167","Region #6"
31,"2","2","2","2","2","2","4","4","4","3","4","5","3","2","2","2","2","2","4","5","2","5","5",NA,"3","3","2","3","3","2","5","5",NA,"5","5",NA,"2","3","2","3","3","3","5","5",NA,"4","5","5","5","2","4","53","2",NA,"4","6","6","7",NA,"205","161","Region #6"
310,"1","1","1","4","4","1","3","3","2","5","5",NA,"1","2","1","3","3","1","4","5","2","5","5",NA,"2","3","2","4","4","2","5","5",NA,"5","5",NA,"3","5","2","2","2","2","5","5",NA,"4","4","3","5","2","4","22","2",NA,"2","5","6","2",NA,"158","184","Region #5"
289,"2","2","2","3","3","2","4","4","2","4","4","2","3","3","2","3","3","2","4","4","2","4","4","2","4","4","3","4","3","2","4","4","3","4","4","2","4","4","3","4","4","3","5","5",NA,"5","5",NA,"5","2","4","72","2",NA,"4","4","8","7",NA,"275","93","Region #8"
335,"4","4","2","3","3","2","3","3","2","3","3","2","3","3","2","3","4","2","4","4","2","5","4",NA,"3","4","2","4","3","2","4","4","2","4","4","4","3","3","2","5","4",NA,"4","4","2","4","4","5","5","2","4","57","1",NA,"4","7","6","7",NA,"269","91","Region #8"
249,"1","1","1","1","1","2","4","4","3","3","3","3","1","1","1","3","3","2","5","5",NA,"5","5",NA,"1","1","2","2","2","2","4","4","4","4","4","3","1","1","2","3","3","3","5","5",NA,"4","4","4","5","2","4","58","2",NA,"4","6","4","4",NA,"180","150","Region #6"
188,"1","1","1","3","3","2","4","4","2","4","4","3","1","1","1","2","2","1","4","4","2","4","4","2","2","2","2","3","3","2","4","4","2","4","4","2","4","4","3","4","4","3","4","4","2","4","4","4","5","2","4","38","2",NA,"4","7","8","7",NA,"222","124","Region #7"
82,"1","1","1","4","4","1","5","5",NA,"4","3","2","2","2","1","2","2","1","5","4",NA,"5","5",NA,"2","3","1","4","3","1","4","4","1","5","4",NA,"2","2","1","3","3","3","5","5",NA,"5","5",NA,"5","2","4","36","1",NA,"4","5","6","7",NA,"96","247","Other"
257,"1","2","1","3","3","2","4","5","2","5","5",NA,"2","3","2","3","4","2","3","4","4","4","4","3","3","3","2","3","3","3","3","3","3","4","4","4","3","4","3","3","3","3","5","5",NA,"4","4","5","5","2","4","39","2",NA,"2","5","7","5,7",NA,"210","122","Region #7"
395,"2","2","2","3","3","3","4","4","5","4","4","4","2","2","3","4","3","5","4","4","5","5","5",NA,"4","4","5","4","4","5","5","5",NA,"5","5",NA,"4","4","4","4","4","5","4","4","5","5","4",NA,"5","2","4","19","1",NA,"2","4","4","4",NA,"119","232","Other"
199,"2","2","2","4","3","1","3","3","4","4","4","3","1","1","1","3","2","1","4","4","3","4","4","2","1","2","2","4","4","2","4","4","2","5","5",NA,"2","2","2","3","3","3","4","4","3","4","4","5","5","2","4","32","1",NA,"2","6","6","3",NA,"170","190","Region #5"
43,"2","2","1","3","2","1","5","5",NA,"4","4","3","2","2","3","3","2","3","4","4","2","4","4","4","2","2","2","4","3","3","5","5",NA,"5","5",NA,"2","2","3","3","3","4","4","4","2","5","5",NA,"5","2","4","50","1",NA,"4","7","6","7",NA,"241","124","Region #7"
122,"3","3","1","3","4","3","4","4","2","3","3","4","3","3","2","3","3","2","5","5",NA,"5","4",NA,"3","3","3","4","3","3","5","5",NA,"5","5",NA,"4","4","3","4","4","4","5","5",NA,"4","4","4","5","2","4","33","1",NA,"3","4","6","4",NA,"131","249","Region #3"
221,"2","4","2","2","3","2","4","4","3","3","3","4","3","3","1","2","3","2","4","5","2","5","5",NA,"2","3","2","2","2","3","5","5",NA,"5","5",NA,"4","4","2","3","3","3","5","5",NA,"4","4","5","5","2","4","27","1",NA,"2","5","5","7",NA,"145","182","Other"
94,"2","3","2","2","2","4","4","3","4","5","4",NA,"3","3","4","3","3","3","4","4","3","4","4","4","2","2","2","3","3","1","3","2","3","4","3","2","3","4","3","5","2",NA,"5","4",NA,"4","3","5","5","2","4","40","2",NA,"4","7","8","7",NA,NA,NA,NA
81,"2","2","1","3","4","3","4","3","2","3","4","5","3","4","2","3","3","2","5","5",NA,"4","4","4","5","5",NA,"3","3","3","5","5",NA,"5","5",NA,"3","3","2","3","3","3","4","5","3","4","4","4","5","2","4","23","2",NA,"2","6","6","3",NA,"187","183","Region #5"
170,"2","2","1","3","3","3","4","4","3","4","4","5","3","2","1","3","3","2","5","5",NA,"5","5",NA,"2","2","2","4","4","3","5","5",NA,"5","5",NA,"2","3","2","3","3","3","5","5",NA,"5","5",NA,"5","2","4","43","2",NA,"4","6","5","7",NA,"171","188","Region #5"
194,"2","3","2","3","3","2","4","4","3","4","4","4","3","3","1","3","3","2","4","4","2","4","3","4","2","3","2","3","3","2","4","4","3","5","4",NA,"3","3","3","3","3","3","4","4","4","4","4","5","5","2","4","29","2",NA,"2","6","6","7",NA,"208","155","Region #6"
77,"2","3","3","2","2","2","5","5",NA,"3","2","3","2","2","2","3","3","3","2","2","4","4","4","3","2","2","2","2","2","2","4","3","4","2","3","2","5","3",NA,"2","2","2","5","5",NA,"5","5",NA,"5","2","4","32","1",NA,"4","4","6","7",NA,"197","159","Region #6"
172,"1","1","1","4","4","1","3","2","1","3","3","3","1","1","1","3","3","1","3","4","1","5","4",NA,"4","4","3","3","3","2","5","5",NA,"5","4",NA,"5","5",NA,"5","5",NA,"5","5",NA,"4","4","5","5","2","4","42","2",NA,"4","5","6","7",NA,"141","220","Region #4"
60,"4","4","2","3","4","1","4","4","1","4","4","2","3","3","2","3","3","2","4","5","2","4","4","2","4","4","2","3","4","4","4","4","2","4","4","3","3","3","3","2","3","5","5","4",NA,"3","3","4","5","2","4","36","2",NA,"4","6","6","7",NA,"174","222","Region #4"
83,"2","2","1","3","4","2","3","3","1","3","3","4","1","1","1","2","2","1","5","5",NA,"4","4","3","3","3","2","2","3","3","5","5",NA,"4","4","5","3","3","2","3","3","3","5","5",NA,"4","4","3","5","2","4","30","2",NA,"4","4","8","7",NA,"126","276","Region #2"
132,"1","2","1","3","3","2","4","4","2","4","4","3","1","1","1","2","2","1","4","4","3","4","4","4","2","3","2","3","3","2","4","4","4","5","4",NA,"3","3","3","3","3","3","4","4","3","4","4","4","5","2","4","26","2",NA,"2","6","6","2",NA,"165","180","Region #5"
209,"1","1","1","3","2","1","4","4","4","4","4","4","1","1","1","2","1","1","4","4","2","5","5",NA,"2","2","2","3","2","2","5","5",NA,"4","5","2","3","3","2","4","4","2","5","5",NA,"4","4","5","5","2","4","35","2",NA,"4","3","2","7",NA,"207","112","Region #7"
168,"3","2","1","3","3","1","4","4","1","4","4","4","1","1","1","3","3","1","3","3","2","3","3","4","1","1","1","3","3","2","3","3","2","5","5",NA,"5","5",NA,"5","5",NA,"5","5",NA,"5","5",NA,"5","2","4","53","2",NA,"4","7","6","7",NA,"250","88","Region #8"
13,"1","1","1","3","4","1","3","3","2","4","4","2","2","2","2","2","2","3","4","4","3","4","4","3","2","3","2","2","3","3","4","5","3","4","4","4","3","4","3","4","4","4","5","4",NA,"3","4","4","5","2","4","42","1",NA,"4","4","4","7",NA,"164","220","Region #4"
357,"2","1","1","1","2","1","3","4","4","3","3","3","3","2","1","2","3","2","2","4","4","3","2","5","3","4","2","3","4","3","4","5","2","3","2","4","2","3","2","4","2","3","3","4","3","4","4","5","5","2","4","22","2",NA,"4","4","4","7",NA,"152","265","Other"
52,"1","1","1","1","1","1","4","4","3","5","5",NA,"1","1","1","1","1","1","5","5",NA,"4","4","4","2","1","2","3","3","3","5","5",NA,"5","5",NA,"1","1","3","2","2","3","5",NA,NA,"5","5",NA,"5","2","4","37","2",NA,"4","7","5","4",NA,"215","149","Region #6"
88,"1","1","1","2","2","1","5","5",NA,"5","5",NA,"1","1","1","2","2","1","5","5",NA,"5","5",NA,"4","4","3","5","5",NA,"5","5",NA,"5","5",NA,"3","3","3","5","5",NA,"5","5",NA,"5","5",NA,"5","2","4","41","2",NA,"4","5","8","7",NA,"164","217","Region #4"
321,"2","3","2","2","2","3","4","3","4","4","4","4","3","2","2","2","3","3","4","3","3","5","4",NA,"4","3","3","2","2","3","3","3","3","4","5","4","3","3","3","4","4","3","5","4",NA,"4","4","4","5","2","7",NA,"2",NA,"2","7","8","2",NA,"164","149","Other"
206,"3","3","1","3","3","2","4","4","2","4","4","4","2","2","2","4","4","1","4","4","2","4","5","5","3","3","2","2","2","2","4","4","2","4","4","4","4","3","2","5","5",NA,"4","4","2","3","4","2","5","2","4","61","2",NA,"4","5","6","7",NA,"162","178","Region #5"
150,"1","1","1","3","3","1","4","4","2","4","4","3","3","2","3","3","3","3","4","4","2","4","4","3","3","3","5","3","2","5","5","5",NA,"4","4","5","4","4","3","5","2",NA,"4","4","2","4","4","5","5","2","4","37","2",NA,"4","3","2","4,7",NA,"143","252","Region #3"
222,"1","1","1","1","2","1","3","5","1","5","4",NA,"1","1","1","1","1","1","5","5",NA,"5","5",NA,"1","1","2","3","3","2","4","5","2","5","5",NA,"2","2","3","3","3","2","5","5",NA,"4","5","5","5","2","4","33","2",NA,"2","7","6","7",NA,"223","95","Region #8"
14,"3","2","2","4","4","2","3","4","4","4","3","4","3","3","2","3","4","1","4","3","4","5","4",NA,"2","4","2","3","3","2","5","5",NA,"5","5",NA,"5","5",NA,"3","3","3","5","5",NA,"4","4","3","5","2","4","24","2",NA,"2","5","6","7",NA,"173","217","Region #4"
90,"3","3","2","4","4","2","3","2","4","2","2","4","2","2","2","5","5",NA,"3","4","2","5","5",NA,"2","2","2","4","4","3","4","4","2","4","4","4","3","3","3","4","3","2","5","5",NA,"4","4","5","5","2","4","40","2",NA,"4","7","8","7",NA,"120","215","Other"
336,"2","2","2","2","2","2","5","5",NA,"4","4","3","2","2","2","2","2","2","5","5",NA,"5","5",NA,"2","2","2","2","2","2","5","5",NA,"5","5",NA,"2","2","2","2","2","2","5","5",NA,"4","4","3","5","2","4","36","2",NA,"2","4","5","3",NA,"182","189","Region #5"
261,"3","3","2","3","3","2","4","4","2","4","4","2","3","3","2","3","3","2","4","4","2","4","4","2","3","3","2","3","3","2","4","4","2","4","4","2","2","2","2","3","3","2","4","4","2","4","4","2","5","2","4","59","1",NA,"4","4","6","7",NA,"176","154","Region #6"
63,"2","2","1","3","2","2","3","4","1","4","4","4","3","3","3","3","4","3","4","4","4","3","2","4","2","3","2","3","2","3","3","3","2","4","4","4","4","4","2","3","2","4","4","4","4","4","4","4","5","2","4","55","2",NA,"4","7","8","7",NA,"213","155","Region #6"
166,"2","2","2","4","4","3","4","4","3","5","5",NA,"3","2","2","3","3","4","4","4","3","5","4",NA,"5","5",NA,"5","5",NA,"5","5",NA,"5","5",NA,"3","3","3","3","3","5","5","5",NA,"5","4",NA,"5","2","4","45","1",NA,"2","5","6","7",NA,"187","185","Region #5"
255,"3","3","1","3","3","2","4","3","2","4","3","5","3","3","2","3","3","2","4","4","3","4","3","4","3","2","3","3","3","3","4","4","3","4","4","5","4","4","3","4","4","3","5","5",NA,"4","4","5","5","2","4","44","1",NA,"4","7","8","2",NA,"200","116","Region #7"
56,"3","3","2","1","1","4","5","4",NA,"3","3","4","1","1","1","2","2","2","5","5",NA,"5","5",NA,"3","3","2","2","2","3","5","5",NA,"4","4","4","3","3","4","4","4","4","5","5",NA,"4","4","5","5","2","4","50","2",NA,"4","7","5","7",NA,NA,NA,NA
86,"2","2","2","3","3","3","4","4","4","3","3","4","3","3","4","4","4","4","4","4","4","4","4","4","4","3","4","3","3","4","4","4","4","4","4","4","2","2","2","2","3","4","5","4",NA,"3","3","4","5","2","4","34","1",NA,"4","1","5","4",NA,"235","98","Region #8"
370,"2","2","1","3","3","2","3","2","2","3","2","5","2","2","2","3","3","2","4","4","3","4","4","4","3","2","2","4","3","3","4","4","3","4","4","4","3","4","3","4","3","3","5","5",NA,"3","3","5","5","2","4","22","2",NA,"2","4","3","1,7",NA,"119","234","Other"
376,"3","3","3","4","2","4","4","4","3","2","2","5","2","2","2","4","4","3","4","4","2","5","5",NA,"1","2","1","4","4","3","5","5",NA,"5","4",NA,"3","3","1","5","5",NA,"5","5",NA,"5","4",NA,"5","2","4","50","2",NA,"4","5","6","7",NA,"225","116","Region #7"
193,"3","4","1","4","5","2","5","5",NA,"3","3","5","3","3","1","3","4","2","5","5",NA,"5","5",NA,"3","4","3","3","4","3","5","5",NA,"4","4","5","5","5",NA,"5","5",NA,"5","3",NA,"3","3","3","5","2","4","33","2",NA,"4","1","6","5",NA,"252","117","Region #7"
280,"2","2","1","2","2","1","4","4","1","3","3","2","2","2","1","2","2","1","5","5",NA,"4","4","1","2","2","2","2","2","2","5","5",NA,"5","5",NA,"3","3","3","3","3","3","5","5",NA,"4","4","5","5","2","4","56","2",NA,"4","7","5","7",NA,"151","219","Region #4"
136,"3","3","1","3","3","2","5","5",NA,"5","5",NA,"3","3","2","5","5",NA,"4","4","3","5","5",NA,"2","2","1","4","4","3","4","5","3","5","5",NA,"5","5",NA,"5","5",NA,"5","5",NA,"5","5",NA,"5","2","4","48","2",NA,"4","7","5","7",NA,"216","157","Region #6"
216,"1","1","1","2","2","2","4","5","4","4","4","4","1","2","1","3","2","1","4","4","2","4","4","4","1","2","2","2","3","1","5","5",NA,"5","5",NA,"2","3","2","3","3","3","5","5",NA,"5","5",NA,"5","2","4","45","2",NA,"2","4","6","3",NA,"120","213","Other"
384,"1","1","1","2","2","2","4","4","3","4","4","4","2","2","2","3","3","2","5","5",NA,"4","4","4","2","2","2","3","3","2","5","5",NA,"4","4","4","3","3","3","3","3","3","5","5",NA,"4","4","5","5","2","4","42","1",NA,"4","6","6","4",NA,"181","188","Region #5"
394,"1","1","1","2","2","1","3","3","1","3","3","4","2","2","1","2","3","2","3","3","1","5","4",NA,"1","2","2","3","3","2","3","3","3","4","3","2","3","3","3","4","3","4","4","4","2","5","4",NA,"5","2","4","37","1",NA,"2","4","6","3",NA,"192","149","Region #6"
118,"1","1","2","2","3","2","4","4","3","4","4","4","2","2","3","2","2","2","3","4","3","4","4","3","3","3","3","3","3","3","5","5",NA,"4","4","3","4","2","3","4","4","3","4","4","3","4","4","3","5","3","4","53","2",NA,"4","7","5","7",NA,"206","126","Region #7"
197,"1","1","1","2","1","2","4","4","4","4","4","5","2","2","2","2","2","2","4","4","2","4","4","4","3","3","2","2","2","2","4","4","3","4","4","4","3","3","4","3","3","3","4","4","4","4","4","5","5","2","4","27","1",NA,"4","7","8","3,7",NA,"272","132","Region #7"
22,"2","2","1","3","3","2","4","4","3","3","3","3","2","3","2","3","3","2","4","4","3","4","4","3","3","3","2","3","3","3","4","4","3","4","4","4","3","4","3","2","2","5","5","5",NA,"4","4","5","5","2","4","29","2",NA,"3","5","4","7",NA,"160","184","Region #5"
160,"2","1","2","2","2","1","3","3","1","4","4","2","2","2","3","3","3","3","3","3","3","3","2","3","3","3","3","3","3","3","3","3","3","4","4","3","4","4","5","5","5",NA,"5","5",NA,"4","5","5","5","2","4","35","1",NA,"2","7","6","7",NA,NA,NA,NA
334,"2","1","1","2","1","2","4","4","4","4","4","4","3","1","2","3","2","2","4","4","3","4","4","4","1","1","1","3","2","2","5","5",NA,"5","5",NA,"4","1","3","4","2","2","5","4",NA,"4","4","5","5","2","4","29","2",NA,"2","7","6","5,7",NA,"228","129","Region #7"
338,"1","2","1","1","1","2","2","2","4","3","4","4","3","3","2","4","4","3","4","4","4","5","5",NA,"4","3","2","2","4","3","5","5",NA,"4","4","4","4","4","2","3","4","2","5","5",NA,"4","4","4","5","2","4","39","2",NA,"4","6","4","7",NA,"126","215","Other"
372,"2","2","1","2","2","1","4","4","1","3","3","1","3","2","1","3","3","2","4","4","2","4","4","2","3","3","3","4","3","3","5","5",NA,"4","4","3","3","3","2","3","3","3","4","4","3","4","3","3","5","2","4","46","5","dual gender","2","3","4","7",NA,"186","188","Region #5"
375,"2","2","1","3","3","2","4","4","2","3","3","3","3","3","2","3","3","2","3","3","2","4","4","3","3","3","2","3","3","3","3","3","2","3","3","3","3","3","2","3","3","3","4","4","3","4","4","4","5","2","4","37","1",NA,"4","5","8","7",NA,"187","190","Region #5"
18,"1","1","1","2","2","1","5","5",NA,"4","4","1","1","1","1","1","1","1","5","5",NA,"5","5",NA,"1","1","1","2","2","1","5","5",NA,"5","5",NA,"2","2","2","4","4","2","5","5",NA,"5","5",NA,"5","2","4","68","1",NA,"4","4","4","7",NA,"107","244","Region #3"
231,"3","3","1","4","4","2","4","4","4","3","3","4","3","3","2","3","3","3","4","4","2","4","3","4","4","4","2","3","3","2","5","5",NA,"4","4","4","4","4","2","3","3","4","5","5",NA,"4","3","4","5","2","4","65","2",NA,"4","4","2","7",NA,"134","218","Region #4"
343,"1","1","1","1","1","1","5","5",NA,"3","3","1","1","1","1","1","1","2","4","4","2","4","4","4","1","1","2","1","1","2","4","4","3","4","4","4","3","3","2","2","2","2","4","4","2","4","4","5","5","2","4","31","2",NA,"3","5","4","7",NA,"262","93","Region #8"
282,"1","1","1","1","1","1","5","5",NA,"4","4","3","1","1","2","2","2","2","5","5",NA,"5","5",NA,"3","3","2","3","3","2","5","5",NA,"5","5",NA,"3","3","3","4","4","3","5","5",NA,"5","5",NA,"5","2","4","60","2",NA,"2","7","6","3",NA,"236","74","Region #9"
24,"2","2","2","3","3","2","3","4","2","3","3","3","1","1","2","3","3","2","5","5",NA,"4","4","3","1","1","1","2","2","2","4","4","3","5","5",NA,"3","2","4","5","5",NA,"5","4",NA,"3","3","4","5","2","4","44","1",NA,"4","7","5","7",NA,"260","95","Region #8"
205,"4","3","3","4","4","1","4","3","2","3","2","5","3","3","3","3","3","2","4","4","2","5","4",NA,"3","3","3","4","3","2","5","5",NA,"5","4",NA,"3","3","2","3","3","2","5","5",NA,"3","3","2","5","2","4","49","4",NA,"4","6","7","7",NA,"148","222","Region #4"
339,"2","3","3","3","2","3","3","2","4","4","3","3","2","3","2","3","3","2","5","5",NA,"5","4",NA,"3","3","2","2","2","3","3","3","4","4","3","3","4","4","2","3","3","3","5","5",NA,"4","4","4","5","2","4","53","2",NA,"4","7","6","7",NA,"209","159","Region #6"
55,"4","3","1","4","4","3","4","5","1","4","4","3","3","4","2","3","4","3","3","5","2","4","4","3","4","4","2","2","3","3","4","5","2","5","5",NA,"4","4","3","4","3","4","5","5",NA,"4","4","5","5","2","4","31","2",NA,"4","5","5","7",NA,"139","251","Region #3"
253,"1","1","1","1","1","1","5","5",NA,"4","4","4","1","1","1","1","1","1","5","5",NA,"5","5",NA,"1","1","1","1","1","1","5","5",NA,"5","5",NA,"2","2","2","3","2","2","5","5",NA,"5","5",NA,"5","2","4","37","2",NA,"4","3","6","7",NA,NA,NA,NA
248,"3","2","1","4","3","2","5","5",NA,"4","4","3","3","1","1","2","2","2","5","5",NA,"4","4","3","3","3","2","2","2","2","5","4",NA,"5","4",NA,"3","3","4","3","3","4","4","4","4","4","4","4","5","2","4","23","2",NA,"2","7","6","7",NA,NA,NA,NA
232,"2","2","1","2","2","1","4","4","4","4","4","4","1","2","1","2","3","1","4","4","4","3","3","4","2","2","2","3","3","2","4","4","4","4","4","4","3","3","2","3","3","2","5","5",NA,"4","4","4","5","2","4","63","2",NA,"2","5","1","7",NA,"129","254","Region #3"
250,"3","3","2","3","3","3","4","4","4","4","4","5","3","3","2","3","3","3","3","3","3","3","4","3","2","2","3","4","4","3","4","4","3","5","5",NA,"4","4","4","3","3","3","4","4","4","3","3","5","5","2","4","44","2",NA,"4","6","4","7",NA,"221","132","Region #7"
315,"1","1","1","2","2","1","4","4","1","4","4","1","2","2","1","3","3","1","5","5",NA,"4","4","2","2","2","1","2","2","2","5","5",NA,"4","4","4","3","3","1","3","3","3","4","4","3","4","4","5","5","2","4","34","1",NA,"4","5","7","7",NA,"205","237","Other"
57,"1","1","1","2","2","2","4","4","3","4","4","3","2","2","2","2","2","2","5","5",NA,"5","5",NA,"3","3","2","3","3","3","5","5",NA,"5","5",NA,"3","3","2","3","3","3","5","5",NA,"4","4","4","5","2","4","46","1",NA,"4","6","6","2,7",NA,"214","126","Region #7"
363,"1","1","1","1","1","1","5","4",NA,"4","4","1","2","2","1","2","4","2","4","4","2","3","3","2","5","5",NA,"3","3","2","5","5",NA,"2","4","5","5","4",NA,"2","3","5","5","5",NA,"3","3","4","5","2","4","25","1",NA,"1","2","2","7",NA,"76","301","Other"
128,"1","2","1","3","3","2","4","4","4","5","5",NA,"1","1","2","3","3","2","5","5",NA,"5","5",NA,"5","5",NA,"5","5",NA,"5","5",NA,"5","5",NA,"3","4","3","5","5",NA,"5","5",NA,"5","5",NA,"5","2","4",NA,"2",NA,"4","7","2","7",NA,"192","190","Region #5"
240,"3","3","1","1","2","2","4","4","2","2","3","5","1","1","1","2","2","3","3","3","4","3","3","4","1","1","1","3","3","3","5","5",NA,"5","5",NA,"4","4","3","4","4","5","4","4","4","3","4","5","5","2","4","31","1",NA,"2","1","8","7",NA,"141","253","Region #3"
68,"1","1","1","3","3","2","3","4","1","5","5",NA,"3","3","3","3","3","2","2","3","2","3","4","3","3","3","2","2","2","2","4","4","2","5","5",NA,"3","4","4","3","3","3","5","5",NA,"4","4","5","5","2","4","30","2",NA,"2","5","6","2",NA,"120","217","Other"
241,"1","1","2","2","3","3","5","5",NA,"3","3","4","4","4","3","3","3","2","4","4","3","4","4","3","5","5",NA,"5","5",NA,"5","5",NA,"5","5",NA,"5","5",NA,"5","5",NA,"5","5",NA,"5","5",NA,"5","2","4","40","2",NA,"4","4","2","7",NA,"150","253","Region #3"
96,"3","3","2","3","3","3","4","4","4","3","3","5","2","2","2","3","3","3","4","4","3","4","4","4","2","2","1","3","3","3","5","5",NA,"5","5",NA,"3","3","2","3","3","3","4","4","4","4","4","4","5","2","4","57","2",NA,"4","7","6","7",NA,"224","175","Other"
398,"1","1","2","3","3","2","3","3","4","3","3","2","1","1","1","3","3","2","4","3","3","3","4","2","2","2","2","3","2","4","4","4","3","3","4","4","4","4","3","5","5",NA,"5","5",NA,"4","4","3","5","2","4","49","2",NA,"4","7","6","7",NA,"173","154","Region #6"
354,"1","1","1","3","3","1","4","4","1","5","4",NA,"2","2","2","3","3","2","5","5",NA,"4","4","4","3","3","2","3","3","3","5","4",NA,"4","4","4","3","3","2","4","3","3","5","5",NA,"3","3","4","5","2","4","51","1",NA,"2","3","4","7",NA,"171","218","Region #4"
256,"2","2","2","1","2","4","5","5",NA,"4","4","5","1","1","2","3","3","2","5","5",NA,"5","5",NA,"1","1","2","3","3","3","5","5",NA,"5","5",NA,"2","2","3","4","5","3","5","5",NA,"5","5",NA,"5","2","4","56","2",NA,"4","7","6","4",NA,"258","51","Other"
271,"3","3","1","2","2","3","3","3","2","3","3","5","1","1","1","3","3","3","4","4","2","5","4",NA,"2","2","1","3","4","3","3","4","2","5","4",NA,"4","4","2","4","4","4","5","5",NA,"4","4","5","5","2","4","32","2",NA,"4","7","6","7",NA,"245","110","Other"
218,"2","3","1","4","4","2","3","3","2","4","3","2","3","3","2","4","4","3","4","4","3","4","4","3","3","3","2","4","3","2","4","4","2","5","4",NA,"4","4","2","4","4","4","4","4","3","4","4","4","5","2","4","27","1",NA,"2","3","2","2,7",NA,"102","242","Other"
263,"1","1","1","2","2","2","3","4","2","4","4","4","2","2","2","2","2","2","3","3","2","3","3","2","2","2","2","3","4","3","5","5",NA,"4","4","3","3","3","4","5","5",NA,"5","5",NA,"5","5",NA,"5","2","4","45","2",NA,"2","5","2","4",NA,"208","188","Region #5"
283,"2","2","1","4","4","1","3","3","1","5","4",NA,"1","2","1","3","3","1","4","4","2","5","5",NA,"3","3","2","3","3","2","4","4","2","4","4","4","4","4","3","3","3","4","5","5",NA,"4","4","5","5","2","4","48","2",NA,"4","6","8","7",NA,NA,NA,NA
140,"1","1","1","2","3","4","3","2","2","3","2","5","2","2","1","3","3","2","3","4","3","4","4","5","3","3","2","2","3","3","3","3","4","4","3","4","2","3","2","2","3","3","4","4","2","4","4","5","5","2","4","30","2",NA,"4","5","4","4,7",NA,"126","228","Other"
104,"2","2","2","3","3","2","4","4","2","4","4","4","1","1","2","3","3","2","5","5",NA,"5","5",NA,"2","2","2","3","4","3","5","5",NA,"5","5",NA,"2","1","3","3","3","2","5","5",NA,"5","5",NA,"5","2","4","38","2",NA,"2","4","8","3",NA,"191","169","Other"
331,"1","1","1","2","2","1","4","4","4","4","4","4","2","2","2","2","2","2","4","4","2","5","5",NA,"2","2","2","2","2","2","5","5",NA,"4","4","4","4","4","2","4","4","2","4","4","2","4","4","4","5","2","4","30","2",NA,"4","7","8","7",NA,"171","141","Other"
105,"2","2","2","2","2","2","3","3","3","3","3","4","1","1","1","4","4","3","5","5",NA,"4","5","4","3","2","2","4","4","3","5","4",NA,"4","4","3","5","5",NA,"5","5",NA,"5","5",NA,"5","5",NA,"5","2","4","44","2",NA,"2","4","5","4",NA,"199","153","Region #6"
177,"1","1","1","2","2","2","4","4","2","4","4","3","3","3","2","2","2","3","4","4","4","3","3","3","1","1","1","2","3","2","5","5",NA,"5","4",NA,"2","2","2","3","3","3","5","5",NA,"3","3","4","5","2","4","21","1",NA,"2","5","6","7",NA,"211","137","Region #7"
145,"1","1","1","4","4","1","5","5",NA,"4","4","2","1","1","1","5","5",NA,"5","5",NA,"5","5",NA,"2","2","1","5","5",NA,"5","5",NA,"5","5",NA,"4","4","2","5","5",NA,"5","5",NA,"5","5",NA,"5","2","4","34","2",NA,"2","5","4","3",NA,"305","32","Region #10"
97,"1","1","1","3","3","2","4","4","3","4","4","5","2","2","2","3","3","2","5","5",NA,"4","4","5","2","2","2","3","3","2","5","5",NA,"5","5",NA,"2","2","2","3","3","3","5","5",NA,"5","5",NA,"5","2","4","32","1",NA,"3","6","4","4",NA,"229","152","Region #6"
359,"3","3","2","3","3","3","4","4","2","3","3","4","3","3","1","4","3","3","5","4",NA,"5","5",NA,"2","2","2","3","3","3","4","4","2","5","5",NA,"3","4","2","3","3","4","5","5",NA,"4","3","5","5","2","4","32","1",NA,"4","7","6","7",NA,"242","124","Region #7"
346,"3","3","2","1","2","3","5","5",NA,"3","3","4","5","5",NA,"5","5",NA,"5","5",NA,"5","5",NA,"5","5",NA,"5","5",NA,"5","5",NA,"5","5",NA,"2","2","3","2","4","5","5","5",NA,"5","5",NA,"5","2","4","37","1",NA,"2","2","4","3",NA,NA,NA,NA
237,"1","1","1","2","2","2","4","4","2","4","4","2","1","1","1","2","2","1","4","4","2","5","5",NA,"1","1","2","3","3","2","4","4","2","5","5",NA,"2","2","3","4","4","3","4","4","3","4","4","3","5","2","4","44","2",NA,"2","6","6","7",NA,"224","153","Region #6"
98,"1","1","1","1","1","1","4","4","2","4","4","3","1","1","1","2","2","2","4","4","3","4","4","3","2","2","1","3","3","2","5","5",NA,"5","5",NA,"3","3","3","3","3","3","5","5",NA,"5","5",NA,"5","2","4","28","2",NA,"2","4","2","7",NA,"131","217","Region #4"
139,"3","3","2","2","3","2","4","4","3","3","3","4","1","1","1","2","2","1","4","4","2","3","3","3","2","2","2","3","3","3","4","4","3","4","4","3","2","2","1","2","3","2","4","4","4","4","4","5","5","2","4","41","1",NA,"4","7","7","3",NA,"234","129","Region #7"
297,"4","4","4","2","2","3","4","3","3","2","2","5","2","2","2","3","1","3","3","3","3","4","4","3","2","2","3","4","4","3","5","5",NA,"5","5",NA,"3","4","1","4","4","3","5","5",NA,"5","5",NA,"5","2","4","29","2",NA,"2","1","4","7",NA,NA,NA,NA
383,"2","2","1","2","2","3","4","4","1","1","1","5","2","2","2","3","3","3","4","4","2","3","3","5","1","1","2","3","3","3","4","4","2","4","4","5","2","2","3","3","3","3","4","4","3","4","4","5","5","2","4","60","1",NA,"2","7","8","4",NA,"225","85","Region #8"
393,"1","1","2","4","4","3","5","5",NA,"4","4","4","2","2","2","3","3","3","5","5",NA,"4","4","3","3","3","1","3","3","3","5","4",NA,"3","3","3","1","1","2","4","4","4","5","5",NA,"4","4","4","5","2","4","43","2",NA,"4","7","5","3",NA,"247","62","Region #9"
269,"1","1","1","3","3","1","4","4","1","4","4","2","3","3","2","2","2","2","4","4","2","5","5",NA,"3","3","2","3","3","2","5","5",NA,"4","4","3","3","3","2","3","3","2","5","5",NA,"4","4","5","5","2","4","48","2",NA,"4","5","8","2,4,5,7,9","Mixed","116","248","Region #3"
388,"4","1","2","3","3","4","3","4","4","4","3","5","3","3","1","3","3","2","4","4","3","4","4","3","4","4","5","3","3","4","5","5",NA,"5","5",NA,"2","4","4","3","3","3","4","4","3","4","4","4","4","2","4","43","2",NA,"2","5","6","7",NA,NA,NA,NA
353,"1","1","1","3","2","2","4","4","4","4","4","4","2","2","2","2","2","2","4","4","3","4","4","4","2","3","2","2","2","3","3","4","3","4","4","5","4","4","3","4","3","3","5","4",NA,"4","4","5","5","2","4","29","2",NA,"3","7","8","7",NA,"229","154","Region #6"
215,"3","1","1","1","2","2","3","4","2","1","1","2","2","1","2","3","4","4","4","4","4","4","4","4","4","4","4","3","4","4","4","4","4","4","3","4","2","3","1","3","4","4","3","3","4","4","4","4","5","2","4","27","1",NA,"2","5","6","3",NA,"181","207","Region #4"
317,"3","4","1","2","2","3","3","3","4","2","3","1","1","1","1","3","3","4","3","3","4","4","4","4","4","3","3","4","4","4","3","3","3","3","3","4","2","2","2","4","4","4","3","3","4","3","3","4","5","3","4","28","2",NA,"2","5","6","7",NA,"218","168","Other"
325,"1","1","1","1","1","1","4","4","4","3","3","4","2","2","2","2","2","2","4","4","4","4","5","4","2","2","2","1","1","1","3","4","4","4","4","4","2","2","2","3","2","4","4","4","4","4","5","5","5","2","4","32","1",NA,"4","6","5","7",NA,"223","159","Region #6"
243,"3","3","2","2","2","2","3","3","4","3","3","4","2","2","2","3","3","2","4","4","3","4","4","4","3","3","2","2","2","3","4","4","3","4","4","3","4","4","3","4","4","3","5","5",NA,"5","5",NA,"5","2","4","36","2",NA,"4","7","8","7",NA,"203","187","Region #5"
173,"2","2","2","2","2","2","4","4","3","3","4","3","2","2","2","3","3","2","5","5",NA,"5","5",NA,"2","2","2","3","3","2","5","5",NA,"5","5",NA,"3","3","3","3","3","3","5","5",NA,"5","5",NA,"5","2","4","42","1",NA,"4","7","6","7",NA,"253","84","Region #8"
313,"2","2","1","2","2","1","4","4","2","3","3","3","2","2","1","3","3","2","4","4","3","4","4","3","2","2","2","2","2","3","4","4","3","4","4","4","2","2","2","3","3","2","4","4","3","4","4","4","5","2","4","40","1",NA,"3","7","4","7",NA,"140","213","Region #4"
147,"3","3","1","3","3","2","3","3","4","3","3","4","3","3","2","3","3","2","4","4","4","3","3","4","3","3","2","3","3","2","4","4","3","5","5",NA,"2","2","2","3","3","3","5","5",NA,"3","5","5","5","2","4","35","1",NA,"2","5","4","3",NA,"225","149","Region #6"
167,"3","3","2","4","3","2","4","3","2","4","3","4","3","3","2","3","3","2","5","5",NA,"4","4","4","3","2","2","3","3","3","5","5",NA,"4","4","5","3","3","2","4","3","2","5","5",NA,"4","4","5","5","2","4","56","2",NA,"4","4","4","7",NA,"147","253","Region #3"
403,"1","1","1","2","2","1","4","4","4","4","4","4","1","1","1","2","2","2","5","5",NA,"2","5","5","1","1","1","2","2","2","5","5",NA,"4","4","5","4","2","1","1","1","1","4","4","5","5","5",NA,"5","2","4","25","1",NA,"2","7","6","3",NA,"207","168","Other"
59,"2","2","1","2","2","1","4","3","3","3","3","5","1","1","1","2","2","2","4","4","4","4","4","4","1","1","2","2","2","3","4","4","4","5","5",NA,"2","2","2","2","2","2","4","4","4","5","5",NA,"5","2","4","35","2",NA,"2","3","4","7",NA,"108","252","Region #3"
7,"2","2","1","3","3","2","4","4","2","3","3","4","2","2","1","3","3","2","5","5",NA,"5","5",NA,"2","2","2","3","3","2","5","5",NA,"5","5",NA,"4","3","5","3","3","5","4","4","5","4","4","5","5","2","4","29","1",NA,"4","6","5","7",NA,"185","152","Region #6"
319,"1","2","1","2","2","1","5","5",NA,"5","5",NA,"2","2","1","2","3","2","4","5","3","5","5",NA,"2","2","2","3","3","2","5","5",NA,"5","5",NA,"3","3","3","5","4",NA,"5","5",NA,"4","5","4","5","2","4","62","1",NA,"4","4","5","7",NA,"178","223","Region #4"
186,"2","2","2","3","3","2","5","4",NA,"4","4","4","3","2","2","3","3","3","5","5",NA,"4","4","3","3","3","3","3","3","3","5","5",NA,"5","5",NA,"4","4","3","5","5",NA,"5","5",NA,"5","5",NA,"5","2","4","53","2",NA,"4","7","6","4",NA,"218","162","Region #6"
267,"3","3","1","3","2","3","2","2","4","2","2","5","1","2","2","4","3","2","3","3","2","4","4","4","1","2","2","3","3","2","4","4","3","4","5","4","2","2","2","3","3","2","4","4","4","5","5",NA,"5","2","4","42","2",NA,"4","7","4","7",NA,"259","129","Region #7"
298,"2","2","1","1","2","2","4","4","2","3","3","5","1","2","2","2","2","1","3","4","1","4","5","4","2","2","1","2","2","1","3","4","2","4","5","2","3","3","1","3","3","1","4","5","2","4","4","5","5","2","4","38","2",NA,"9","6","6","7",NA,"211","119","Region #7"
129,"4","4","1","5","3",NA,"4","4","1","1","1","5","3","4","1","2","1","3","4","4","2","5","5",NA,"1","2","1","1","3","1","4","5","1","4","4","5","3","2","1","2","2","3","2","2","1","4","4","5","5","2","4","48","1",NA,"4","6","4","7",NA,NA,NA,NA
246,"1","1","1","3","3","2","4","4","2","4","4","4","2","2","1","3","3","2","5","5",NA,"5","4",NA,"2","2","1","3","2","3","4","4","2","5","5",NA,"3","3","3","3","3","3","5","5",NA,"4","4","5","5","2","4","28","2",NA,"4","7","6","3",NA,"208","157","Region #6"
184,"2","2","2","4","4","2","5","5",NA,"4","4","4","2","2","2","3","3","2","4","4","3","5","5",NA,"3","3","2","3","3","3","5","5",NA,"5","5",NA,"3","3","3","3","3","3","4","4","3","5","5",NA,"5","2","4","65","2",NA,"4","4","1","7",NA,"185","220","Region #4"
35,"1","1","1","3","3","1","4","4","2","4","3","4","1","1","1","2","2","2","4","3","3","4","4","4","2","2","2","3","3","2","5","5",NA,"5","5",NA,"3","3","2","3","3","3","5","5",NA,"4","4","5","5","2","4","43","2",NA,"4","5","5","2,7",NA,"168","220","Region #4"
17,"1","3","1","3","3","2","5","5",NA,"5","5",NA,"3","2","1","5","4",NA,"3","5","4","4","5","5","3","3","2","4","4","3","4","4","3","5","5",NA,"3","3","2","5","4",NA,"5","5",NA,"5","5",NA,"5","2","4","72","2",NA,"4","5","5","7",NA,"241","93","Region #8"
301,"2","2","2","2","2","2","4","4","4","4","4","4","4","2","2","2","2","2","2","4","4","4","4","4","2","1","1","1","1","2","4","4","4","4","4","4","3","3","3","3","3","3","3","3","3","3","3","3","5","2","4","42","1",NA,"4","7","8","3",NA,"190","153","Region #6"
340,"3","3","3","1","1","5","5","5",NA,"1","1","5","2","1","2","2","2","3","5","5",NA,"5","5",NA,"2","1","3","1","1","3","5","5",NA,"5","5",NA,"3","3","3","2","2","3","5","5",NA,"5","5",NA,"5","2","4","38","2",NA,"4","3","5","3",NA,"52","308","Region #1"
178,"1","1","2",NA,"1","1","4","4","2","4","4","2","1","1","1","2","2","2","5","5",NA,"5","5",NA,"1","1","2","3","3","2","4","4","2","4","4","4","3","3","2","4","3","2","4","4","4","4","4","4","5","2","4","45","1",NA,"4","7","8","7",NA,"214","117","Region #7"
380,"2","1","1","2","2","2","3","3","2","3","3","2","1","1","2","2","2","2","3","3","1","4","4","2","2","2","2","3","3","2","4","4","4","3","4","4","3","2","3","5","4",NA,"5","4",NA,"4","4","4","5","2","4","53","2",NA,"2","5","6","3",NA,"201","115","Region #7"
95,"3","3","1","3","3","2","4","4","2","3","3","5","2","2","2","3","3","2","4","4","2","4","4","4","1","1","1","2","2","2","3","3","2","4","4","4","2","2","2","3","3","2","3","4","2","4","4","5","5","2","4","36","2",NA,"4","7","6","7",NA,"237","124","Region #7"
100,"1","1","1","1","1","1","5","5",NA,"5","5",NA,"1","1","1","3","3","1","5","5",NA,"5","5",NA,"2","2","2","3","3","3","4","4","3","4","4","4","4","4","3","3","3","4","5","5",NA,"5","5",NA,"5","2","4","73","1",NA,"4","5","2","7",NA,"76","278","Other"
355,"1","1","1","5","5",NA,"5","5",NA,"4","4","3","2","2","2","5","5",NA,"5","5",NA,"4","4","4","2","2","1","5","5",NA,"5","5",NA,"5","5",NA,"3","3","1","4","4","3","5","5",NA,"5","5",NA,"5","2","4","43","1",NA,"2","7","8","3",NA,"147","177","Other"
138,"2","2","1","3","3","1","4","4","1","3","3","4","2","2","1","2","2","2","4","4","3","4","4","5","3","3","2","2","3","3","5","5",NA,"5","5",NA,"4","4","3","1","5","5","5","5",NA,"5","5",NA,"5","2","4","49","1",NA,"2","5","5","7",NA,NA,NA,NA
73,"2","2","2","4","4","2","4","4","2","4","4","4","2","2","2","4","4","3","4","4","2","4","4","4","3","3","2","4","4","3","5","5",NA,"4","4","4","4","4","2","4","4","3","5","5",NA,"4","4","4","5","2","4","48","1",NA,"6","3","5","7",NA,"125","262","Region #3"
348,"1","1","1","1","1","1","4","4","3","4","4","3","2","2","3","2","2","3","5","5",NA,"4","4","3","1","1","3","2","2","3","5","5",NA,"5","5",NA,"2","2","3","2","2","3","5","5",NA,"5","5",NA,"5","2","4","33","2",NA,"3","4","4","3",NA,"220","183","Region #5"
219,"4","5","1","3","3","3","3","2","5","3","3","5","2","3","4","3","3","2","4","4","2","5","4",NA,"4","4","1","3","3","4","5","5",NA,"4","4","5","4","4","1","4","5","4","3","4","2","4","4","5","5","2","4","39","2",NA,"4","7","6","7",NA,"249","128","Region #7"
80,"2","2","2","4","4","3","5","5",NA,"4","4","5","3","3","3","2","3","2","5","5",NA,"4","4","4","4","4","3","4","5","3","5","5",NA,"4","4","4","3","3","3","3","4","3","5","5",NA,"3","4","3","5","2","4","46","2",NA,"9","3","2","7",NA,"168","257","Other"
74,"3","3","2","1","1","2","3","4","3","3","4","3","2","2","3","2","2","3","3","3","3","5","5",NA,"1","1","3","3","2","3","5","3",NA,"5","4",NA,"2","3","3","3","3","3","4","4","3","4","4","3","5","2","4","28","1",NA,"2","7","6","4",NA,"186","183","Region #5"
152,"1","1","1","1","1","2","4","4","4","4","4","3","1","1","1","1","2","2","4","5","2","4","3","4","2","2","2","2","2","1","4","3","3","4","4","5","3","3","3","3","3","3","3","3","3","3","3","3","5","2","4","26","2",NA,"4","7","6","7",NA,"228","172","Other"
247,"1","2","1","2","2","2","4","4","2","4","4","3","2","2","1","2","2","1","5","5",NA,"4","4","3","2","1","3","3","3","3","5","5",NA,"4","4","3","3","3","3","4","4","3","5","5",NA,"5","5",NA,"5","2","4","24","1",NA,"2","5","2","4,7",NA,"189","182","Region #5"
107,"1","1","1","1","1","1","4","4","1","3","3","1","2","3","1","2","1","1","4","4","1","5","5",NA,"2","1","2","2","2","1","4","4","1","1","4","4","1","1","2","2","2","3","5","5",NA,"5","5",NA,"5","2","4","42","1",NA,"4","7","8","7",NA,"243","60","Region #9"
245,"2","3","1","3","3","1","3","3","2","3","3","4","2","3","2","4","3","2","3","4","4","5","5",NA,"3","3","2","3","3","2","4","4","2","4","4","4","4","3","2","3","4","2","5","5",NA,"5","5",NA,"5","2","4","56","2",NA,"4","6","4","9","Mixed race","208","119","Region #7"
401,"2","2","1","2","2","1","3","3","2","3","3","4","2","2","1","2","2","1","4","4","1","5","4",NA,"3","2","1","4","3","1","4","3","2","4","4","2","2","2","2","3","3","2","4","4","2","5","5",NA,"2","2","4","36","2",NA,"2","3","4","7",NA,"196","194","Region #5"
70,"2","2","1","3","3","2","4","4","4","4","4","3","3","3","2","4","4","3","4","4","4","5","5",NA,"1","2","2","3","3","2","4","4","3","5","5",NA,"3","3","2","4","4","5","5","5",NA,"5","5",NA,"5","2","4","51","1",NA,"4","7","5","7",NA,"225","124","Region #7"
329,"2","2","2","3","2","3","3","3","2","4","4","4","1","2","1","3","3","2","4","5","2","5","5",NA,"1","1","2","3","3","4","4","5","4","4","5","3","2","3","3","5","5",NA,"5","5",NA,"4","5","5","5","2","4","26","2",NA,"2","6","6","4",NA,"179","161","Region #6"
264,"2","2","1","1","1","2","4","4","2","4","4","3","2","2","2","2","2","1","4","4","2","4","4","4","2","2","2","3","2","2","4","3","5","4","4","5","3","3","3","3","3","3","4","4","3","4","4","5","5","2","4","43","2",NA,"4","7","5","7",NA,"186","165","Region #6"
141,"2","2","1","3","3","1","4","4","1","3","3","1","2","2","2","3","3","2","4","4","2","4","4","2","3","3","3","2","3","5","4","4","3","4","4","3","4","3","3","2","4","5","5","5",NA,"5","5",NA,"5","2","4","35","1",NA,"4","3","2","7",NA,"145","218","Region #4"
210,"3","3","2","3","4","2","3","3","4","3","4","4","2","2","5","3","2","1","3","4","5","4","5","5","2","2","2","2","2","2","4","4","4","5","4",NA,"2","2","2","3","2","2","4","5","4","5","5",NA,"5","2","4","38","1",NA,"4","7","8","7",NA,"218","125","Region #7"
236,"2","2","2","3","4","4","4","4","3","3","4","3","2","2","1","2","2","2","4","4","3","3","3","4","2","2","2","2","2","2","4","4","4","4","4","3","4","3","2","2","2","4","4","4","4","3","4","4","5","2","4","38","2",NA,"4","6","6","3",NA,"178","185","Region #5"
125,"1","1","1","1","1","1","5","5",NA,"5","4",NA,"1","2","2","3","3","2","5","5",NA,"5","5",NA,"2","2","2","2","3","3","5","5",NA,"5","5",NA,"2","1","1","2","1","4","3","5","5","5","5",NA,"5","2","4","30","2",NA,"4","6","4","2",NA,"158","186","Region #5"
78,"1","1","1","1","1","1","2","1","3","3","3","5","1","1","1","1","1","1","1","1","2","4","3","2","3","3","2","2","2","3","4","3","3","3","3","5","2","1","2","1","2","1","4","3","3","3","3","5","5","2","4","28","2",NA,"2","6","2","4,7",NA,"25","303","Other"
356,"2","2","1","1","1","2","4","5","3","3","3","2","3","3","2","2","3","2","5","5",NA,"5","4",NA,"2","2","1","3","3","2","4","4","3","5","5",NA,"2","2","2","3","3","2","5","5",NA,"4","5","5","5","2","4","42","1",NA,"4","6","7","2,3",NA,"214","155","Region #6"
41,"1","1","1","2","2","2","4","4","3","4","4","4","1","2","2","3","3","3","5","5",NA,"5","5",NA,"3","3","3","2","2","3","4","4","4","4","4","4","3","3","2","5","4",NA,"4","5","5","4","4","5","5","2","4","54","2",NA,"2","5","4","7",NA,"96","249","Other"
67,"1","1","1","4","4","1","3","3","1","4","4","4","3","2","1","3","3","1","4","4","3","4","4","5","3","3","2","3","3","2","5","5",NA,"5","5",NA,"4","4","3","4","4","3","5","5",NA,"3","3","5","5","2","4","48","2",NA,"4","5","5","7",NA,NA,NA,NA
37,"2","2","1","3","3","2","5","5",NA,"5","5",NA,"2","3","2","3","3","2","4","5","3","5","5",NA,"3","3","3","3","3","3","5","5",NA,"5","5",NA,"3","3","2","5","5",NA,"5","5",NA,"4","4","5","5","2","4","53","2",NA,"1","5","6","7",NA,"182","189","Region #5"
159,"3","3","1","3","3","1","4","4","2","3","4","2","4","4","2","3","4","3","4","4","3","5","5",NA,"2","3","1","3","3","2","4","4","3","4","4","5","3","4","2","4","3","2","4","5","4","4","4","5","5","2","4","41","2",NA,"2","4","2","7",NA,"142","246","Region #3"
192,"2","3","1","1","1","1","3","3","4","4","3","4","1","1","1","3","3","2","5","5",NA,"5","5",NA,"3","3","2","3","3","2","4","4","4","3","3","5","3","3","2","4","3","2","4","4","2","3","3","5","5","2","4","42","2",NA,"4","7","8","7",NA,"176","153","Region #6"
293,"1","1","2","4","4","2","4","4","3","4","4","4","3","3","2","3","3","2","4","4","2","5","4",NA,"3","3","3","3","3","5","4","4","3","4","4","4","3","4","3","3","3","3","4","4","3","4","4","5","5","2","4","29","1",NA,"4","7","6","7",NA,"208","187","Region #5"
204,"2","2","1","3","3","2","4","4","2","3","3","5","2","2","1","3","3","2","3","4","1","5","5",NA,"1","1","1","3","1","2","3","4","1","5","5",NA,"4","4","2","5","5",NA,"5","5",NA,"3","3","5","5","2","4","52","2",NA,"4","7","6","2",NA,"206","117","Region #7"
377,"1","1","1","2","3","1","4","4","4","4","4","5","2","2","2","2","2","2","4","4","3","5","4",NA,"2","2","2","3","3","2","4","4","2","5","4",NA,"3","3","3","3","3","3","5","5",NA,"4","4","5","5","2","4","35","2",NA,"2","6","6","7",NA,"285","89","Region #8"
