"PID","RP_Hurt_Expression","RP_Hurt_Experience","RP_Hurt_Conn_Recall","RP_Hurt_Dist_Recall","RP_Hurt_Afrm_Recall","RP_Hurt_Conn_Hyp","RP_Hurt_Dist_Hyp","RP_Hurt_Afrm_Hyp","RP_Hurt_Want","RP_Joys_Expression","RP_Joys_Experience","RP_Joys_Conn_Recall","RP_Joys_Dist_Recall","RP_Joys_Afrm_Recall","RP_Joys_Conn_Hyp","RP_Joys_Dist_Hyp","RP_Joys_Afrm_Hyp","RP_Joys_Want","RP_Love_Expression","RP_Love_Experience","RP_Love_Conn_Recall","RP_Love_Dist_Recall","RP_Love_Afrm_Recall","RP_Love_Conn_Hyp","RP_Love_Dist_Hyp","RP_Love_Afrm_Hyp","RP_Love_Want","RP_Sadn_Expression","RP_Sadn_Experience","RP_Sadn_Conn_Recall","RP_Sadn_Dist_Recall","RP_Sadn_Afrm_Recall","RP_Sadn_Conn_Hyp","RP_Sadn_Dist_Hyp","RP_Sadn_Afrm_Hyp","RP_Sadn_Want","CF_Hurt_Expression","CF_Hurt_Experience","CF_Hurt_Conn_Recall","CF_Hurt_Dist_Recall","CF_Hurt_Afrm_Recall","CF_Hurt_Conn_Hyp","CF_Hurt_Dist_Hyp","CF_Hurt_Afrm_Hyp","CF_Hurt_Want","CF_Joys_Expression","CF_Joys_Experience","CF_Joys_Conn_Recall","CF_Joys_Dist_Recall","CF_Joys_Afrm_Recall","CF_Joys_Conn_Hyp","CF_Joys_Dist_Hyp","CF_Joys_Afrm_Hyp","CF_Joys_Want","CF_Love_Expression","CF_Love_Experience","CF_Love_Conn_Recall","CF_Love_Dist_Recall","CF_Love_Afrm_Recall","CF_Love_Conn_Hyp","CF_Love_Dist_Hyp","CF_Love_Afrm_Hyp","CF_Love_Want","CF_Sadn_Expression","CF_Sadn_Experience","CF_Sadn_Conn_Recall","CF_Sadn_Dist_Recall","CF_Sadn_Afrm_Recall","CF_Sadn_Conn_Hyp","CF_Sadn_Dist_Hyp","CF_Sadn_Afrm_Hyp","CF_Sadn_Want","CC_Hurt_Expression","CC_Hurt_Experience","CC_Hurt_Conn_Recall","CC_Hurt_Dist_Recall","CC_Hurt_Afrm_Recall","CC_Hurt_Conn_Hyp","CC_Hurt_Dist_Hyp","CC_Hurt_Afrm_Hyp","CC_Hurt_Want","CC_Joys_Expression","CC_Joys_Experience","CC_Joys_Conn_Recall","CC_Joys_Dist_Recall","CC_Joys_Afrm_Recall","CC_Joys_Conn_Hyp","CC_Joys_Dist_Hyp","CC_Joys_Afrm_Hyp","CC_Joys_Want","CC_Love_Expression","CC_Love_Experience","CC_Love_Conn_Recall","CC_Love_Dist_Recall","CC_Love_Afrm_Recall","CC_Love_Conn_Hyp","CC_Love_Dist_Hyp","CC_Love_Afrm_Hyp","CC_Love_Want","CC_Sadn_Expression","CC_Sadn_Experience","CC_Sadn_Conn_Recall","CC_Sadn_Dist_Recall","CC_Sadn_Afrm_Recall","CC_Sadn_Conn_Hyp","CC_Sadn_Dist_Hyp","CC_Sadn_Afrm_Hyp","CC_Sadn_Want","SS_Hurt_Expression","SS_Hurt_Experience","SS_Hurt_Conn_Recall","SS_Hurt_Dist_Recall","SS_Hurt_Afrm_Recall","SS_Hurt_Conn_Hyp","SS_Hurt_Dist_Hyp","SS_Hurt_Afrm_Hyp","SS_Hurt_Want","SS_Joys_Expression","SS_Joys_Experience","SS_Joys_Conn_Recall","SS_Joys_Dist_Recall","SS_Joys_Afrm_Recall","SS_Joys_Conn_Hyp","SS_Joys_Dist_Hyp","SS_Joys_Afrm_Hyp","SS_Joys_Want","SS_Love_Expression","SS_Love_Experience","SS_Love_Conn_Recall","SS_Love_Dist_Recall","SS_Love_Afrm_Recall","SS_Love_Conn_Hyp","SS_Love_Dist_Hyp","SS_Love_Afrm_Hyp","SS_Love_Want","SS_Sadn_Expression","SS_Sadn_Experience","SS_Sadn_Conn_Recall","SS_Sadn_Dist_Recall","SS_Sadn_Afrm_Recall","SS_Sadn_Conn_Hyp","SS_Sadn_Dist_Hyp","SS_Sadn_Afrm_Hyp","SS_Sadn_Want","Attn_Check_Never","Attn_Check_Much","Age","Age_4_TEXT","Gender","Gender_5_TEXT","Income","Education","Race","Race_9_TEXT","Community_1_x","Community_1_y","Community"
45,"1","1","1","1","1",NA,NA,NA,"1","1","1","1","1","1",NA,NA,NA,"1","1","1","1","1","1",NA,NA,NA,"1","1","1","1","1","1",NA,NA,NA,"1","1","3","1","1","1",NA,NA,NA,"1","1","1","1","1","1",NA,NA,NA,"1","1","1","1","1","1",NA,NA,NA,"1","2","2","1","1","1",NA,NA,NA,"1","1","1","1","1","1",NA,NA,NA,"1","1","1","1","1","1",NA,NA,NA,"1","1","1","1","1","1",NA,NA,NA,"1","1","1","1","1","1",NA,NA,NA,"1","1","1","1","1","1",NA,NA,NA,"1","1","1","1","1","1",NA,NA,NA,"1","1","1","1","1","1",NA,NA,NA,"1","1","1","1","1","1",NA,NA,NA,"1","1","1","4","27","2",NA,"2","1","7",NA,"189","184","Region #5"
80,"2","2","1","2","1",NA,NA,NA,"1","1","1","1","1","1",NA,NA,NA,"1","1","1","1","1","1",NA,NA,NA,"1","1","1","1","1","1",NA,NA,NA,"1","1","1","1","1","1",NA,NA,NA,"1","1","1","1","1","1",NA,NA,NA,"1","1","1","1","1","1",NA,NA,NA,"1","1","1","1","1","1",NA,NA,NA,"1","3","3","2","1","2",NA,NA,NA,"4","3","3","2","2","2",NA,NA,NA,"2","3","3","2","2","1",NA,NA,NA,"2","3","3","2","2","1",NA,NA,NA,"3","5","3",NA,NA,NA,"2","2","1","4","3","3","3","2","1",NA,NA,NA,"2","4","4","2","2","1",NA,NA,NA,"4","3","3","2","1","2",NA,NA,NA,"4","5","2","4","18","1",NA,"7","2","7",NA,"225","94","Region #8"
363,"3","4","1","2","2",NA,NA,NA,"1","1","2","1","2","1",NA,NA,NA,NA,"1","1","1","1","1",NA,NA,NA,"1","2","4","1","1","1",NA,NA,NA,"1","4","4","3","3","3",NA,NA,NA,"2","2","2","1","2","1",NA,NA,NA,"2","2","2","2","1","1",NA,NA,NA,"2","3","3","2","2","2",NA,NA,NA,"1","5","5",NA,NA,NA,"2","3","3","3","2","3","1","1","1",NA,NA,NA,"2","3","3","2","2","1",NA,NA,NA,"2","4","4","2","2","2",NA,NA,NA,"3","4","4","3","3","3",NA,NA,NA,"3","3","3","2","3",NA,NA,NA,NA,"3","4","4","2","3","3",NA,NA,NA,"3","4","5","3","3","3",NA,NA,NA,"3","5","2","4","60","1",NA,"7","6","7",NA,"223","83","Region #8"
42,"1","1","1","1","1",NA,NA,NA,"1","1","1","1","1","1",NA,NA,NA,"1","1","1","1","1","1",NA,NA,NA,"1","1","1","1","1","1",NA,NA,NA,"1","3","3","2","2","2",NA,NA,NA,"2","2","2","2","2","2",NA,NA,NA,"2","1","2","1","1","1",NA,NA,NA,"1","2","2","2","2","2",NA,NA,NA,"2","3","3","2","2","2",NA,NA,NA,"3","2","3","2","2","2",NA,NA,NA,"3","3","3","2","2","2",NA,NA,NA,"3","3","3","2","2","2",NA,NA,NA,"3","4","4","3","3","3",NA,NA,NA,"3","4","4","3","3","3",NA,NA,NA,"3","4","4","3","3","3",NA,NA,NA,"3","4","4","3","3","3",NA,NA,NA,"2","5","1","4","43","1",NA,"6","5","7",NA,"197","133","Other"
153,"2","3","1","1","2",NA,NA,NA,"2","2","3","2","2","1",NA,NA,NA,"2","1","2","1","1","1",NA,NA,NA,"2","3","3","3","3","3",NA,NA,NA,"3","3","4","2","1","1",NA,NA,NA,"2","2","2","2","3","3",NA,NA,NA,"2","1","2","1","2","2",NA,NA,NA,"1","3","3","3","2","3",NA,NA,NA,"2","4","4","2","3","3",NA,NA,NA,"3","3","3","2","2","3",NA,NA,NA,"3","3","3","2","2","3",NA,NA,NA,"2","3","3","3","4","3",NA,NA,NA,"2","5","5",NA,NA,NA,"2","2","2","4","4","4","3","3","3",NA,NA,NA,"3","3","3","3","2","3",NA,NA,NA,"2","4","4","3","3","3",NA,NA,NA,"3","5","2","4","45","2",NA,"5","6","3",NA,"198","115","Region #7"
115,"4","4","1","1","1",NA,NA,NA,"4","2","2","1","1","1",NA,NA,NA,"1","2","2","1","1","1",NA,NA,NA,"1","2","3","1","1","1",NA,NA,NA,"2","4","4","1","1","1",NA,NA,NA,"1","1","1","1","1","1",NA,NA,NA,"1","1","1","1","1","1",NA,NA,NA,"1","1","1","1","1","1",NA,NA,NA,"1","5","4",NA,NA,NA,"1","1","1","2","1","1","1","1","1",NA,NA,NA,"1","2","2","1","1","1",NA,NA,NA,"2","2","2","1","1","1",NA,NA,NA,"2","4","5","3","3","3",NA,NA,NA,"4","3","3","2","2","2",NA,NA,NA,"2","4","5","3","3","3",NA,NA,NA,"4","4","4","3","3","3",NA,NA,NA,"3","5","2","4","49","2",NA,"7","4","7",NA,"226","84","Region #8"
55,"3","4","3","3","3",NA,NA,NA,"4","2","2","2","1","2",NA,NA,NA,"2","2","2","2","1","1",NA,NA,NA,"1","3","4","2","2","2",NA,NA,NA,"2","4","4","2","3","2",NA,NA,NA,"4","2","2","2","2","2",NA,NA,NA,"2","3","3","2","2","2",NA,NA,NA,"3","3","3","2","2","2",NA,NA,NA,"4","4","4","3","3","2",NA,NA,NA,"4","4","4","2","2","2",NA,NA,NA,"4","4","4","4","4","4",NA,NA,NA,"5","4","4","2","2","2",NA,NA,NA,"4","4","4","3","4","4",NA,NA,NA,"4","4","4","3","3","3",NA,NA,NA,"4","5","5",NA,NA,NA,"5","5","5","5","4","4","3","3","3",NA,NA,NA,"4","5","2","4","32","2",NA,"7","6","7",NA,"159","183","Region #5"
28,"3","3","2","2","2",NA,NA,NA,"3","4","4","3","3","3",NA,NA,NA,"4","2","2","2","2","2",NA,NA,NA,"1","3","3","2","2","3",NA,NA,NA,"2","3","3","2","2","2",NA,NA,NA,"2","2","2","2","2","2",NA,NA,NA,"2","3","3","2","2","2",NA,NA,NA,"2","2","2","2","2","2",NA,NA,NA,"2","4","4","3","3","3",NA,NA,NA,"3","2","2","2","2","2",NA,NA,NA,"2","5","5",NA,NA,NA,"3","3","3","3","4","4","3","3","3",NA,NA,NA,"3","5","5",NA,NA,NA,"3","3","3","3","5","5",NA,NA,NA,"3","3","3","3","5","5",NA,NA,NA,"3","3","3","3","5","5",NA,NA,NA,"3","3","3","3","5","2","4","54","2",NA,"6","3","7",NA,"147","215","Region #4"
149,"1","1","1","1","1",NA,NA,NA,"1","1","1","1","1","1",NA,NA,NA,"1","1","1","1","1","1",NA,NA,NA,"1","1","2","1","1","1",NA,NA,NA,"2","1","2","3","3","3",NA,NA,NA,"2","1","3","3","2","3",NA,NA,NA,"2","1","2","2","2","2",NA,NA,NA,"1","3","3","2","3","4",NA,NA,NA,"2","3","3","3","3","3",NA,NA,NA,"3","5","3",NA,NA,NA,"3","3","3","3","5","5",NA,NA,NA,"3","3","3","3","5","3",NA,NA,NA,"3","3","3","3","5","5",NA,NA,NA,"3","3","3","3","5","5",NA,NA,NA,"3","3","3","5","5","5",NA,NA,NA,"3","3","3","3","5","5",NA,NA,NA,"3","3","3","3","5","2","4","21","2",NA,"4","2","7",NA,"151","153","Other"
333,"3","3","1","2","1",NA,NA,NA,"1","3","3","1","1","1",NA,NA,NA,"2","2","1","1","1","1",NA,NA,NA,"2","2","3","1","1","1",NA,NA,NA,"2","3","4","2","3","2",NA,NA,NA,"3","2","2","2","3","2",NA,NA,NA,"2","5","5",NA,NA,NA,"3","3","3","3","3","4","3","3","3",NA,NA,NA,"4","3","4","3","3","3",NA,NA,NA,"3","3","4","3","3","3",NA,NA,NA,"3","4","4","3","3","3",NA,NA,NA,"5","4","4","3","3","3",NA,NA,NA,"5","3","4","3","3","3",NA,NA,NA,"2","3","4","3","3","3",NA,NA,NA,"3","5","5",NA,NA,NA,"5","5","5","5","5","5",NA,NA,NA,"3","3","3","3","5","2","4","22","3",NA,"4","3","7",NA,NA,NA,NA
13,"2","3","1","1","1",NA,NA,NA,"1","2","2","2","1","1",NA,NA,NA,"2","1","1","1","1","1",NA,NA,NA,"1","1","1","2","1","1",NA,NA,NA,"2","2","2","1","2","2",NA,NA,NA,"2","2","2","2","2","2",NA,NA,NA,"2","2","2","2","2","2",NA,NA,NA,"2","2","2","2","2","2",NA,NA,NA,"2","3","2","2","2","2",NA,NA,NA,"2","3","2","2","3","2",NA,NA,NA,"2","2","2","2","2","2",NA,NA,NA,"3","3","3","3","3","3",NA,NA,NA,"2","3","4","3","3","3",NA,NA,NA,"2","3","3","3","3","3",NA,NA,NA,"3","3","3","3","3","3",NA,NA,NA,"3","3","4","2","2","2",NA,NA,NA,"2","2","3","4","38","2",NA,"4","3","3",NA,NA,NA,NA
172,"2","1","2","2","2",NA,NA,NA,"2","2","1","2","1","1",NA,NA,NA,"1","1","2","1","1","1",NA,NA,NA,"1","1","2","1","2","2",NA,NA,NA,"2","2","1","1","2","2",NA,NA,NA,"1","2","1","1","3","2",NA,NA,NA,"1","1","2","3","1","2",NA,NA,NA,"1","2","1","1","2","1",NA,NA,NA,"2","2","2","2","1","2",NA,NA,NA,"1","1","3","2","2","2",NA,NA,NA,"3","2","2","1","2","2",NA,NA,NA,"2","2","3","2","2","1",NA,NA,NA,"2","3","2","2","3","2",NA,NA,NA,"1","2","3","3","2","2",NA,NA,NA,"2","3","2","3","2","2",NA,NA,NA,"2","3","3","2","3","2",NA,NA,NA,"2","2","3","4","30","1",NA,"7","5","7",NA,"245","119","Region #7"
150,"3","3","2","3","3",NA,NA,NA,"2","3","3","2","2","2",NA,NA,NA,"2","3","3","1","1","1",NA,NA,NA,"2","4","4","2","3","3",NA,NA,NA,"3","4","4","2","3","3",NA,NA,NA,"3","4","4","2","2","2",NA,NA,NA,"2","4","4","2","2","2",NA,NA,NA,"3","4","4","2","2","2",NA,NA,NA,"3","5","5",NA,NA,NA,"3","3","3","3","4","4","2","2","2",NA,NA,NA,"2","5","5",NA,NA,NA,"3","3","3","3","4","4","3","3","3",NA,NA,NA,"3","4","4","3","3","3",NA,NA,NA,"3","4","4","3","3","3",NA,NA,NA,"3","5","5",NA,NA,NA,"3","3","3","3","4","4","3","3","3",NA,NA,NA,"3","5","2","4","38","1",NA,"4","5","7",NA,"184","188","Region #5"
166,"1","4","3","1","1",NA,NA,NA,"2","1","1","1","1","1",NA,NA,NA,"1","1","1","1","1","1",NA,NA,NA,"1","2","2","1","1","1",NA,NA,NA,"1","3","4","1","1","1",NA,NA,NA,"4","1","1","1","1","1",NA,NA,NA,"1","1","1","1","1","1",NA,NA,NA,NA,"2","2","1","1","1",NA,NA,NA,"1","2","5","3","3","3",NA,NA,NA,"2","2","2","1","2","2",NA,NA,NA,"2","4","4","3","3","3",NA,NA,NA,"3","4","4","3","3","3",NA,NA,NA,"3","5","5",NA,NA,NA,"3","3","3","3","5","3",NA,NA,NA,"3","3","3","3","5","5",NA,NA,NA,"3","3","3","3","4","4","2","2","2",NA,NA,NA,"3","5","2","4","32","1",NA,"7","5","7",NA,"244","121","Region #7"
265,"1","1","1","1","2",NA,NA,NA,"1","1","1","1","1","1",NA,NA,NA,"1","1","1","1","1","1",NA,NA,NA,"1","2","2","2","2","2",NA,NA,NA,"2","2","2","2","2","2",NA,NA,NA,"2","2","2","2","2","2",NA,NA,NA,"2","2","2","2","2","2",NA,NA,NA,"2","2","2","2","2","2",NA,NA,NA,"2","3","3","2","1","1",NA,NA,NA,"2","1","2","1","1","2",NA,NA,NA,"2","5","5",NA,NA,NA,"2","2","2","4","3","3","2","3","2",NA,NA,NA,"2","5","5",NA,NA,NA,"3","3","3","5","5","5",NA,NA,NA,"3","5","3","5","5","5",NA,NA,NA,"3","3","3","5","5","5",NA,NA,NA,"3","3","3","5","5","2","4","36","2",NA,"6","3","7",NA,"165","170","Region #5"
198,"1","4","1","1","1",NA,NA,NA,"1","1","1","1","1","1",NA,NA,NA,"1","1","1","1","1","1",NA,NA,NA,"1","3","4","1","1","1",NA,NA,NA,"1","1","3","1","1","1",NA,NA,NA,"1","1","1","1","1","1",NA,NA,NA,"1","1","1","1","1","1",NA,NA,NA,"1","2","4","1","1","1",NA,NA,NA,"1","5","5",NA,NA,NA,"3","3","3","3","3","3","3","3","3",NA,NA,NA,"3","5","5",NA,NA,NA,"5","5","5","5","4","4","3","3","3",NA,NA,NA,"3","5","5",NA,NA,NA,"3","3","3","4","4","4","2","2","3",NA,NA,NA,"2","4","4","3","4","4",NA,NA,NA,"4","3","3","2","2","3",NA,NA,NA,"2","5","2","4","56","2",NA,"7","2","7",NA,"186","148","Region #6"
223,"2","3","1","2","2",NA,NA,NA,"2","2","2","1","1","1",NA,NA,NA,"1","2","2","1","1","1",NA,NA,NA,"2","2","3","1","2","2",NA,NA,NA,"2","3","3","2","3","3",NA,NA,NA,"2","4","4","2","2","2",NA,NA,NA,"3","4","4","2","2","2",NA,NA,NA,"3","2","2","2","2","3",NA,NA,NA,"2","2","3","4","3","3",NA,NA,NA,"3","5","3",NA,NA,NA,"2","2","2","2","5","4",NA,NA,NA,"2","3","3","3","4","4","3","3","3",NA,NA,NA,"3","4","4","3","3","3",NA,NA,NA,"4","5","5",NA,NA,NA,"1","3","2","3","5","5",NA,NA,NA,"3","3","3","4","5","5",NA,NA,NA,"3","3","3","5","5","2","4","36","1",NA,"6","2","1",NA,"156","192","Region #5"
307,"2","1","1","1","1",NA,NA,NA,"1","1","1","1","1","1",NA,NA,NA,"1","1","1","1","1","1",NA,NA,NA,"1","1","1","1","1","2",NA,NA,NA,"1","1","1","1","1","1",NA,NA,NA,"1","2","1","1","1","2",NA,NA,NA,"1","5","5",NA,NA,NA,"1","5","1","2","3","3","2","2","2",NA,NA,NA,"2","4","4","2","2","2",NA,NA,NA,"2","2","2","3","3","3",NA,NA,NA,"1","5","5",NA,NA,NA,"1","1","1","4","4","4","2","2","2",NA,NA,NA,"2","4","4","3","3","3",NA,NA,NA,"2","1","1","3","3","3",NA,NA,NA,"1","5","5",NA,NA,NA,"2","3","3","5","5","5",NA,NA,NA,"3","2","3","2","5","2","4","26","1",NA,"4","2","4,7",NA,"90","244","Other"
290,"3","4","3","3","3",NA,NA,NA,"2","1","1","1","1","1",NA,NA,NA,"1","2","2","1","1","1",NA,NA,NA,"1","3","3","2","2","2",NA,NA,NA,"2","3","3",NA,"3","3",NA,NA,NA,"2","1","1","2","1","1",NA,NA,NA,"1","3",NA,"2","2","2",NA,NA,NA,"2","2","2","2","2","2",NA,NA,NA,"2","2","2","2","2","2",NA,NA,NA,"2","3","2","2","2","2",NA,NA,NA,"2","2","2","2","2","2",NA,NA,NA,"2","3","3","3","3","3",NA,NA,NA,"2",NA,"4","3","4","3",NA,NA,NA,"5","4",NA,"4","3","3",NA,NA,NA,"4","5","5",NA,NA,NA,"3","3","3","4","4","4","3","3","3",NA,NA,NA,"3","2","2","4","27","2",NA,"7","6","7",NA,"262","103","Region #8"
113,"3","3","1","2","1",NA,NA,NA,"2","3","2","1","1","2",NA,NA,NA,"3","2","1","1","1","1",NA,NA,NA,"2","4","4","2","2","2",NA,NA,NA,"2","3","3","2","2","2",NA,NA,NA,"3","2","2","1","2","1",NA,NA,NA,"2","4","4","2","2","2",NA,NA,NA,"2","3","3","2","2","1",NA,NA,NA,"2","4","3","2","3","4",NA,NA,NA,"5","3","3","2","2","3",NA,NA,NA,"2","5","5",NA,NA,NA,"5","5","5","5","4","4","2","3","3",NA,NA,NA,"3","4","4","2","2","4",NA,NA,NA,"5","4","4","3","2","3",NA,NA,NA,"3","5","4",NA,NA,NA,"3","4","5","5","4","4","2","3","4",NA,NA,NA,"3","5","2","4","24","2",NA,"5","3","7",NA,NA,NA,NA
335,"1","3","1","1","1",NA,NA,NA,"1","1","1","1","1","1",NA,NA,NA,"1","1","1","1","1","1",NA,NA,NA,"1","1","1","1","1","1",NA,NA,NA,"1","1","4","1","1","1",NA,NA,NA,"1","1","1","1","1","1",NA,NA,NA,"1","1","1","1","1","1",NA,NA,NA,"1","1","1","1","1","1",NA,NA,NA,"1","4","4","3","3","3",NA,NA,NA,"3","4","4","3","3","3",NA,NA,NA,"3","4","4","3","3","3",NA,NA,NA,"3","4","4","3","3","3",NA,NA,NA,"3","5","5",NA,NA,NA,"3","3","3","3","5","5",NA,NA,NA,"3","3","3","3","5","5",NA,NA,NA,"3","3","3","3","5","5",NA,NA,NA,"3","3","3","3","5","5","4","32","2",NA,"3","2","7",NA,"262","96","Region #8"
231,"3","4","1","1","1",NA,NA,NA,"1","1","1","1","1","1",NA,NA,NA,"1","1","1","1","1","1",NA,NA,NA,"1","1","3","1","1","1",NA,NA,NA,"1","2","4","1","1","1",NA,NA,NA,"1","1","1","1","1","1",NA,NA,NA,"1","1","1","1","1","1",NA,NA,NA,"1","3","3","1","1","1",NA,NA,NA,"1","3","4","1","1","1",NA,NA,NA,"1","2","2","1","1","1",NA,NA,NA,"1","1","2","1","1","1",NA,NA,NA,"1","3","3","1","1","1",NA,NA,NA,"1","4","4","2","2","2",NA,NA,NA,"2","4","4","2","2","2",NA,NA,NA,"4","4","4","2","2","2",NA,NA,NA,"4","4","4","2","2","2",NA,NA,NA,"4","5","2","4","25","2",NA,"7","3","7",NA,"271","169","Other"
346,"2","4","2","3","2",NA,NA,NA,"2","2","2","2","2","1",NA,NA,NA,"1","1","1","1","1","1",NA,NA,NA,"1","3","3","2","2","2",NA,NA,NA,"2","4","4","2","2","2",NA,NA,NA,"3","2","3","3","3","3",NA,NA,NA,"2","3","3","2","2","2",NA,NA,NA,"2","3","4","2","2","2",NA,NA,NA,"2","4","4","2","3","2",NA,NA,NA,"2","4","4","3","3","3",NA,NA,NA,"3","4","4","2","2","2",NA,NA,NA,"2","3","4","2","3","2",NA,NA,NA,"2","4","4","3","3","3",NA,NA,NA,"3","4","4","3","3","3",NA,NA,NA,"3","4","4","3","3","3",NA,NA,NA,"3","4","4","3","3","3",NA,NA,NA,"3","5","2","4","28","1",NA,"5","6","7",NA,"170","151","Other"
170,"4","4","1","2","1",NA,NA,NA,"3","1","1","1","1","1",NA,NA,NA,"2","1","2","1","1","1",NA,NA,NA,"1","4","5","2","2","2",NA,NA,NA,"2","2","2","1","1","1",NA,NA,NA,"1","2","2","2","2","1",NA,NA,NA,"1","2","2","1","2","2",NA,NA,NA,"2","1","1","1","2","1",NA,NA,NA,"1","3","3","2","3","3",NA,NA,NA,"2","5","5",NA,NA,NA,"2","2","3","2","2","4","4","4","3",NA,NA,NA,"4","4","4","2","2","2",NA,NA,NA,"2","4","4","2","2","3",NA,NA,NA,"2","3","2","2","3","3",NA,NA,NA,"2","4","4","3","2","3",NA,NA,NA,"3","4","5","3","2","2",NA,NA,NA,"3","5","2","4","37","2",NA,"7","3","7",NA,"268","120","Region #7"
94,"3","3","2","2","1",NA,NA,NA,"1","1","1","1","1","1",NA,NA,NA,"1","3","1","1","1","1",NA,NA,NA,"1","4","3","2","3","2",NA,NA,NA,"1","3","2","1","1","1",NA,NA,NA,"1","2","2","1","1","1",NA,NA,NA,"1","1","1","1","1","1",NA,NA,NA,"1","3","3","1","1","1",NA,NA,NA,"1","3","3","2","2","2",NA,NA,NA,"2","3","3","3","2","2",NA,NA,NA,"3","5","5",NA,NA,NA,"3","3","5","4","4","4","3","2","3",NA,NA,NA,"3","4","4","1","2","2",NA,NA,NA,"2","4","4","2","2","2",NA,NA,NA,"3","5","5",NA,NA,NA,"5","4","4","5","4","4","5","2","5",NA,NA,NA,"2","5","2","4","19","3",NA,"7","3","7",NA,"145","222","Region #4"
5,"3","3","1","1","1",NA,NA,NA,"1","2","1","1","1","1",NA,NA,NA,"1","1","1","1","1","1",NA,NA,NA,"1","2","2","1","1","1",NA,NA,NA,"1","3","3","1","1","1",NA,NA,NA,"2","2","2","1","1","1",NA,NA,NA,"1","2","2","1","1","1",NA,NA,NA,"2","3","3","1","1","2",NA,NA,NA,"2","4","4","3","2","2",NA,NA,NA,"3","4","3","2","2","2",NA,NA,NA,"3","4","3","2","2","2",NA,NA,NA,"3","4","4","3","3","3",NA,NA,NA,"3","4","4","2","3","3",NA,NA,NA,"4","4","4","3","3","3",NA,NA,NA,"4","4","4","2","2","3",NA,NA,NA,"4","4","4","2","2","2",NA,NA,NA,"4","5","3","4","28","3",NA,"4","5","7",NA,"125","255","Region #3"
133,"3","4","2","2","2",NA,NA,NA,"2","2","2","2","2","2",NA,NA,NA,"2","2","2","2","2","2",NA,NA,NA,"2","3","3","2","2","2",NA,NA,NA,"2","3","3","2","2","2",NA,NA,NA,"2","3","3","2","2","2",NA,NA,NA,"2","3","3","2","2","2",NA,NA,NA,"3","3","3","2","2","2",NA,NA,NA,"2","3","3","2","2","2",NA,NA,NA,"3","3","4","3","2","2",NA,NA,NA,"3","3","3","2","2","2",NA,NA,NA,"3","3","3","2","2","2",NA,NA,NA,"3",NA,"3","2","3","3",NA,NA,NA,"3","3","3","2","2","3",NA,NA,NA,"3","4","4","2","2","3",NA,NA,NA,"3","3","3","3","3","3",NA,NA,NA,"3","5","2","4","45","2",NA,"8","6","7",NA,NA,NA,NA
226,"4","3","1","1","2",NA,NA,NA,"5","4","4","2","2","2",NA,NA,NA,"3","2","1","1","1","1",NA,NA,NA,"1","3","3","2","2","2",NA,NA,NA,"2","2","3","2","3","2",NA,NA,NA,"1","3","3","2","2","2",NA,NA,NA,"2","5","5",NA,NA,NA,"5","5","5","4","3","3","2","2","2",NA,NA,NA,"2","3","3","2","2","2",NA,NA,NA,"2","3","3","2","2","2",NA,NA,NA,"2","5","5",NA,NA,NA,"5","5","5","4","3","3","2","2","2",NA,NA,NA,"2","3","3","3","3","3",NA,NA,NA,"2","4","4","3","3","3",NA,NA,NA,"3","5","5",NA,NA,NA,"5","5","5","3","4","4","3","3","3",NA,NA,NA,"3","5","2","4","60","2",NA,"6","5","7",NA,"244","95","Region #8"
298,"3","4","2","2","2",NA,NA,NA,"2","2","2","1","1","1",NA,NA,NA,"1","1","1","1","1","1",NA,NA,NA,"1","2","2","1","1","1",NA,NA,NA,"2","4","4","2","2","2",NA,NA,NA,"2","1","2","1","1","1",NA,NA,NA,"2","2","2","1","1","1",NA,NA,NA,"2","3","3","2","2","1",NA,NA,NA,"2",NA,"4","2","2","2",NA,NA,NA,"3","3","3","1","1","1",NA,NA,NA,"2","3","2","1","1","1",NA,NA,NA,"2","3","3","2","1","1",NA,NA,NA,"2","4","4","3","3","3",NA,NA,NA,"3","4","4","2","2","2",NA,NA,NA,"4","5","5",NA,NA,NA,"3","3","3","5","4","5","3","3","3",NA,NA,NA,"3","5","2","4","24","2",NA,"5","5","7",NA,"207","161","Region #6"
40,"2","3","1","1","1",NA,NA,NA,"2","1","1","1","1","1",NA,NA,NA,"1","1","1","1","1","1",NA,NA,NA,"1","1","1","1","1","1",NA,NA,NA,"1","1","3","2","2","2",NA,NA,NA,"2","1","1","1","1","1",NA,NA,NA,"1","2","2","2","2","1",NA,NA,NA,"1","1","3","1","1","1",NA,NA,NA,"1","5","5",NA,NA,NA,"3","3","3","3","3","3","3","3","3",NA,NA,NA,"3","4","3","2","3","2",NA,NA,NA,"3","5","5",NA,NA,NA,"3","3","3","3","5","5",NA,NA,NA,"3","3","3","4","3","4","3","3","3",NA,NA,NA,"4","5","5",NA,NA,NA,"3","3","3","4","4","4","3","3","3",NA,NA,NA,"4","5","2","4","25","1",NA,"4","2","7",NA,NA,NA,NA
127,"2","2","1","1","1",NA,NA,NA,"2","2","2","1","1","1",NA,NA,NA,"2","1","2","1","1","1",NA,NA,NA,"1","2","2","1","1","1",NA,NA,NA,"2","3","3","2","2","2",NA,NA,NA,"2","2","2","1","1","1",NA,NA,NA,"2","3","3","1","2","1",NA,NA,NA,"2","3","3","2","2","2",NA,NA,NA,"2","4","4","3","3","3",NA,NA,NA,"3","4","4","2","2","3",NA,NA,NA,"3","5","5",NA,NA,NA,"3","3","3","4","4","4","3","3","3",NA,NA,NA,"3","4","3","2","2","4",NA,NA,NA,"4","4","4","2","2","4",NA,NA,NA,"4","5","5",NA,NA,NA,"2","2","4","5","5","5",NA,NA,NA,"2","2","4","4","5","2","4","36","2",NA,"5","5","7",NA,"142","248","Region #3"
44,"1","2","1","1","2",NA,NA,NA,"1","1","1","1","1","1",NA,NA,NA,"1","2","1","1","2","1",NA,NA,NA,"2","1","1","1","1","1",NA,NA,NA,"2","1","1","1","1","1",NA,NA,NA,"1","1","1","1","2","2",NA,NA,NA,"2","1","1","1","1","1",NA,NA,NA,"1","2","2","2","2","2",NA,NA,NA,"2","3","3","2","3","2",NA,NA,NA,"2","2","2","2","2","2",NA,NA,NA,"2","3","3","2","1","1",NA,NA,NA,"2","2","2","2","2","2",NA,NA,NA,"2","4","4","3","3","4",NA,NA,NA,"3","4","4","4","3","3",NA,NA,NA,"3","4","4","3","3","3",NA,NA,NA,"3","4","4","3","3","3",NA,NA,NA,"3","1","2","4","24","2",NA,"4","2","4",NA,"206","188","Region #5"
312,"1","1","1","1","1",NA,NA,NA,"1","1","1","1","1","1",NA,NA,NA,"1","1","1","1","1","1",NA,NA,NA,"1","1","1","1","1","1",NA,NA,NA,"1","2","1","1","2","2",NA,NA,NA,"1","1","1","1","1","1",NA,NA,NA,"1","2","2","1","1","1",NA,NA,NA,"1","1","1","1","1","2",NA,NA,NA,"1","1","1","1","1","1",NA,NA,NA,"1","1","1","1","1","1",NA,NA,NA,"1","1","1","1","1","1",NA,NA,NA,"1","1","1","1","1","1",NA,NA,NA,"1","4","4","3","3","3",NA,NA,NA,"3","3","4","3","3","3",NA,NA,NA,"3","4","4","3","3","3",NA,NA,NA,"3","4","4","4","3","3",NA,NA,NA,"4","5","1","4","31","2",NA,"6","4","7",NA,NA,NA,NA
121,"1","2","2","2","1",NA,NA,NA,"2","1","1","1","1","1",NA,NA,NA,"1","1","1","1","1","1",NA,NA,NA,"1","1","1","1","1","1",NA,NA,NA,"1","4","4","2","2","2",NA,NA,NA,"2","2","2","2","2","1",NA,NA,NA,"2","1","1","1","1","1",NA,NA,NA,"1","3","3","2","2","2",NA,NA,NA,"2","4","5","1","1","1",NA,NA,NA,"4","2","1","1","1","1",NA,NA,NA,"1","2","1","1","1","1",NA,NA,NA,"2","3","3","2","2","2",NA,NA,NA,"2","5","5",NA,NA,NA,"2","2","2","2","3","3","2","2","2",NA,NA,NA,"2","3","3","2","2","2",NA,NA,NA,"3","4","4","3","3","3",NA,NA,NA,"3","5","2","4","32","1",NA,"6","5","5",NA,"178","216","Region #4"
9,"4","4","5","4","4",NA,NA,NA,"2","4","4","2","2","3",NA,NA,NA,"3","3","3","4","4","2",NA,NA,NA,"2","4","4","3","3","3",NA,NA,NA,"3","3","3","3","3","3",NA,NA,NA,"2","3","2","2","2","2",NA,NA,NA,"2","2","2","2","2","2",NA,NA,NA,"2","2","2","2","1","2",NA,NA,NA,"2","5","5",NA,NA,NA,"3","5","3","3","4","2","3","3","3",NA,NA,NA,"3","3","4","5","5","5",NA,NA,NA,"3","5","5",NA,NA,NA,"3","3","3","3","5","5",NA,NA,NA,"3","5","3","4","2","2","3","2","2",NA,NA,NA,"3","3","4","3","3","3",NA,NA,NA,"3","5","5",NA,NA,NA,"3","3","3","3","5","4","4","41","2",NA,"7","6","7",NA,"189","131","Other"
248,"2","3","2","1","1",NA,NA,NA,"2","2","2","1","1","1",NA,NA,NA,"2","2","2","1","1","1",NA,NA,NA,"1","2","1","1","1","1",NA,NA,NA,"1","2","2","2","2","1",NA,NA,NA,"1","2","2","1","1","1",NA,NA,NA,"1","2","1","2","2","1",NA,NA,NA,"1","1","1","1","1","1",NA,NA,NA,"1","3","3","2","2","2",NA,NA,NA,"2","2","3","2","1","2",NA,NA,NA,"2","4","3","2","2","2",NA,NA,NA,"2","2","4","2","2","2",NA,NA,NA,"1","3","4","2","2","3",NA,NA,NA,"2","3","3","2","2","4",NA,NA,NA,"2","5","4",NA,NA,NA,"2","2","4","5","3","4","2","2","4",NA,NA,NA,"2","5","2","4","42","1",NA,"5","5","7",NA,NA,NA,NA
180,"5","3",NA,NA,NA,"2","2","2","5","4","5","3","3","3",NA,NA,NA,"5","5","5",NA,NA,NA,"3","2","3","4","5","5",NA,NA,NA,"2","2","2","4","4","5","1","1","1",NA,NA,NA,"2","1","2","1","1","1",NA,NA,NA,"1","1","2","1","1","1",NA,NA,NA,"1","1","4","1","1","1",NA,NA,NA,"1","4","4","2","2","2",NA,NA,NA,"2","4","4",NA,"2","2",NA,NA,NA,"2","4","4","2","2","2",NA,NA,NA,"2","2","4","2","2","2",NA,NA,NA,"2","5","4",NA,NA,NA,"3","3","3","3","5","5",NA,NA,NA,"3","4","4","3","5","5",NA,NA,NA,"4","4","4","4","5","5",NA,NA,NA,"3","2","3","3","5","2","4","62","2",NA,"4","2","7",NA,"176","190","Region #5"
135,"2","5","2","2","2",NA,NA,NA,"2","1","1","1","2","1",NA,NA,NA,"2","1","1","1","1","1",NA,NA,NA,"1","2","2","2","1","1",NA,NA,NA,"2","3","4","3","3","3",NA,NA,NA,"3","2","2","2","1","1",NA,NA,NA,"1","5","4",NA,NA,NA,"4","4","4","5","3","3","2","2","2",NA,NA,NA,"3","5","5",NA,NA,NA,"3","3","3","5","3","3","3","3","3",NA,NA,NA,"2","5","5",NA,NA,NA,"5","5","5","5","4","4","3","3","3",NA,NA,NA,"3","5","5",NA,NA,NA,"3","3","3","4","5","5",NA,NA,NA,"4","4","4","4","5","5",NA,NA,NA,"5","5","5","5","4","4","3","2","2",NA,NA,NA,"4","5","2","4","19","1",NA,"7","3","2",NA,"256","95","Region #8"
96,"4","4","1","2","2",NA,NA,NA,"2","1","1","1","1","1",NA,NA,NA,"1","1","1","1","1","1",NA,NA,NA,"1","3","3","1","1","1",NA,NA,NA,"2","4","4","1","2","1",NA,NA,NA,"2","3","3","1","2","1",NA,NA,NA,"2","3","2","1","1","1",NA,NA,NA,"2","4","4","2","2","2",NA,NA,NA,"2","4","4","3","2","2",NA,NA,NA,"3","4","4","3","2","2",NA,NA,NA,"3","4","4","2","2","2",NA,NA,NA,"3","4","4","2","3","3",NA,NA,NA,"3","4","5","4","4","3",NA,NA,NA,"4","4","5","3","2","3",NA,NA,NA,"4","5","5",NA,NA,NA,"2","2","2","4","5","5",NA,NA,NA,"3","3","3","4","5","2","4","42","2",NA,"7","6","7",NA,NA,NA,NA
340,"2","3","2","2","1",NA,NA,NA,"2","1","1","1","1","1",NA,NA,NA,"1","1","1","1","1","1",NA,NA,NA,"1","2","2","1","1","1",NA,NA,NA,"1","4","4","3","3","3",NA,NA,NA,"4","3","2","2","2","2",NA,NA,NA,"3","5","5",NA,NA,NA,"2","2","1","5","4","4","2","2","2",NA,NA,NA,"4","4","4","3","3","3",NA,NA,NA,"3","4","4","3","3","3",NA,NA,NA,"3","5","5",NA,NA,NA,"4","3","4","5","4","4","3","3","3",NA,NA,NA,"3","5","5",NA,NA,NA,"3","3","3","3","4","4","3","3","3",NA,NA,NA,"3","5","5",NA,NA,NA,"4","4","4","3","3","4","2","3","2",NA,NA,NA,"3","5","2","4","20","1",NA,"3","3","4",NA,NA,NA,NA
154,"1","1","1","1","1",NA,NA,NA,"1","1","1","1","1","1",NA,NA,NA,"2","1","1","1","1","1",NA,NA,NA,"2","1","1","1","1","1",NA,NA,NA,"1","2","2","2","3","3",NA,NA,NA,"2","3","2","2","2","2",NA,NA,NA,"2","1","1","2","2","2",NA,NA,NA,"2","3","3","2","2","2",NA,NA,NA,"2","2","3","3","3","3",NA,NA,NA,"2","3","3","2","2","2",NA,NA,NA,"2","3","3","3","3","3",NA,NA,NA,"2","3","3","2","2","2",NA,NA,NA,"2","3","4","3","3","3",NA,NA,NA,"3","4","4","3","3","3",NA,NA,NA,"3","3","3","3","3","3",NA,NA,NA,"3","3","3","3","3","3",NA,NA,NA,"3","3","1","4","22","2",NA,"5","5","3",NA,"179","164","Region #6"
181,"3","3","2","2","2",NA,NA,NA,"2","1","1","1","1","1",NA,NA,NA,"1","1","1","1","1","1",NA,NA,NA,"1","3","3","2","1","1",NA,NA,NA,"1","2","3","1","1","1",NA,NA,NA,"1","1","2","1","1","1",NA,NA,NA,"1","1","1","1","1","1",NA,NA,NA,"1","2","3","1","1","1",NA,NA,NA,"1","4","4","3","3","3",NA,NA,NA,"3","3","3","2","2","2",NA,NA,NA,"2","3","3","2","2","2",NA,NA,NA,"2","3","3","2","2","2",NA,NA,NA,"2","4","4","3","3","3",NA,NA,NA,"3","4","4","2","2","2",NA,NA,NA,"3","5","5",NA,NA,NA,"3","3","3","3","5","5",NA,NA,NA,"2","2","2","3","5","2","4","35","2",NA,"7","6","7",NA,"226","79","Other"
72,"3","3","2","2","2",NA,NA,NA,"3","2","2","1","1","1",NA,NA,NA,"2","2","2","1","1","1",NA,NA,NA,"2","3","3","1","1","1",NA,NA,NA,"2","3","4","2","3","3",NA,NA,NA,"2","1","1","1","1","1",NA,NA,NA,"1","2","2","1","1","1",NA,NA,NA,"1","2","3","1","1","1",NA,NA,NA,"1","4","4","4","4","4",NA,NA,NA,"4","4","4","3","3","3",NA,NA,NA,"4","4","4","3","3","3",NA,NA,NA,"4","4","4","3","3","3",NA,NA,NA,"4","4","4","3","3","3",NA,NA,NA,"3","3","4","2","2","2",NA,NA,NA,"3","4","4","3","3","3",NA,NA,NA,"4","3","3","2","2","2",NA,NA,NA,"3","5","2","4","31","2",NA,"7","5","7",NA,"216","143","Region #6,Region #7"
163,"3","4","2","2","2",NA,NA,NA,"2","1","1","1","1","1",NA,NA,NA,"1","1","1","1","1","1",NA,NA,NA,"1","3","3","2","2","2",NA,NA,NA,"2","4","4","1","2","2",NA,NA,NA,"2","2","2","1","2","2",NA,NA,NA,"1","3","4","1","1","1",NA,NA,NA,"1","4","4","2","2","2",NA,NA,NA,"2","4","3","5","5","5",NA,NA,NA,"5","2","2","2","2","2",NA,NA,NA,"2","4","4","2","2","2",NA,NA,NA,"1","3","3","2","2","2",NA,NA,NA,"2","5","5",NA,NA,NA,"4","4","4","4","5","5",NA,NA,NA,"2","2","2","1","5","5",NA,NA,NA,"2","2","2","2","5","5",NA,NA,NA,"2","2","2","2","5","2","4","27","2",NA,"1","5","7",NA,"112","256","Region #3"
211,"3","3","1","1","1",NA,NA,NA,"4","3","3","1","1","1",NA,NA,NA,"3","1","1","1","1","1",NA,NA,NA,"1","3","2","1","1","1",NA,NA,NA,"3","2","2","1","1","1",NA,NA,NA,"2","1","1","1","1","1",NA,NA,NA,"1","2","1","1","2","1",NA,NA,NA,"1","1","1","1","1","1",NA,NA,NA,"1","3","3","2","2","2",NA,NA,NA,"2","1","2","1","1","2",NA,NA,NA,"1","4","2","2","1","3",NA,NA,NA,"3","1","3","2","3","3",NA,NA,NA,"1","3","3","2","2","3",NA,NA,NA,"2","3","4","2","2","3",NA,NA,NA,"3","4","3","4","4","3",NA,NA,NA,"3","4","4","3","3","3",NA,NA,NA,"3","5","2","4","26","2",NA,"7","11","7",NA,"170","206","Region #4"
103,"4","4","1","1","1",NA,NA,NA,"2","2","2","1","1","1",NA,NA,NA,"1","1","1","1","1","1",NA,NA,NA,"1","3","3","1","1","1",NA,NA,NA,"1","3","4","1","2","1",NA,NA,NA,"2","2","2","1","1","1",NA,NA,NA,"1","1","2","1","1","1",NA,NA,NA,"1","4","4","1","2","1",NA,NA,NA,"1","4","3","2","2","2",NA,NA,NA,"2","3","3","1","2","2",NA,NA,NA,"2","4","2","2","2","2",NA,NA,NA,"2","4","4","2","2","2",NA,NA,NA,"3","3","4","2","2","2",NA,NA,NA,"3","3","3","2","2","2",NA,NA,NA,"3","3","3","2","2","2",NA,NA,NA,"2","3","4","2","2","3",NA,NA,NA,"3","5","2","4","52","2",NA,"3","6","7",NA,"150","258","Region #3"
356,"1","3","1","1","1",NA,NA,NA,"1","1","1","1","1","1",NA,NA,NA,"1","1","1","1","1","1",NA,NA,NA,"1","1","1","1","1","1",NA,NA,NA,"1","2","4","1","1","1",NA,NA,NA,"2","1","1","2","1","1",NA,NA,NA,"1","1","1","1","1","1",NA,NA,NA,"1","3","2","1","1","1",NA,NA,NA,"1","5","5",NA,NA,NA,"3","3","3","3","3","3","3","2","3",NA,NA,NA,"2","5","5",NA,NA,NA,"3","3","3","5","3","4","3","3","3",NA,NA,NA,"3","2","3","2","2","3",NA,NA,NA,"2","2","3","2","2","3",NA,NA,NA,"2","3","3","2","1","1",NA,NA,NA,"3","3","3","2","2","3",NA,NA,NA,"2","5","2","4","21","2",NA,"2","2","5,7",NA,"132","219","Region #4"
85,"5","4",NA,NA,NA,"3","3","3","2","2","2","2","2","2",NA,NA,NA,"2","2","2","2","2","2",NA,NA,NA,"2","3","3","3","3","2",NA,NA,NA,"2","2","3","2","2","2",NA,NA,NA,"2","2","2","2","2","2",NA,NA,NA,"2","2","2","2","2","2",NA,NA,NA,"2","3","3","2","2","2",NA,NA,NA,"2","5","5",NA,NA,NA,"3","3","2","3","4","4","3","3","3",NA,NA,NA,"3","3","3","3","3","3",NA,NA,NA,"3","4","4","3","3","3",NA,NA,NA,"3","4","4","3","3","3",NA,NA,NA,"3","4","4","3","2","3",NA,NA,NA,"3","4","4","2","3","2",NA,NA,NA,"3","4","4","2","3","3",NA,NA,NA,"3","5","2","4","53","1",NA,"7","5","7",NA,"231","155","Region #6"
189,"4","4","2","2","2",NA,NA,NA,"2","1","1","1","1","1",NA,NA,NA,"1","1","1","1","1","1",NA,NA,NA,"1","1","3","2","1","1",NA,NA,NA,"2","4","4","2","2","2",NA,NA,NA,"2","3","3","1","1","1",NA,NA,NA,"2","3","3","1","1","1",NA,NA,NA,"2","3","3","2","2","2",NA,NA,NA,"2","5","5",NA,NA,NA,"5","4","5","5","5","5",NA,NA,NA,"1","1","2","2","4","5","2","2","1",NA,NA,NA,"3","5","5",NA,NA,NA,"2","2","3","5","5","5",NA,NA,NA,"2","2","3","4","5","5",NA,NA,NA,"2","2","2","5","5","5",NA,NA,NA,"5","5","3","5","5","5",NA,NA,NA,"2","2","2","5","5","2","4","26","2",NA,"4","3","3",NA,"165","223","Region #4"
348,"2","2","2","2","2",NA,NA,NA,"1","1","1","2","1","2",NA,NA,NA,"1","2","2","2","2","2",NA,NA,NA,"2","2","2","2","2","2",NA,NA,NA,"2","3","3","2","2","2",NA,NA,NA,"2","2","2","2","2","2",NA,NA,NA,"2","2","2","2","2","2",NA,NA,NA,"2","2","2","3","3","2",NA,NA,NA,"3","3","3","3","3","3",NA,NA,NA,"4","4","4","3","3","3",NA,NA,NA,"2","4","4","3","4","3",NA,NA,NA,"4","2","3","3","3","3",NA,NA,NA,"3","5","5",NA,NA,NA,"3","3","3","4","5","5",NA,NA,NA,NA,"3","3","3","5","5",NA,NA,NA,"3","3","3","3","5","5",NA,NA,NA,"3","3","3","3","2","5","4","28","1",NA,"6","13","7",NA,NA,NA,NA
19,"3","3","2","2","2",NA,NA,NA,"3","3","3","3","3","3",NA,NA,NA,"3","3","3","2","2","2",NA,NA,NA,"2","3","3","2","2","3",NA,NA,NA,"2","4","4","3","3","3",NA,NA,NA,"4","3","4","3","3","3",NA,NA,NA,"3","3","3","3","3","3",NA,NA,NA,"3","4","4","3","3","3",NA,NA,NA,"3","5","4",NA,NA,NA,"3","3","3","5","5","5",NA,NA,NA,"3","3","3","4","5","5",NA,NA,NA,"3","3","3","4","5","5",NA,NA,NA,"3","3","3","4","4","4","3","3","3",NA,NA,NA,"4","4","4","4","3","3",NA,NA,NA,"4","5","5",NA,NA,NA,"3","3","4","5","5","5",NA,NA,NA,"3","3","3","4","5","2","4","44","2",NA,"4","5","7",NA,"159","246","Region #3"
76,"1","3","1","1","1",NA,NA,NA,"1","1","1","1","1","1",NA,NA,NA,"1","1","1","1","1","1",NA,NA,NA,"1","1","1","1","1","1",NA,NA,NA,"1","1","1","1","1","1",NA,NA,NA,"1","1","1","1","1","1",NA,NA,NA,"1","1","1","1","1","1",NA,NA,NA,"1","1","1","1","1","1",NA,NA,NA,"1","3","3","2","3","3",NA,NA,NA,"2","3","3","3","3","3",NA,NA,NA,"2","4","4","3","3","3",NA,NA,NA,"3","3","3","2","2","2",NA,NA,NA,"2","5","5",NA,NA,NA,"3","3","3","3","4","4","3","3","3",NA,NA,NA,"3","5","5",NA,NA,NA,"3","3","3","3","4","4","3","3","3",NA,NA,NA,"3","5","2","4","32","2",NA,"7","5","7",NA,"209","122","Region #7"
242,"2","2","1","1","3",NA,NA,NA,"1","1","1","1","1","1",NA,NA,NA,"1","1","1","1","1","1",NA,NA,NA,"1","1","1","1","1","1",NA,NA,NA,"1","2","3","2","2","2",NA,NA,NA,"1","1","2","1","1","1",NA,NA,NA,"1","1","2","1","1","1",NA,NA,NA,"1","1","3","1","1","1",NA,NA,NA,"1","4","4","2","1","2",NA,NA,NA,"4","3","4","2","2","2",NA,NA,NA,"2","5","5",NA,NA,NA,"3","2","3","3","3","4","3","2","2",NA,NA,NA,"2","5","2",NA,NA,NA,"3","2","3","5","4","4","3","3","3",NA,NA,NA,"4","5","5",NA,NA,NA,"3","3","3","3","5","5",NA,NA,NA,"3","3","3","4","5","2","4","21","1",NA,"7","3","5",NA,"203","149","Region #6"
107,"5","4",NA,NA,NA,"1","1","1","4","3","3","1","1","1",NA,NA,NA,"2","4","3","1","1","1",NA,NA,NA,"4","4","4","1","1","1",NA,NA,NA,"4","2","3","1","1","1",NA,NA,NA,"2","2","3","1","1","1",NA,NA,NA,"1","3","3","1","2","1",NA,NA,NA,"2","1","3","1","1","1",NA,NA,NA,"1","5","4",NA,NA,NA,"4","4","4","4","3","4","2","2","2",NA,NA,NA,"2","5","5",NA,NA,NA,"4","4","4","5","4","4","2","2","2",NA,NA,NA,"2","4","4","2","4","4",NA,NA,NA,"4","4","4","2","2","2",NA,NA,NA,"2","5","5",NA,NA,NA,"4","5","4","5","4","4","2","1","2",NA,NA,NA,"2","5","2","4","51","2",NA,"7","2","7",NA,"187","150","Region #6"
230,"1","2","1","1","1",NA,NA,NA,"1","1","1","1","1","1",NA,NA,NA,"1","1","1","1","1","1",NA,NA,NA,"1","1","1","1","1","1",NA,NA,NA,"1","3","4","1","1","1",NA,NA,NA,"1","2","2","1","1","1",NA,NA,NA,"2","2","2","1","1","1",NA,NA,NA,"2","2","1","1","1","1",NA,NA,NA,"2","3","3","2","2","2",NA,NA,NA,"2","3","3","2","2","2",NA,NA,NA,"2","3","3","2","2","2",NA,NA,NA,"2","3","3","2","2","2",NA,NA,NA,"2","4","4","3","2","3",NA,NA,NA,"2","3","3","2","2","2",NA,NA,NA,"2","3","3","2","2","2",NA,NA,NA,"2","3","3","2","2","2",NA,NA,NA,"2","5","2","4","44","2",NA,"4","2","1",NA,"171","207","Region #4"
177,"5","5",NA,NA,NA,"5","5","5","5","2","2","1","1","2",NA,NA,NA,"1","2","2","1","1","2",NA,NA,NA,"1","4","4","3","4","4",NA,NA,NA,"3","5","5",NA,NA,NA,"5","5","5","5","3","2","2","2","2",NA,NA,NA,"2","2","2","2","1","2",NA,NA,NA,"2","4","4","4","4","4",NA,NA,NA,"3","5","5",NA,NA,NA,"5","5","5","5","3","4","2","2","2",NA,NA,NA,"3","3","4","2","2","2",NA,NA,NA,"3","4","4","4","4","4",NA,NA,NA,"4","4","4","4","4","4",NA,NA,NA,"3","3","3","3","2","2",NA,NA,NA,"3","4","5","2","2","2",NA,NA,NA,"4","4","4","3","3","3",NA,NA,NA,"3","5","2","4","35","2",NA,"5","5","7",NA,NA,NA,NA
294,"1","1","1","1","1",NA,NA,NA,"1","1","1","1","1","1",NA,NA,NA,"1","1","1","1","1","1",NA,NA,NA,"1","1","1","1","1","1",NA,NA,NA,"1","2","2","1","1","1",NA,NA,NA,"1","1","1","2","1","1",NA,NA,NA,"2","1","2","2","2","2",NA,NA,NA,"2","1","1","1","1","1",NA,NA,NA,"1","2","3","3","3","3",NA,NA,NA,"3","2","3","3","3","3",NA,NA,NA,"3","3","3","3","3","3",NA,NA,NA,"3","3","3","3","3","3",NA,NA,NA,"3","4","4","3","3","3",NA,NA,NA,"3","1","1","3","3","4",NA,NA,NA,"3","3","4","3","3","3",NA,NA,NA,"3","4","4","3","3","3",NA,NA,NA,"3","5","2","4","30","2",NA,"5","5","3",NA,"204","155","Region #6"
186,"3","3","1","1","1",NA,NA,NA,"1","2","3","1","1","1",NA,NA,NA,"1","1","1","1","1","1",NA,NA,NA,"1","3","4","2","1","1",NA,NA,NA,"2","3","4","1","1","1",NA,NA,NA,"2","1","1","1","1","1",NA,NA,NA,"1","2","1","1","1","1",NA,NA,NA,"1","3","4","1","1","1",NA,NA,NA,"1","4","4","2","3","2",NA,NA,NA,"4","3","3","1","2","2",NA,NA,NA,"1","4","4","2","3","3",NA,NA,NA,"3","3","3","3","2","2",NA,NA,NA,"1","5","3",NA,NA,NA,"2","2","5","5","4","4","2","3","4",NA,NA,NA,"2","5","4",NA,NA,NA,"2","3","5","4","5","4",NA,NA,NA,"3","3","4","3","5","2","4","49","2",NA,"7","6","7",NA,"228","144","Region #6"
17,"1","3","2","2","2",NA,NA,NA,"2","1","1","1","1","1",NA,NA,NA,"1","1","1","1","1","1",NA,NA,NA,"1","1","3","1","1","2",NA,NA,NA,"1","2","2","2","2","2",NA,NA,NA,"2","2","2","2","2","2",NA,NA,NA,"2","2","2","2","2","2",NA,NA,NA,"2","2","2","2","2","2",NA,NA,NA,"2","3","3","2","2","3",NA,NA,NA,"3","3","3","3","3","3",NA,NA,NA,"3","4","4","3","3","3",NA,NA,NA,"3","3","3","2","3","2",NA,NA,NA,"3","5","5",NA,NA,NA,"4","4","3","4","3","3","2","3","3",NA,NA,NA,"3","4","5","4","3","3",NA,NA,NA,"3","4","4","4","3","4",NA,NA,NA,"3","5","4","4","23","2",NA,"4","2","4",NA,"240","112","Region #7"
22,"2","3","2","2","2",NA,NA,NA,"2","4","4","2","2","2",NA,NA,NA,"5","3","4","1","2","1",NA,NA,NA,"5","4","4","4","4","4",NA,NA,NA,"4","1","1","1","1","1",NA,NA,NA,"1","2","1","1","1","1",NA,NA,NA,"1","1","1","1","1","1",NA,NA,NA,"1","4","4","2","1","2",NA,NA,NA,"1","2","3","2","4","2",NA,NA,NA,"2","3","3","2","2","2",NA,NA,NA,"2","1","1","2","1","2",NA,NA,NA,"1","3","3","4","4","4",NA,NA,NA,"2","2","3","4","5","3",NA,NA,NA,"2","3","3","2","2","2",NA,NA,NA,"2","4","4","5","5","3",NA,NA,NA,"3","4","4","4","4","3",NA,NA,NA,"3","5","2","4","27","2",NA,"4","3","3",NA,"111","247","Region #3"
291,"3","3","1","2","2",NA,NA,NA,"1","2","2","2","1","2",NA,NA,NA,"1","1","1","1","1","1",NA,NA,NA,"1","3","3","1","2","1",NA,NA,NA,"2","2","2","2","2","2",NA,NA,NA,"1","1","1","1","1","1",NA,NA,NA,"1","1","2","1","1","2",NA,NA,NA,"1","4","4","1","1","1",NA,NA,NA,"1","3","3","2","2","2",NA,NA,NA,"2","2","2","2","2","2",NA,NA,NA,"3","4","4","2","2","2",NA,NA,NA,"3","2","3","2","2","2",NA,NA,NA,"2","2","2","2","2","3",NA,NA,NA,"2","2","2","2","2","3",NA,NA,NA,"2","2","2","2","2","3",NA,NA,NA,"2","4","4","2","2","2",NA,NA,NA,"2","5","2","4","35","2",NA,"7","6","7",NA,NA,NA,NA
74,"2","1","1","1","1",NA,NA,NA,"1","1","1","1","1","1",NA,NA,NA,"2","1","2","1","1","1",NA,NA,NA,"3","2","2","1","1","1",NA,NA,NA,"3","1","1","1","1","2",NA,NA,NA,"1","1","1","1","1","1",NA,NA,NA,"1","1","1","1","1","1",NA,NA,NA,"1","1","1","1","1","1",NA,NA,NA,"1","3","3","3","3","3",NA,NA,NA,"3","3","4","3","3","3",NA,NA,NA,"3","3","3","3","3","3",NA,NA,NA,"3","3","3","3","3","3",NA,NA,NA,"3","3","3","3","3","3",NA,NA,NA,"3","3","3","1","3","3",NA,NA,NA,"3","3","4","3","3","3",NA,NA,NA,"3","3","3","3","3","3",NA,NA,NA,"3","5","1","4","20","2",NA,"3","3","7",NA,"252","89","Region #8"
98,"2","3","2","2","2",NA,NA,NA,"2","2","2","2","2","2",NA,NA,NA,"1","2","2","1","1","1",NA,NA,NA,"1","2","2","2","2","2",NA,NA,NA,"1","3","3","2","2","2",NA,NA,NA,"3","2","2","2","2","2",NA,NA,NA,"2","3","3","2","2","2",NA,NA,NA,"2","3","3","2","2","2",NA,NA,NA,"2","4","4","3","2","3",NA,NA,NA,"3","3","3","2","2","3",NA,NA,NA,"2","4","4","4","4","3",NA,NA,NA,"4","4","4","3","3","3",NA,NA,NA,"3","4","4","3","3","3",NA,NA,NA,"3","3","4","3","2","3",NA,NA,NA,"3","4","4","4","4","4",NA,NA,NA,"4","4","4","3","3","3",NA,NA,NA,"3","5","2","4","31","2",NA,"6","6","7",NA,"188","184","Region #5"
341,"4","3","4","4","4",NA,NA,NA,"3","3","3","2","2","2",NA,NA,NA,"2","2","2","2","2","2",NA,NA,NA,"2","4","3","4","5","4",NA,NA,NA,"2","5","5",NA,NA,NA,"4","4","4","3","2","2","2","2","2",NA,NA,NA,"1","3","3","2","2","2",NA,NA,NA,"2","3","3","2","2","2",NA,NA,NA,"2","4","4","4","4","4",NA,NA,NA,"4","4","4","5","5","5",NA,NA,NA,"4","3","3","2","2","2",NA,NA,NA,"2","4","4","4","4","4",NA,NA,NA,"4","3","3","3","3","3",NA,NA,NA,"3","3","3","3","3","3",NA,NA,NA,"3","3","4","3","3","3",NA,NA,NA,"3","3","4","3","3","3",NA,NA,NA,"3","3","2","4","47","2",NA,"7","6","7",NA,"211","123","Region #7"
257,"3","4","1","2","1",NA,NA,NA,"1","2","2","1","1","1",NA,NA,NA,"2","2","2","1","1","1",NA,NA,NA,"1","2","3","1","1","1",NA,NA,NA,"2","4","4","2","2","2",NA,NA,NA,"3","3","3","2","2","2",NA,NA,NA,"2","3","2","2","2","2",NA,NA,NA,"2","5","5",NA,NA,NA,"2","2","1","3","5","5",NA,NA,NA,"3","3","3","3","4","4","3","3","3",NA,NA,NA,"3","5","4",NA,NA,NA,"2","3","3","3","4","4","2","2","2",NA,NA,NA,"3","4","4","2","2","3",NA,NA,NA,"3","4","4","2","3","3",NA,NA,NA,"4","5","5",NA,NA,NA,"2","2","3","4","4","4","2","2","3",NA,NA,NA,"3","5","2","4","42","1",NA,"3","13","3",NA,"195","175","Region #5"
125,"2","2","2","2","2",NA,NA,NA,"2","2","2","2","2","2",NA,NA,NA,"2","1","1","2","2","2",NA,NA,NA,"2","2","2","2","2","2",NA,NA,NA,"1","2","2","2","2","2",NA,NA,NA,"2","2","2","2","2","2",NA,NA,NA,"2","2","2","2","2","2",NA,NA,NA,"2","2","2","2","2","2",NA,NA,NA,"2","4","4","3","3","3",NA,NA,NA,"4","4","4","3","3","3",NA,NA,NA,"3","4","4","2","2","2",NA,NA,NA,"3","4","4","3","3","3",NA,NA,NA,"4","4","4","2","2","3",NA,NA,NA,"4","3","3","2","2","3",NA,NA,NA,"2","4","5","3","2","2",NA,NA,NA,"3","4","4","3","2","3",NA,NA,NA,"4","5","2","4","47","1",NA,"6","3","2",NA,"238","117","Region #7"
228,"2","2","2","2","2",NA,NA,NA,"2","2","2","2","2","2",NA,NA,NA,"2","2","1","1","1","1",NA,NA,NA,"1","1","1","1","1","1",NA,NA,NA,"1","3","3","1","1","1",NA,NA,NA,"2","2","2","1","1","1",NA,NA,NA,"1","2","2","2","2","2",NA,NA,NA,"2","2","2","1","1","1",NA,NA,NA,"1","3","3","2","2","2",NA,NA,NA,"2","2","2","2","2","1",NA,NA,NA,"2","2","2","2","2","2",NA,NA,NA,"2","2","2","2","2","2",NA,NA,NA,"2","4","4","2","3","3",NA,NA,NA,"2","5","5",NA,NA,NA,"3","3","3","3","5","5",NA,NA,NA,"3","3","3","3","4","4","2","2","3",NA,NA,NA,"3","5","2","4","51","2",NA,"6","6","7",NA,"192","160","Region #6"
327,"3","4","2","2","2",NA,NA,NA,"2","2","2","2","2","2",NA,NA,NA,"1","1","1","1","1","1",NA,NA,NA,"1","3","3","1","1","1",NA,NA,NA,"2","3","3","2","2","2",NA,NA,NA,"2","2","3","2","2","1",NA,NA,NA,"2","4","3","2","2","2",NA,NA,NA,"2","3","3","2","2","2",NA,NA,NA,"2","5","5",NA,NA,NA,"3","3","3","3","5","5",NA,NA,NA,"3","3","3","3","5","5",NA,NA,NA,"3","3","3","3","5","5",NA,NA,NA,"3","3","3","3","4","4","2","2","2",NA,NA,NA,"3","5","5",NA,NA,NA,"2","2","4","4","5","5",NA,NA,NA,"4","4","4","5","4","4","3","3","4",NA,NA,NA,"4","5","2","4","34","2",NA,"7","5","7",NA,"201","121","Region #7"
140,"2","2","2","2","2",NA,NA,NA,"1","2","1","1","2","2",NA,NA,NA,"2","3","3","2","2","2",NA,NA,NA,"1","1","2","2","2","1",NA,NA,NA,"2","4","3","3","2","2",NA,NA,NA,"2","2","2","2","2","2",NA,NA,NA,"2","3","3","2","2","2",NA,NA,NA,"2","3","3","2","3","3",NA,NA,NA,"2","4","3","3","3","3",NA,NA,NA,"3","3","3","3","3","3",NA,NA,NA,"3","4","4","3","3","3",NA,NA,NA,"3","3","4","3","3","3",NA,NA,NA,"3","5","5",NA,NA,NA,"5","5","5","5","5","5",NA,NA,NA,"5","5","5","5","5","5",NA,NA,NA,"5","5","5","5","5","5",NA,NA,NA,"5","5","5","5","5","2","4","48","2",NA,"6","2","7",NA,NA,NA,NA
196,"1","1","2","1","1",NA,NA,NA,"1","2","3","1","1","1",NA,NA,NA,"2","2","2","1","1","1",NA,NA,NA,"1","3","3","2","1","1",NA,NA,NA,"2","3","3","2","2","1",NA,NA,NA,"2","2","2","1","2","2",NA,NA,NA,"2","3","3","2","2","2",NA,NA,NA,"2","3","3","2","2","2",NA,NA,NA,"2","3","3","3","3","3",NA,NA,NA,"3","3","3","2","3","3",NA,NA,NA,"3","3","3","2","2","2",NA,NA,NA,"2","4","4","3","3","3",NA,NA,NA,"3","4","3","2","3","3",NA,NA,NA,"2","4","3","3","2","3",NA,NA,NA,"3","4","4","2","2","3",NA,NA,NA,"3","3","4","2","3","3",NA,NA,NA,"3","5","2","4","50","1",NA,"7","5","7",NA,"178","146","Region #6"
37,"1","2","1","2","2",NA,NA,NA,"1","1","1","1","1","1",NA,NA,NA,"2","1","1","1","1","1",NA,NA,NA,"2","2","1","1","1","1",NA,NA,NA,"1","3","3","2","2","2",NA,NA,NA,"2","2","1","2","2","1",NA,NA,NA,"2","3","3","2","2","2",NA,NA,NA,"4","3","3","2","2","2",NA,NA,NA,"3","4","4","3","2","2",NA,NA,NA,"3","2","3","2","2","2",NA,NA,NA,"2","5","4",NA,NA,NA,"3","3","3","4","4","3","2","2","2",NA,NA,NA,"3","5","4",NA,NA,NA,"4","4","3","4","4","3","2","3","3",NA,NA,NA,"3","5","4",NA,NA,NA,"4","4","2","4","3","3","3","2","3",NA,NA,NA,"3","5","2","4","33","2",NA,"1","1","7",NA,"133","267","Other"
281,"3","4","1","1","1",NA,NA,NA,"1","2","2","1","1","1",NA,NA,NA,"1","1","1","1","1","1",NA,NA,NA,"1","3","3","1","1","2",NA,NA,NA,"2","2","3","2","2","2",NA,NA,NA,"2","2","2","2","2","2",NA,NA,NA,"2","2","2","1","2","2",NA,NA,NA,"2","3","4","2","1","1",NA,NA,NA,"3","1","3","1","1","1",NA,NA,NA,"1","2","2","1","1","1",NA,NA,NA,"1","1","2","2","2","2",NA,NA,NA,"2","1","2","2","2","2",NA,NA,NA,"2","5","2",NA,NA,NA,"2","2","4","2","3","3","2","2","4",NA,NA,NA,"3","3","4","2","3","4",NA,NA,NA,"2","4","3","3","3","3",NA,NA,NA,"3","5","2","4","33","2",NA,"7","6","7",NA,"206","119","Region #7"
277,"2","2","2","2","2",NA,NA,NA,"2","2","2","2","2","2",NA,NA,NA,"2","1","1","1","1","1",NA,NA,NA,"1","2","2","2","1","2",NA,NA,NA,"2","2","2","2","2","2",NA,NA,NA,"2","2","2","2","2","2",NA,NA,NA,"2","2","2","2","2","2",NA,NA,NA,"1","2","2","1","2","2",NA,NA,NA,"2","3","3","2","2","2",NA,NA,NA,"2","2","2","2","2","2",NA,NA,NA,"2","3","3","2","1","2",NA,NA,NA,"2","4","4","2","2","2",NA,NA,NA,"2","4","4","3","3","3",NA,NA,NA,"3","3","3","3","3","3",NA,NA,NA,"3","3","4","2","3","3",NA,NA,NA,"3","3","3","3","2","3",NA,NA,NA,"3","5","2","4","32","2",NA,"6","5","7",NA,"173","179","Region #5"
237,"1","4","2","1","1",NA,NA,NA,"2","1","1","1","1","1",NA,NA,NA,"1","1","1","1","1","1",NA,NA,NA,"1","2","2","1","2","1",NA,NA,NA,"1","2","4","2","2","2",NA,NA,NA,"3","1","1","1","1","2",NA,NA,NA,"1","1","1","1","1","1",NA,NA,NA,"1","3","3","1","1","1",NA,NA,NA,"1","5","5",NA,NA,NA,"3","3","3","4","4","5","5","5","5",NA,NA,NA,"4","5","5",NA,NA,NA,"5","5","5","5","4","4","3","4","3",NA,NA,NA,"3","5","5",NA,NA,NA,"2","2","2","4","3","4","3","3","3",NA,NA,NA,"3","5","5",NA,NA,NA,"4","4","4","4","4","4","4","4","4",NA,NA,NA,"4","5","2","4","22","1",NA,"4","2","4",NA,"121","235","Region #3"
364,"1","2","3","2","1",NA,NA,NA,"1","2","2","2","2","2",NA,NA,NA,"1","1","1","2","2","2",NA,NA,NA,"1","2","2","4","4","3",NA,NA,NA,"1","4","4","2","3","2",NA,NA,NA,"3","3","3","2","2","2",NA,NA,NA,"2","4","4","3","3","3",NA,NA,NA,"2","4","4","2","3","2",NA,NA,NA,"3","5","5",NA,NA,NA,"2","2","2","3","3","3","2","2","2",NA,NA,NA,"2","5","5",NA,NA,NA,"3","3","3","3","5","5",NA,NA,NA,"2","2","2","3","5","5",NA,NA,NA,"3","3","3","3","5","5",NA,NA,NA,"3","4","3","3","5","5",NA,NA,NA,"3","4","3","3","5","5",NA,NA,NA,"3","3","3","4","5","2","4","45","1",NA,"4","2","7",NA,"161","246","Region #3"
271,"1","4","3","3","3",NA,NA,NA,"2","1","1","1","1","1",NA,NA,NA,"1","1","1","1","1","1",NA,NA,NA,"1","3","3","1","1","1",NA,NA,NA,"1","4","4","2","2","2",NA,NA,NA,"2","3","3","2","2","2",NA,NA,NA,"2","2","2","2","2","2",NA,NA,NA,"2","3","3","2","2","2",NA,NA,NA,"2","5","5",NA,NA,NA,"3","3","3","3","4","4","3","3","3",NA,NA,NA,"3","5","5",NA,NA,NA,"3","3","3","3","4","4","3","3","3",NA,NA,NA,"3","5","5",NA,NA,NA,"3","3","3","3","5","5",NA,NA,NA,"5","3","3","3","5","5",NA,NA,NA,"3","3","3","3","5","5",NA,NA,NA,"3","3","3","3","5","2","4","56","2",NA,"7","4","7",NA,"238","128","Region #7"
12,"3","3","2","2","2",NA,NA,NA,"1","2","2","1","1","1",NA,NA,NA,"2","1","1","1","1","1",NA,NA,NA,"1","2","3","1","2","1",NA,NA,NA,"2","2","2","1","1","1",NA,NA,NA,"1","1","1","1","2","2",NA,NA,NA,"1","2","2","1","1","2",NA,NA,NA,"2","1","2","2","1","2",NA,NA,NA,"1","3","3","1","2","1",NA,NA,NA,"4","2","2","1","1","1",NA,NA,NA,"1","3","3","3","4","3",NA,NA,NA,"2","3","4","2","2","2",NA,NA,NA,"2","5","5",NA,NA,NA,"5","5","5","5","5","5",NA,NA,NA,"4","4","4","4","5","5",NA,NA,NA,"5","4","5","5","5","5",NA,NA,NA,"4","3","3","5","5","2","4","34","1",NA,"4","3","7",NA,"166","212","Region #4"
84,"1","3","2","2","2",NA,NA,NA,"2","1","1","2","2","2",NA,NA,NA,"2","1","1","2","2","2",NA,NA,NA,"1","3","3","2","2","2",NA,NA,NA,"2","3","5","3","3","3",NA,NA,NA,"2","3","5","3","3","3",NA,NA,NA,"2","3","5","3","3","3",NA,NA,NA,"2","3","5","3","3","3",NA,NA,NA,"3","5","5",NA,NA,NA,"3","3","3","5","5","5",NA,NA,NA,"3","3","3","5","5","5",NA,NA,NA,"3","3","3","5","5","5",NA,NA,NA,"3","3","3","5","5","5",NA,NA,NA,"3","3","3","3","5","5",NA,NA,NA,"3","3","3","3","5","5",NA,NA,NA,"3","3","3","3","5","5",NA,NA,NA,"3","3","3","3","5","2","4","35","1",NA,"7","4","3",NA,"248","130","Region #7"
233,"3","4","1","1","1",NA,NA,NA,"3","1","2","1","1","1",NA,NA,NA,"1","1","1","1","1","1",NA,NA,NA,"1","4","4","2","2","2",NA,NA,NA,"2","4","5","3","3","2",NA,NA,NA,"3","3","4","3","2","2",NA,NA,NA,"3","5","4",NA,NA,NA,"3","3","2","4","4","5","3","3","3",NA,NA,NA,"4","5","5",NA,NA,NA,"3","3","3","5","4","4","3","2","3",NA,NA,NA,"4","5","5",NA,NA,NA,"4","4","5","5","5","5",NA,NA,NA,"3","4","4","5","4","4","4","3","2",NA,NA,NA,"4","4","4","1","1","4",NA,NA,NA,"4","5","4",NA,NA,NA,"2","2","4","5","3","4","3","2","3",NA,NA,NA,"4","5","2","4","50","1",NA,"5","4","7",NA,"143","209","Region #4"
117,"4","4","3","3","3",NA,NA,NA,"4","4","4","3","3","3",NA,NA,NA,"4","4","4","3","3","3",NA,NA,NA,"4","5","5",NA,NA,NA,"3","3","3","4","2","3","2","2","2",NA,NA,NA,"2","2","2","1","1","1",NA,NA,NA,"2","3","3","2","2","2",NA,NA,NA,"2","2","3","2","2","2",NA,NA,NA,"2","4","4","2","2","2",NA,NA,NA,"2","3","3","2","2","2",NA,NA,NA,"3","3","3","2","2","2",NA,NA,NA,"2","3","3","2","2","2",NA,NA,NA,"2","4","4","2","2","2",NA,NA,NA,"3","5","5",NA,NA,NA,"2","2","2","3","5","5",NA,NA,NA,"2","2","2","3","4","4","2","2","2",NA,NA,NA,"3","5","2","4","52","2",NA,"5","3","1,3,7",NA,"118","232","Other"
129,"4","4","2","2","2",NA,NA,NA,"2","1","2","2","1","2",NA,NA,NA,"2","1","1","1","1","1",NA,NA,NA,"1","5","4",NA,NA,NA,"3","4","3","3","4","5","5","4","4",NA,NA,NA,"5","2","3","2","2","2",NA,NA,NA,"1","2","2","2","2","2",NA,NA,NA,"2","4","4","4","3","3",NA,NA,NA,"4","5","5",NA,NA,NA,"2","3","3","2","3","3","2","2","2",NA,NA,NA,"1","2","2","2","2","2",NA,NA,NA,"1","4","3","4","3","4",NA,NA,NA,"3","4","4","4","4","5",NA,NA,NA,"4","4","4","3","3","3",NA,NA,NA,"3","3","3","3","3","2",NA,NA,NA,"2","5","4",NA,NA,NA,"3","3","3","4","5","2","4","23","2",NA,"6","5","3",NA,"177","186","Region #5"
33,"1","1","1","1","1",NA,NA,NA,"1","1","1","1","1","1",NA,NA,NA,"1","1","1","1","1","1",NA,NA,NA,"1","1","1","1","1","1",NA,NA,NA,"1","1","3","1","1","1",NA,NA,NA,"1","2","2","2","1","2",NA,NA,NA,"1","1","1","1","1","1",NA,NA,NA,"1","3","3","1","2","2",NA,NA,NA,"2","5","5",NA,NA,NA,"3","3","3","3","5","5",NA,NA,NA,"3","3","3","3","5","5",NA,NA,NA,"3","3","3","5","5","5",NA,NA,NA,"3","3","3","3","5","5",NA,NA,NA,"3","3","3","3","5","5",NA,NA,NA,"3","3","3","3","5","5",NA,NA,NA,"3","3","3","4","5","5",NA,NA,NA,"3","3","3","3","5","2","4","30","2",NA,"2","5","7",NA,"132","252","Region #3"
272,"1","4","1","1","1",NA,NA,NA,"1","1","1","1","1","1",NA,NA,NA,"1","1","1","1","1","1",NA,NA,NA,"1","1","1","1","1","1",NA,NA,NA,"1","3","4","1","2","2",NA,NA,NA,"2","1","3","1","1","1",NA,NA,NA,"1","4","4","2","2","1",NA,NA,NA,"3","1","3","1","1","1",NA,NA,NA,"1","4","4","3","3","3",NA,NA,NA,"3","2","3","2","2","2",NA,NA,NA,"1","5","5",NA,NA,NA,"5","5","5","5","3","4","2","2","2",NA,NA,NA,"2","5","5",NA,NA,NA,"3","3","4","5","4","4","3","3","3",NA,NA,NA,"3","5","5",NA,NA,NA,"4","5","5","5","5","5",NA,NA,NA,"3","3","3","2","5","2","4","39","1",NA,"7","6","7",NA,"258","119","Region #7"
260,"2","3","2","2","1",NA,NA,NA,"1","3","3","2","2","2",NA,NA,NA,"1","1","1","1","1","1",NA,NA,NA,"1","2","2","1","2","2",NA,NA,NA,"2","3","2","2","2","2",NA,NA,NA,"3","2","2","2","1","2",NA,NA,NA,"2","3","3","2","2","2",NA,NA,NA,"2","3","3","2","2","2",NA,NA,NA,"2","3","3","2","2","2",NA,NA,NA,"2","3","4","2","3","3",NA,NA,NA,"2","5","5",NA,NA,NA,"3","3","3","4","4","4","2","2","2",NA,NA,NA,"2","5","5",NA,NA,NA,"3","3","3","4","4","4","2","3","3",NA,NA,NA,"2","5","5",NA,NA,NA,"3","3","3","5","5","4",NA,NA,NA,"3","3","3","5","5","2","4","23","1",NA,"2","3","7",NA,"140","250","Region #3"
201,"3","3","2","2","2",NA,NA,NA,"2","1","1","1","1","1",NA,NA,NA,"1","1","1","1","1","1",NA,NA,NA,"2","3","3","1","1","2",NA,NA,NA,"2","2","2","1","2","2",NA,NA,NA,"2","1","1","1","1","1",NA,NA,NA,"1","1","1","1","1","1",NA,NA,NA,"1","1","1","1","1","1",NA,NA,NA,"1","2","4","2","1","2",NA,NA,NA,"2","1","2","1","1","1",NA,NA,NA,"1","1","1","1","1","1",NA,NA,NA,"2","2","3","1","1","2",NA,NA,NA,"2","3","4","3","2","4",NA,NA,NA,"3","2","4","3","2","4",NA,NA,NA,"2","4","4","3","2","4",NA,NA,NA,"3","2","2","3","2","4",NA,NA,NA,"2","5","2","4","36","2",NA,"5","3","7",NA,"188","182","Region #5"
68,"1","1","1","1","1",NA,NA,NA,"1","1","1","1","1","1",NA,NA,NA,"1","1","1","1","1","1",NA,NA,NA,"1","1","1","1","1","1",NA,NA,NA,"1","1","1","1","1","1",NA,NA,NA,"1","1","1","1","1","1",NA,NA,NA,"1","1","1","1","1","1",NA,NA,NA,"1","1","1","1","1","1",NA,NA,NA,"1","1","1","1","1","1",NA,NA,NA,"1","1","1","1","1","1",NA,NA,NA,"1","1","1","1","1","1",NA,NA,NA,"1","1","1","1","1","1",NA,NA,NA,"1","1","1","2","1","1",NA,NA,NA,"1","1","1","1","1","1",NA,NA,NA,"1","1","1","1","1","1",NA,NA,NA,"1","1","1","1","1","1",NA,NA,NA,"1","5","2","4","30","2",NA,"3","1","3,7",NA,"56","313","Region #1"
293,"1","2","2","3","2",NA,NA,NA,"1","2","2","1","1","1",NA,NA,NA,"2","1","1","1","1","1",NA,NA,NA,"1","3","3","1","1","1",NA,NA,NA,"2","2","2","1","1","1",NA,NA,NA,"1","1","1","1","1","1",NA,NA,NA,"1","1","1","1","1","1",NA,NA,NA,"1","2","2","1","1","1",NA,NA,NA,"1","2","3","1","1","1",NA,NA,NA,"2","2","2","1","1","1",NA,NA,NA,"2","2","2","1","1","1",NA,NA,NA,"2","2","2","1","1","1",NA,NA,NA,"2","3","3","2","2","2",NA,NA,NA,"3","3","3","2","2","2",NA,NA,NA,"3","3","3","2","2","2",NA,NA,NA,"3","3","3","2","2","2",NA,NA,NA,"3","5","2","4","43","2",NA,"3","13","4",NA,"93","191","Other"
3,"3","3","3","3","3",NA,NA,NA,"2","1","1","1","1","1",NA,NA,NA,"1","2","2","1","1","1",NA,NA,NA,"1","1","1","2","1","1",NA,NA,NA,"2",NA,"4","3","3","3",NA,NA,NA,"4","2","3","2","2","2",NA,NA,NA,"2","3","3","2","2","2",NA,NA,NA,"3","3","3","3","3","3",NA,NA,NA,"2","5","4",NA,NA,NA,"3","3","3","2","3","3","3","3","3",NA,NA,NA,"3","5","5",NA,NA,NA,"2","2","2","4","2","3","2","3","3",NA,NA,NA,"2","4","4","4","4","4",NA,NA,NA,"3","4","4","2","2","2",NA,NA,NA,"3","4","4","3","3","3",NA,NA,NA,"3","2","3","5","5","5",NA,NA,NA,"3","5","2","4","23","1",NA,"3","3","7",NA,"122","219","Other"
251,"3","3","2","2","2",NA,NA,NA,"2","2","2","2","2","2",NA,NA,NA,"2","2","2","2","2","2",NA,NA,NA,"2","3","3","2","2","2",NA,NA,NA,"2","3","3","2","3","2",NA,NA,NA,"2","2","2","2","3","2",NA,NA,NA,"2","2","2","2","2","2",NA,NA,NA,"2","3","3","2","3","2",NA,NA,NA,"2","4","4","3","3","3",NA,NA,NA,"3","4","4","3","3","3",NA,NA,NA,"3","4","4","3","3","3",NA,NA,NA,"4","4","3","3","3","3",NA,NA,NA,"3","5","5",NA,NA,NA,"5","5","5","5","5","5",NA,NA,NA,"5","5","5","5","5","5",NA,NA,NA,"5","5","5","5","5","5",NA,NA,NA,"5","5","5","5","5","2","4","54","2",NA,"3","3","7",NA,"102","282","Region #2"
95,"4","4","2","3","1",NA,NA,NA,"1","1","1","1","1","1",NA,NA,NA,"1","1","1","1","1","1",NA,NA,NA,"1","3","3","1","1","1",NA,NA,NA,"1","3","3","2","2","2",NA,NA,NA,"2","2","2","1","1","1",NA,NA,NA,"1","4","3","1","1","1",NA,NA,NA,"3","4","4","1","1","1",NA,NA,NA,"1","4","4","3","2","2",NA,NA,NA,"3","2","2","1","1","1",NA,NA,NA,"2","5","5",NA,NA,NA,"1","1","1","4","4","4","2","2","2",NA,NA,NA,"3","4","4","2","2","2",NA,NA,NA,"3","3","3","1","1","1",NA,NA,NA,"3","5","5",NA,NA,NA,"3","3","3","3","4","4","2","2","2",NA,NA,NA,"2","5","2","4","27","1",NA,"7","5","7",NA,"274","97","Region #8"
102,"1","2","2","2","1",NA,NA,NA,"1","1","1","1","1","1",NA,NA,NA,"1","1","1","1","1","1",NA,NA,NA,"1","1","1","1","1","1",NA,NA,NA,"1","2","5","2","2","2",NA,NA,NA,"2","1","2","2","2","1",NA,NA,NA,"2","2","2","2","2","2",NA,NA,NA,"2","2","2","1","1","1",NA,NA,NA,"2","2","2","3","2","2",NA,NA,NA,"2","2","2","2","2","2",NA,NA,NA,"2","2","2","2","2","2",NA,NA,NA,"1","2","3","2","3","2",NA,NA,NA,"2","3","3","1","2","2",NA,NA,NA,"1","2","2","2","2","2",NA,NA,NA,"2","2","2","2","2","2",NA,NA,NA,"2","2","3","2","1","2",NA,NA,NA,"2","5","2","4","46","2",NA,"7","5","7",NA,NA,NA,NA
310,"4","5","4","5","4",NA,NA,NA,"5","4","4","4","3","5",NA,NA,NA,"5","5","5",NA,NA,NA,"5","4","5","5","4","4","4","4","5",NA,NA,NA,"4","4","4","2","2","1",NA,NA,NA,"2","4","3","2","2","1",NA,NA,NA,"2","4","4","2","2","1",NA,NA,NA,"3","3","4","2","2","2",NA,NA,NA,"2","5","5",NA,NA,NA,"3","3","3","5","3","4","2","3","2",NA,NA,NA,"3","4","4","2","3","3",NA,NA,NA,"4","5","5",NA,NA,NA,"3","3","3","4","4","5","2","2","3",NA,NA,NA,"3","4","4","2","2","3",NA,NA,NA,"3","4","4","2","2","3",NA,NA,NA,"3","5","5",NA,NA,NA,"2","2","2","2","5","2","4","62","2",NA,"5","3","7",NA,"223","145","Region #6"
352,"2","3","2","2","2",NA,NA,NA,"1","2","1","1","2","2",NA,NA,NA,"1","1","2","2","2","2",NA,NA,NA,"1",NA,"3","2","2","2",NA,NA,NA,"1","4","3","2","2","1",NA,NA,NA,"1","2","2","1","1","1",NA,NA,NA,"2","3","2","2","2","2",NA,NA,NA,"1","4","4","2","2","2",NA,NA,NA,"2","2","3","2","2","2",NA,NA,NA,"2","2","3","2","2","2",NA,NA,NA,"1","2","2","2","2","2",NA,NA,NA,"1","3","1","1","1","2",NA,NA,NA,"2","1","3","4","3","3",NA,NA,NA,"3","4","5","3","3","3",NA,NA,NA,"5","5","5",NA,NA,NA,"2","2","2","2","5","5",NA,NA,NA,"4","3","3","4","5","2","4","42","2",NA,"5","2","7",NA,NA,NA,NA
262,"4","4","2","2","1",NA,NA,NA,"1","1","1","1","2","2",NA,NA,NA,"1","2","1","1","1","1",NA,NA,NA,"1","2","2","2","2","2",NA,NA,NA,"1","2","2","2","2","2",NA,NA,NA,"2","2","2","2","2","2",NA,NA,NA,"2","2","2","2","2","2",NA,NA,NA,"2","3","4","2","2","2",NA,NA,NA,"2","2","3","2","2","2",NA,NA,NA,"2","3","3","2","2","2",NA,NA,NA,"2","2","3","2","2","2",NA,NA,NA,"2","2","2","2","2","2",NA,NA,NA,"2","4","4","5","4","5",NA,NA,NA,"4","5","5",NA,NA,NA,"5","5","5","5","4","4","5","5","5",NA,NA,NA,"4","5","5",NA,NA,NA,"5","5","5","4","5","2","4","34","1",NA,"5","5","2",NA,NA,NA,NA
343,"3","3","2","2","1",NA,NA,NA,"1","2","2","1","1","1",NA,NA,NA,"1","1","1","1","1","1",NA,NA,NA,"1","3","3","1","1","1",NA,NA,NA,"1","3","4","3","3","3",NA,NA,NA,"3","3","2","2","2","2",NA,NA,NA,"2","4","4","2","3","2",NA,NA,NA,"2","4","4","2","1","1",NA,NA,NA,"1","5","5",NA,NA,NA,"3","3","3","2","4","4","2","3","2",NA,NA,NA,"1","5","5",NA,NA,NA,"5","4","4","3","3","3","2","2","2",NA,NA,NA,"2","4","4","3","3","3",NA,NA,NA,"3","4","4","3","3","3",NA,NA,NA,"3","5","5",NA,NA,NA,"3","4","5","3","4","4","3","3","3",NA,NA,NA,"3","5","2","4","57","1",NA,"7","5","7",NA,"172","218","Region #4"
139,"1","4","3","3","3",NA,NA,NA,"2","4","2","3","3","1",NA,NA,NA,"1","1","2","1","1","3",NA,NA,NA,"2","2","2","2","2","3",NA,NA,NA,"2","1","3","1","1","3",NA,NA,NA,"2","3","2","3","2","1",NA,NA,NA,"2","2","3","1","3","3",NA,NA,NA,"3","1","4","1","3","4",NA,NA,NA,"3","3","1","1","3","2",NA,NA,NA,"3","2","2","2","1","1",NA,NA,NA,"3","2","1","4","1","2",NA,NA,NA,"1","2","3","2","1","3",NA,NA,NA,"1","3","1","2","3","1",NA,NA,NA,"2","2","1","1","1","3",NA,NA,NA,"4","2","3","1","3","2",NA,NA,NA,NA,"2","2","2","2","2",NA,NA,NA,"2","2","2","4","30","1",NA,"5","5","3",NA,"248","86","Region #8"
101,"4","5","2","2","3",NA,NA,NA,"3","3","3","3","2","2",NA,NA,NA,"2","1","1","1","1","1",NA,NA,NA,"1","5","5",NA,NA,NA,"3","3","3","3","4","4","4","3","3",NA,NA,NA,"3","4","4","3","3","3",NA,NA,NA,"3","4","4","3","3","3",NA,NA,NA,"3","4","4","3","3","3",NA,NA,NA,"3","5","5",NA,NA,NA,"3","3","3","3","4","4","3","3","3",NA,NA,NA,"3","5","5",NA,NA,NA,"3","3","3","3","5","5",NA,NA,NA,"3","3","3","3","5","5",NA,NA,NA,"3","3","3","3","5","5",NA,NA,NA,"3","3","3","3","5","5",NA,NA,NA,"3","3","3","3","5","5",NA,NA,NA,"3","4","3","3","5","2","4","44","2",NA,"2","2","7",NA,"243","132","Region #7"
97,"4","4","1","1","1",NA,NA,NA,"1","1","1","1","1","1",NA,NA,NA,"1","1","1","1","1","1",NA,NA,NA,"1","3","3","1","1","1",NA,NA,NA,"1","2","3","1","1","1",NA,NA,NA,"2","2","2","1","1","1",NA,NA,NA,"1","3","3","1","1","1",NA,NA,NA,"1","2","3","1","1","1",NA,NA,NA,"2","5","4",NA,NA,NA,"2","2","2","3","2","2","2","2","2",NA,NA,NA,"2","4","4","2","2","1",NA,NA,NA,"3","4","4","2","2","2",NA,NA,NA,"3","4","4","3","3","3",NA,NA,NA,"3","4","4","3","3","3",NA,NA,NA,"3","4","4","3","3","3",NA,NA,NA,"3","4","4","3","3","3",NA,NA,NA,"3","5","2","4","25","2",NA,"5","5","7",NA,"168","146","Other"
41,"2","3","1","3","1",NA,NA,NA,"1","1","1","1","1","1",NA,NA,NA,"1","1","1","1","1","1",NA,NA,NA,"1","3","3","1","1","1",NA,NA,NA,"1","3","3","2","2","2",NA,NA,NA,"2","1","1","2","2","2",NA,NA,NA,"2","3","3","2","2","2",NA,NA,NA,"2","2","3","2","2","2",NA,NA,NA,"2","5","4",NA,NA,NA,"2","3","2","4","3","3","3","3","3",NA,NA,NA,"3","5","5",NA,NA,NA,"5","5","5",NA,"3","4","2","2","2",NA,NA,NA,"3","4","5","2","3","3",NA,NA,NA,"5","5","5",NA,NA,NA,"3","4","3","3","5","5",NA,NA,NA,"4","4","3","5","4","4","2","2","3",NA,NA,NA,"3","5","2","4","21","1",NA,"1","4","2,7",NA,"102","260","Other"
220,"2","1","1","1","1",NA,NA,NA,"1","1","1","1","1","1",NA,NA,NA,"1","1","1","1","1","1",NA,NA,NA,"1","1","1","1","1","1",NA,NA,NA,"1","4","4","4","4","4",NA,NA,NA,"4","2",NA,"2","1","2",NA,NA,NA,"2","3","3","2","4","2",NA,NA,NA,"2","2","2","2","2","2",NA,NA,NA,"4","5","5",NA,NA,NA,"5","5","5","5","5","5",NA,NA,NA,"5","5","5","5","5","5",NA,NA,NA,"5","5","5","5","5","5",NA,NA,NA,"5","5","5","5","5","5",NA,NA,NA,"5","5","5","5","5","5",NA,NA,NA,"5","5","5","5","5","5",NA,NA,NA,"5","5","5","5","4","5","5","5","5",NA,NA,NA,"5","1","5","4","25","1",NA,"2","5","7",NA,"118","237","Region #3"
276,"3","3","1","1","1",NA,NA,NA,"1","1","1","1","1","1",NA,NA,NA,"1","1","1","1","1","1",NA,NA,NA,"1","3","3","1","1","1",NA,NA,NA,"2","3","4","1","1","1",NA,NA,NA,"3","1","2","1","1","1",NA,NA,NA,"1","1","1","1","1","1",NA,NA,NA,"1","5","5",NA,NA,NA,"1","1","1","1","5","5",NA,NA,NA,"2","2","2","2","4","4","3","3","2",NA,NA,NA,"2","5","5",NA,NA,NA,"3","5","4","5","5","5",NA,NA,NA,"2","2","2","2","5","5",NA,NA,NA,"3","3","3","4","5","5",NA,NA,NA,"5","5","3","5","5","5",NA,NA,NA,"5","5","5","5","5","5",NA,NA,NA,"5","4","4","5","5","2","4","55","1",NA,"7","13","7",NA,"193","203","Region #4"
288,"4","4","3","4","2",NA,NA,NA,"3","2","2","1","1","1",NA,NA,NA,"1","2","2","1","1","1",NA,NA,NA,"2","3","3","2","2","2",NA,NA,NA,"2","3","4","2","3","2",NA,NA,NA,"2","2","2","2","2","2",NA,NA,NA,"2","2","2","2","2","2",NA,NA,NA,"2","3","3","2","2","2",NA,NA,NA,"2","4","4","2","2","2",NA,NA,NA,"2","4","3","2","2","2",NA,NA,NA,"2","3","3","2","2","2",NA,NA,NA,"3","4","4","2","2","2",NA,NA,NA,"2","4","5","3","5","3",NA,NA,NA,"4","3","3","3","3","3",NA,NA,NA,"3","5","5",NA,NA,NA,"3","3","2","3","4","4","4","4","3",NA,NA,NA,"3","5","2","4","32","2",NA,"2","3","7",NA,"231","178","Other"
43,"2","4","2","2","3",NA,NA,NA,"2","3","3","1","1","1",NA,NA,NA,"1","2","1","1","1","1",NA,NA,NA,"1","3","4","1","1","1",NA,NA,NA,"1","4","3","1","1","1",NA,NA,NA,"1","3","3","1","1","1",NA,NA,NA,"1","1","1","1","1","1",NA,NA,NA,"1","3","3","2","2","2",NA,NA,NA,"1","4","4","2","2","2",NA,NA,NA,"2","3","3","1","1","1",NA,NA,NA,"1","4","3","1","1","1",NA,NA,NA,"1","3","3","2","2","1",NA,NA,NA,"1","5","5",NA,NA,NA,"2","3","3","3","5","5",NA,NA,NA,"2","2","3","3","5","5",NA,NA,NA,"4","5","4","5","5","5",NA,NA,NA,"2","3","2","3","5","2","4","53","2",NA,"7","3","7",NA,"173","149","Region #6"
324,"4","4","1","1","1",NA,NA,NA,"2","1","1","1","1","1",NA,NA,NA,"1","1","1","1","1","1",NA,NA,NA,"1","2","2","1","1","1",NA,NA,NA,"1","3","3","2","3","1",NA,NA,NA,"2","2","2","2","2","1",NA,NA,NA,"1","3","1","2","2","1",NA,NA,NA,"1","2","3","2","2","1",NA,NA,NA,"1","4","4","2","3","3",NA,NA,NA,"3","3","3","2","2","3",NA,NA,NA,"2","5","5",NA,NA,NA,"5","5","5","4","4","4","2","3","3",NA,NA,NA,"3","4","4","2","3","3",NA,NA,NA,"3","3","4","2","2","3",NA,NA,NA,"3","5","5",NA,NA,NA,"4","5","5","4","4","4","3","3","3",NA,NA,NA,"3","5","2","4","28","2",NA,"4","3","7",NA,"181","188","Region #5"
59,"4","3","1","2","1",NA,NA,NA,"4","2","2","2","2","2",NA,NA,NA,"2","3","1","1","1","1",NA,NA,NA,"2","3","3","2","2","2",NA,NA,NA,"3","2","3","2","2","2",NA,NA,NA,"2","2","2","3","3","3",NA,NA,NA,"2","5","5",NA,NA,NA,"3","3","3","3","2","2","3","3","3",NA,NA,NA,"2","3","4","3","3","3",NA,NA,NA,"2","3","3","3","3","3",NA,NA,NA,"2","5","5",NA,NA,NA,"3","3","3","4","3","3","2","2","2",NA,NA,NA,"2","3","3","3","3","3",NA,NA,NA,"3","3","4","3","3","3",NA,NA,NA,"3","5","5",NA,NA,NA,"5","5","1","5","3","4","3","3","3",NA,NA,NA,"3","5","2","4","29","2",NA,"7","2","7",NA,"243","129","Region #7"
143,"4","3","2","2","2",NA,NA,NA,"4","3","3","1","1","1",NA,NA,NA,"2","2","2","1","1","1",NA,NA,NA,"2","3","3","1","1","1",NA,NA,NA,"2","2","2","2","2","2",NA,NA,NA,"2","2","2","1","1","1",NA,NA,NA,"2","2","2","1","1","1",NA,NA,NA,"2","2","2","1","1","1",NA,NA,NA,"2","3","3","2","2","2",NA,NA,NA,"4","3","3","2","2","2",NA,NA,NA,"2","3","3","2","2","2",NA,NA,NA,"2","3","3","2","2","2",NA,NA,NA,"2","4","4","3","3","2",NA,NA,NA,"3","4","4","2","3","3",NA,NA,NA,"3","4","4","2","3","3",NA,NA,NA,"3","4","4","3","3","2",NA,NA,NA,"4","5","2","4","41","2",NA,"5","2","7",NA,"123","228","Other"
187,"3","3","1","1","1",NA,NA,NA,"3","2","1","1","1","1",NA,NA,NA,"2","2","2","1","1","1",NA,NA,NA,"2","3","4","1","1","1",NA,NA,NA,"2","1","3","1","1","1",NA,NA,NA,"1","1","1","1","1","1",NA,NA,NA,"1","2","2","1","1","1",NA,NA,NA,"1","2","2","1","1","1",NA,NA,NA,"1","2","3","1","1","1",NA,NA,NA,"2","3","3","2","1","1",NA,NA,NA,"2","4","4","2","2","1",NA,NA,NA,"3","3","4","1","1","2",NA,NA,NA,"3","4","3","3","3","4",NA,NA,NA,"5","4","5","2","2","3",NA,NA,NA,"3","5","5",NA,NA,NA,"3","3","4","5","4","5","2","2","3",NA,NA,NA,"4","5","2","4","26","2",NA,"6","5","7",NA,"195","135","Other"
322,"1","1","1","1","1",NA,NA,NA,"1","1","1","1","1","1",NA,NA,NA,"1","1","1","1","1","1",NA,NA,NA,"1","1","1","1","1","1",NA,NA,NA,"1","1","1","1","1","1",NA,NA,NA,"1","1","1","1","1","1",NA,NA,NA,"1","1","1","1","1","1",NA,NA,NA,"1","1","1","1","1","1",NA,NA,NA,"1","3","3","2","2","2",NA,NA,NA,"2","2","3","2","2","2",NA,NA,NA,"2","3","3","2","2","2",NA,NA,NA,"2","3","3","2","2","2",NA,NA,NA,"2","3","4","1","1","1",NA,NA,NA,"2","3","3","1","1","2",NA,NA,NA,"2","2","2","1","1","1",NA,NA,NA,"2","4","4","1","1","1",NA,NA,NA,"3","2","2","4","39","1",NA,"6","6","7",NA,"213","158","Region #6"
34,"3","4","1","1","2",NA,NA,NA,"2","2","2","2","1","1",NA,NA,NA,"2","1","1","2","1","1",NA,NA,NA,"1","1","2","1","1","1",NA,NA,NA,"2","3","3","2","2","2",NA,NA,NA,"2","2","2","2","2","2",NA,NA,NA,"2","2","2","2","2","2",NA,NA,NA,"2","3","3","2","2","2",NA,NA,NA,"3","4","4","4","4","4",NA,NA,NA,"4","3","3","2","2","2",NA,NA,NA,"2","4","4","2","2","2",NA,NA,NA,"4","4","4","4","4","4",NA,NA,NA,"3","4","4","4","4","4",NA,NA,NA,"4","4","4","2","3","3",NA,NA,NA,"3","5","5",NA,NA,NA,"5","5","5","4","4","4","3","3","3",NA,NA,NA,"3","5","2","4","46","1",NA,"5","3","7",NA,"178","155","Region #6"
244,"3","4","1","1","1",NA,NA,NA,"3","3","3","2","2","2",NA,NA,NA,"2","1","2","1","2","1",NA,NA,NA,"1","3","3","2","2","2",NA,NA,NA,"2","3","3","2","2","2",NA,NA,NA,"2","3","3","2","2","2",NA,NA,NA,"2","2","3","2","2","2",NA,NA,NA,"2","3","3","3","3","3",NA,NA,NA,"3","3","4","2","2","2",NA,NA,NA,"2","3","3","2","2","3",NA,NA,NA,"3","4","4","2","2","3",NA,NA,NA,"3","4","3","2","2","2",NA,NA,NA,"3","4","4","3","2","3",NA,NA,NA,"4","4","4","2","2","2",NA,NA,NA,"2","4","4","3","3","3",NA,NA,NA,"4","4","5","2","2","2",NA,NA,NA,"3","5","2","4","36","2",NA,"5","3","7",NA,"133","210","Region #4"
24,"3","3","2","2","2",NA,NA,NA,"3","1","1","1","1","1",NA,NA,NA,"1","1","1","1","1","1",NA,NA,NA,"1","2","2","1","1","1",NA,NA,NA,"1","3","3","3","3","2",NA,NA,NA,"3","2","2","2","2","2",NA,NA,NA,"2","4","3","2","2","2",NA,NA,NA,"3","2","2","2","2","3",NA,NA,NA,"3","3","4","3","3","3",NA,NA,NA,"3","2","2","2","2","2",NA,NA,NA,"2","5","4",NA,NA,NA,"3","3","3","4","3","3","3","3","3",NA,NA,NA,"2","5","4",NA,NA,NA,"3","3","3","4","3","3","3","3","3",NA,NA,NA,"3","5","5",NA,NA,NA,"3","4","4","5","3","3","3","3","3",NA,NA,NA,"3","5","2","4","34","2",NA,"2","5","7",NA,"116","218","Other"
29,"2","3","1","1","1",NA,NA,NA,"1","1","1","1","1","1",NA,NA,NA,"1","1","1","1","1","1",NA,NA,NA,"1","4","4","1","1","1",NA,NA,NA,"1","3","3","1","1","1",NA,NA,NA,"2","2","2","1","1","1",NA,NA,NA,"2","2","2","1","1","1",NA,NA,NA,"1","4","3","1","1","1",NA,NA,NA,"2","4","4","1","1","1",NA,NA,NA,"3","2","2","1","1","1",NA,NA,NA,"2","3","2","1","1","1",NA,NA,NA,"2","5","4",NA,NA,NA,"1","1","1","2","4","4","2","3","2",NA,NA,NA,"3","4","4","2","2","3",NA,NA,NA,"2","5","4",NA,NA,NA,"2","2","3","4","5","5",NA,NA,NA,"2","3","2","5","5","2","4","53","2",NA,"7","5","1,3",NA,"156","174","Region #5"
337,"3","3","4","3","3",NA,NA,NA,"4","1","1","1","1","1",NA,NA,NA,"1","1","1","1","1","1",NA,NA,NA,"1","3","3","1","1","1",NA,NA,NA,"1","4","4","5","5","5",NA,NA,NA,"4","2","2","1","1","1",NA,NA,NA,"1","2","2","1","1","1",NA,NA,NA,"2","2","1","1","1","1",NA,NA,NA,"2","4","4","5","5","5",NA,NA,NA,"4","3","3","1","1","1",NA,NA,NA,"2","4","4","1","2","2",NA,NA,NA,"2","3","3","1","1","2",NA,NA,NA,"2","5","4",NA,NA,NA,"5","5","5","5","3","3","2","2","4",NA,NA,NA,"3","5","5",NA,NA,NA,"1","1","5","5","3","3","1","1","3",NA,NA,NA,"2","5","2","4","27","1",NA,"5","6","7",NA,"155","207","Region #4"
185,"3","3","2","1","1",NA,NA,NA,"1","1","2","1","1","1",NA,NA,NA,"1","1","1","2","2","2",NA,NA,NA,"1","3","2","2","2","2",NA,NA,NA,"1","1","3","1","1","1",NA,NA,NA,"1","1","1","1","2","1",NA,NA,NA,"1","1","1","1","2","2",NA,NA,NA,"1","2","1","2","2","2",NA,NA,NA,"1","3","2","2","2","2",NA,NA,NA,"2","3","4","2","2","1",NA,NA,NA,"2","5","5",NA,NA,NA,"2","3","3","4","3","3","2","3","2",NA,NA,NA,"2","3","3","2","2","2",NA,NA,NA,"2","4","4","2","2","2",NA,NA,NA,"2","4","4","2","2","2",NA,NA,NA,"3","3","3","2","2","2",NA,NA,NA,"2","5","2","4","65","2",NA,"5","6","7",NA,"192","153","Region #6"
10,"4","4","1","1","1",NA,NA,NA,"3","2","2","1","1","1",NA,NA,NA,"3","2","3","1","1","1",NA,NA,NA,"3","4","3","2","2","2",NA,NA,NA,"3","3","4","1","1","1",NA,NA,NA,"1","1","1","1","1","1",NA,NA,NA,"1","2","2","1","1","1",NA,NA,NA,"2","1","1","1","1","1",NA,NA,NA,"2","4","4","3","3","3",NA,NA,NA,"3","2","2","2","2","2",NA,NA,NA,"2","4","5","3","3","3",NA,NA,NA,"3","2","2","2","2","2",NA,NA,NA,"2","5","5",NA,NA,NA,"3","3","3","3","5","5",NA,NA,NA,"3","3","3","3","5","5",NA,NA,NA,"3","3","3","3","4","4","3","3","3",NA,NA,NA,"3","5","2","4","37","2",NA,"7","5","7",NA,"259","90","Region #8"
78,"1","1","1","1","1",NA,NA,NA,"1","4","3","2","1","1",NA,NA,NA,"2",NA,"1","1","1","1",NA,NA,NA,"1","1","2","1","2","1",NA,NA,NA,"2","2","2","2","1","1",NA,NA,NA,"1","1","2","2","2","2",NA,NA,NA,"1","2","2","2","2",NA,NA,NA,NA,"2","1","1","1","2",NA,NA,NA,NA,"1","2","2","3","3","3",NA,NA,NA,"2","2","1","2","1","1",NA,NA,NA,"2","3","2","2","2","2",NA,NA,NA,"2","2","3","1","2","3",NA,NA,NA,"2","5","5",NA,NA,NA,"3","3","3",NA,"4","4","3","2",NA,NA,NA,NA,"1","5","5",NA,NA,NA,"5","5","3","3","4","3","2","2","1",NA,NA,NA,"5","2","1","4","45","1",NA,"4","2","4",NA,"199","180","Region #5"
191,"2","3","1","1","1",NA,NA,NA,"1","1","1","1","1","1",NA,NA,NA,"1","1","1","1","1","1",NA,NA,NA,"1","2","2","1","1","1",NA,NA,NA,"1","3","4","2","1","1",NA,NA,NA,"2","2","2","2","1","2",NA,NA,NA,"1","2","2","1","1","1",NA,NA,NA,"1","4","4","2","2","1",NA,NA,NA,"2","4","4","2","2","2",NA,NA,NA,"4","3","3","2","2","2",NA,NA,NA,"2","4","4","2","2","2",NA,NA,NA,"4","4","4","2","2","2",NA,NA,NA,"4","5","4",NA,NA,NA,"2","2","3","4","5","4",NA,NA,NA,"2","2","3","4","5","5",NA,NA,NA,"2","2","3","5","4","4","2","2","3",NA,NA,NA,"4","5","2","4","28","1",NA,"4","2","7",NA,"149","222","Region #4"
116,"2","3","2","2","2",NA,NA,NA,"2","1","1","2","3","2",NA,NA,NA,"1","1","1","3","3","3",NA,NA,NA,"1","1","1","2","2","1",NA,NA,NA,"1","1","1","1","1","1",NA,NA,NA,"1","1","1","1","1","1",NA,NA,NA,"1","1","1","1","1","1",NA,NA,NA,"1","1","1","1","1","1",NA,NA,NA,"1","3","3","2","2","2",NA,NA,NA,"1","1","1","2","3","2",NA,NA,NA,"1","1","1","3","3","3",NA,NA,NA,"1","1","1","2","2","2",NA,NA,NA,"2","4","4","3","2","2",NA,NA,NA,"1","3","3","2","2","2",NA,NA,NA,"2","5","5",NA,NA,NA,"3","2","3","3","3","3","2","2","2",NA,NA,NA,"1","5","2","4","50","2",NA,"7","6","7",NA,"235","84","Region #8"
152,"1","1","1","1","1",NA,NA,NA,NA,"1","1","1","1","1",NA,NA,NA,"1","1","1","1","1","1",NA,NA,NA,"1","2","2","1","1","1",NA,NA,NA,"1","3","3","2","2","2",NA,NA,NA,"2","2","2","2","2","2",NA,NA,NA,"2","2","2","2","2","2",NA,NA,NA,"2","2","2","2","2","2",NA,NA,NA,"2","3","3","3","3","3",NA,NA,NA,"3","3","3","3","3","3",NA,NA,NA,"3","3","3","3","3","3",NA,NA,NA,"3","3","3","3","3","3",NA,NA,NA,"3","3","3","3","3","3",NA,NA,NA,"3","3","3","3","3","3",NA,NA,NA,"3","3","4","3","3","3",NA,NA,NA,"3","3","3","3","3","3",NA,NA,NA,"3","5","2","4","38","2",NA,"6","4","7",NA,NA,NA,NA
54,"2","2","2","2","2",NA,NA,NA,"2","1","3","1","1","2",NA,NA,NA,"2","2","2","2","2","2",NA,NA,NA,"2","2","2","2","2","2",NA,NA,NA,"2","2","3","2","3","2",NA,NA,NA,"2","2","2","2","3","2",NA,NA,NA,"2","2","2","2","2","2",NA,NA,NA,"2","2","2","2","2","3",NA,NA,NA,"2","2","2","2","3","3",NA,NA,NA,"2","2","2","2","3","3",NA,NA,NA,"2","2","3","2","3","3",NA,NA,NA,"2","2","2","2","3","3",NA,NA,NA,"2","3","3","3","3","3",NA,NA,NA,"3","5","5",NA,NA,NA,"3","3","3","3","4","4","3","3","3",NA,NA,NA,"3","3","4","3","3","3",NA,NA,NA,"3","5","2","4","45","2",NA,"7","5","4",NA,"223","123","Region #7"
325,"4","4","2","2","1",NA,NA,NA,"2","2","2","2","2","1",NA,NA,NA,"2","2","2","1","1","1",NA,NA,NA,"1","3","3","2","2","2",NA,NA,NA,"2","2","3","1","1","1",NA,NA,NA,"2","1","2","1","1","1",NA,NA,NA,"1","2","3","1","1","1",NA,NA,NA,"2","1","2","1","1","1",NA,NA,NA,"1","3","3","2","1","1",NA,NA,NA,"3","2","3","2","2","2",NA,NA,NA,"2","5","5",NA,NA,NA,"2","2","2","3","3","3","2","2","2",NA,NA,NA,"2","3","4","2","2","3",NA,NA,NA,"2","3","3","2","2","2",NA,NA,NA,"2","4","4","3","4","3",NA,NA,NA,"4","3","3","2","2","2",NA,NA,NA,"2","5","2","4","54","2",NA,"6","5","7",NA,"239","116","Region #7"
331,"4","4","2","2","2",NA,NA,NA,"2","1","1","1","1","1",NA,NA,NA,"1","1","1","1","1","1",NA,NA,NA,"1","2","2","2","2","2",NA,NA,NA,"1","4","4","3","3","2",NA,NA,NA,"3","2","2","2","2","2",NA,NA,NA,"2","3","3","2","2","2",NA,NA,NA,"2","2","2","2","2","2",NA,NA,NA,"2","4","4","3","3","3",NA,NA,NA,"3","3","3","3","3","3",NA,NA,NA,"3","4","4","3","2","3",NA,NA,NA,"3","3","3","3","3","3",NA,NA,NA,"3","4","3","3","3","3",NA,NA,NA,"5","5","5",NA,NA,NA,"3","3","3","5","5","5",NA,NA,NA,"3","3","3","5","5","5",NA,NA,NA,"3","3","3","5","5","2","4","25","2",NA,"7","5","7",NA,"211","158","Region #6"
178,"3","3","2","2","2",NA,NA,NA,"2","2","2","2","2","2",NA,NA,NA,"2","2","2","2","2","2",NA,NA,NA,"2","2","2","2","2","2",NA,NA,NA,"2","3","3","2","2","2",NA,NA,NA,"2","2","3","2","2","2",NA,NA,NA,"2","4","4","2","2","2",NA,NA,NA,"2","3","3","2","2","2",NA,NA,NA,"2","5","5",NA,NA,NA,"3","3","3","3","4","5","3","3","3",NA,NA,NA,"3","5","5",NA,NA,NA,"3","4","3","5","4","4","3","3","3",NA,NA,NA,"2","5","5",NA,NA,NA,"3","3","3","3","5","5",NA,NA,NA,"3","3","3","3","5","5",NA,NA,NA,"3","3","3","3","5","5",NA,NA,NA,"3","3","3","3","2","2","4","52","2",NA,"1","2","7",NA,"130","257","Region #3"
267,"3","4","4","4","3",NA,NA,NA,"2","3","4","2","2","3",NA,NA,NA,"2","4","3","1","1","1",NA,NA,NA,"2","4","3","3","4","3",NA,NA,NA,"2","3","4","2","2","2",NA,NA,NA,"3","3","3","2","2","2",NA,NA,NA,"3","5","4",NA,NA,NA,"4","4","4","4","3","4","2","2","2",NA,NA,NA,"2","5","5",NA,NA,NA,"5","5","5","4","5","4",NA,NA,NA,"4","4","4","3","5","5",NA,NA,NA,"5","5","4","4","4","4","5","5","5",NA,NA,NA,"3","5","5",NA,NA,NA,"5","5","5","5","4","4","4","5","5",NA,NA,NA,"4","5","5",NA,NA,NA,"5","5","5","5","4","4","4","4","5",NA,NA,NA,"4","5","2","4","42","1",NA,"6","11","7",NA,"223","85","Region #8"
160,"4","4","2","3","2",NA,NA,NA,"2","2","2","1","1","1",NA,NA,NA,"1","1","1","1","1","1",NA,NA,NA,"1","4","4","2","3","2",NA,NA,NA,"1","3","3","2","3","2",NA,NA,NA,"2","1","1","1","2","1",NA,NA,NA,"1","1","1","1","2","1",NA,NA,NA,"1","4","3","2","2","3",NA,NA,NA,"2","3","3","2","2","3",NA,NA,NA,"2","3","3","2","2","3",NA,NA,NA,"2","5","5",NA,NA,NA,"4","5","5","4","4","3","3","2","2",NA,NA,NA,"2","4","4","2","2","3",NA,NA,NA,"3","4","4","2","2","4",NA,NA,NA,"3","5","5",NA,NA,NA,"3","2","4","3","4","4","3","2","3",NA,NA,NA,"3","5","2","4","32","2",NA,"7","6","7",NA,NA,NA,NA
350,"2","2","1","2","1",NA,NA,NA,"1","1","1","1","1","1",NA,NA,NA,"1","1","1","1","1","1",NA,NA,NA,"1","2","2","1","2","2",NA,NA,NA,"2","3","4","2","2","2",NA,NA,NA,"2","2","2","2","2","1",NA,NA,NA,"2","1","1","1","1","1",NA,NA,NA,"2","3","3","1","1","1",NA,NA,NA,"2","3","4","2","2","2",NA,NA,NA,"3","3","3","2","2","2",NA,NA,NA,"2","2","3","2","2","2",NA,NA,NA,"2","3","3","2","1","2",NA,NA,NA,"2","4","4","2","2","2",NA,NA,NA,"2","3","3","2","2","2",NA,NA,NA,"2","4","4","2","2","2",NA,NA,NA,"4","4","3","2","3","3",NA,NA,NA,"3","5","2","4","34","2",NA,"5","5","7",NA,"180","192","Region #5"
250,"1","3","1","1","1",NA,NA,NA,"1","1","2","1","2","2",NA,NA,NA,"1","1","2","1","1","1",NA,NA,NA,"1","2","3","2","2","2",NA,NA,NA,"1","3","3","2","2","2",NA,NA,NA,"2","2","3","2","2","2",NA,NA,NA,"2","4","4","3","3","3",NA,NA,NA,"3","3","3","2","2","2",NA,NA,NA,"2","1","1","2","4","3",NA,NA,NA,"1","3","3","4","4","4",NA,NA,NA,"2","5","4",NA,NA,NA,"3","4","4","3","3","4","3","3","3",NA,NA,NA,"3","3","3","2","3","3",NA,NA,NA,"2","4","4","2","2","3",NA,NA,NA,"3","5","5",NA,NA,NA,"4","4","4","3","5","3",NA,NA,NA,"3","3","3","4","5","2","4","25","2",NA,"3","5","7",NA,"184","221","Region #4"
329,"2","2","2","2","2",NA,NA,NA,"2","1","1","1","1","1",NA,NA,NA,"1","1","1","1","1","1",NA,NA,NA,"1","2","2","1","1","1",NA,NA,NA,"1","2","5","1","2","1",NA,NA,NA,"1","3","1","2","1","2",NA,NA,NA,"2","2","3","1","2","2",NA,NA,NA,"2","3","3","2","2","2",NA,NA,NA,"2","5","4",NA,NA,NA,"3","3","3","2","4","3","3","3","3",NA,NA,NA,"2","5","5",NA,NA,NA,"3","2","3","3","4","4","3","3","3",NA,NA,NA,"3","5","5",NA,NA,NA,"5","5","5","5","5","5",NA,NA,NA,"5","4","4","5","5","5",NA,NA,NA,"5","5","5","5","5","5",NA,NA,NA,"5","5","5","5","5","2","4","43","2",NA,"3","4","3",NA,"205","119","Region #7"
218,"3","4","1","1","2",NA,NA,NA,"2","2","2","1","1","1",NA,NA,NA,"1","1","1","1","1","1",NA,NA,NA,"2","3","3","1","1","1",NA,NA,NA,"1","4","4","2","2","3",NA,NA,NA,"2","2","2","1","1","1",NA,NA,NA,"2","3","3","1","1","1",NA,NA,NA,"2","4","4","1","1","1",NA,NA,NA,"2","5","5",NA,NA,NA,"3","3","3","3","4","4","2","2","2",NA,NA,NA,"3","5","5",NA,NA,NA,"4","4","4","4","4","4","3","3","3",NA,NA,NA,"3","5","5",NA,NA,NA,"3","3","3","3","5","5",NA,NA,NA,"4","4","4","3","5","5",NA,NA,NA,"5","5","5","4","5","5",NA,NA,NA,"3","3","3","3","5","2","4","56","2",NA,"2","5","7",NA,"186","186","Region #5"
330,"3","4","2","2","2",NA,NA,NA,"2","3","3","1","1","1",NA,NA,NA,"1","2","2","1","1","1",NA,NA,NA,"1","4","4","2","2","2",NA,NA,NA,"4","3","3","2","2","2",NA,NA,NA,"2","2","2","2","2","2",NA,NA,NA,"2","2","2","2","2","2",NA,NA,NA,"2","2","2","2","2","2",NA,NA,NA,"2","5","5",NA,NA,NA,"3","3","3","4","5","5",NA,NA,NA,"3","3","3","4","5","5",NA,NA,NA,"3","3","3","5","5","5",NA,NA,NA,"3","3","3","3","5","5",NA,NA,NA,"4","3","3","3","5","5",NA,NA,NA,"2","3","2","3","5","5",NA,NA,NA,"4","4","3","4","5","5",NA,NA,NA,"3","3","3","3","5","2","4","37","2",NA,"4","6","7",NA,NA,NA,NA
87,"1","4","2","2","2",NA,NA,NA,"1","2","1","1","1","2",NA,NA,NA,"1","1","1","1","1","1",NA,NA,NA,"1","3","3","1","1","1",NA,NA,NA,"2","2","3","2","2","2",NA,NA,NA,"2","2","2","1","1","2",NA,NA,NA,"1","2","2","2","2","2",NA,NA,NA,"2","3","3","2","2","2",NA,NA,NA,"2","3","4","2","2","2",NA,NA,NA,"2","2","2","2","2","2",NA,NA,NA,"2","3","2","2","2","2",NA,NA,NA,"2","3","4","2","2","2",NA,NA,NA,"2","3","4","2","2","3",NA,NA,NA,"2","3","3","2","2","4",NA,NA,NA,"2","3","4","2","2","4",NA,NA,NA,"3","4","5","2","2","3",NA,NA,NA,"2","5","2","4","49","2",NA,"7","6","7",NA,"230","128","Region #7"
70,"5","5",NA,NA,NA,"3","3","3","3","5","5",NA,NA,NA,"2","2","2","5","3","3","2","1","2",NA,NA,NA,"2","5","5",NA,NA,NA,"3","3","3","3","5","5",NA,NA,NA,"3","3","3","3","5","5",NA,NA,NA,"3","3","3","3","5","5",NA,NA,NA,"2","3","2","3","5","5",NA,NA,NA,"3","3","3","3","5","5",NA,NA,NA,"4","4","4","3","5","5",NA,NA,NA,"3","3","3","4","5","5",NA,NA,NA,"3","3","3","5","5","5",NA,NA,NA,"4","4","4","5","5","5",NA,NA,NA,"3","3","3","5","5","5",NA,NA,NA,"3","3","3","5","5","5",NA,NA,NA,"5","5","3","5","5","5",NA,NA,NA,"3","2","3","5","5","2","4","49","2",NA,"3","2","9","Mixed",NA,NA,NA
222,"4","4","1","2","3",NA,NA,NA,"2","1","1","1","1","1",NA,NA,NA,"2","1","1","1","1","1",NA,NA,NA,"1","4","4","1","1","1",NA,NA,NA,"2","3","2","1","1","2",NA,NA,NA,"2","2","2","1","1","1",NA,NA,NA,"2","3","4","2","4","2",NA,NA,NA,"3","2","4","1","2","1",NA,NA,NA,"2","4","4","2","3","3",NA,NA,NA,"4","5","5",NA,NA,NA,"1","1","2","3","5","5",NA,NA,NA,"3","3","3","5","5","3",NA,NA,NA,"2","3","2","2","4","5","2","2","2",NA,NA,NA,"4","2","3","2","2","1",NA,NA,NA,"2","5","5",NA,NA,NA,"5","5","3","5","2","3","2","2","3",NA,NA,NA,"2","5","2","4","18","2",NA,"6","3","7",NA,"140","215","Region #4"
320,"2","3","2","3","3",NA,NA,NA,"2","3","3","2","2","2",NA,NA,NA,"2","2","2","1","1","1",NA,NA,NA,"2","3","3","3","3","3",NA,NA,NA,"2","2","3","2","2","2",NA,NA,NA,"2","2","2","2","2","2",NA,NA,NA,"2","3","3","3","3","3",NA,NA,NA,"3","2","2","2","2","2",NA,NA,NA,"2","2","2","3","3","3",NA,NA,NA,"2","4","4","3","3","3",NA,NA,NA,"3","5","5",NA,NA,NA,"4","4","4","3","3","3","3","3","3",NA,NA,NA,"3","4","5","4","4","4",NA,NA,NA,"3","4","4","2","3","3",NA,NA,NA,"3","5","5",NA,NA,NA,"4","4","4","3","5","5",NA,NA,NA,"5","5","5","4","5","2","4","33","2",NA,"1","2","7",NA,"231","323","Other"
306,"2","4","1","1","1",NA,NA,NA,"2","1","1","1","1","1",NA,NA,NA,"1","1","1","1","1","1",NA,NA,NA,"1","3","3","1","1","1",NA,NA,NA,"1","3","3","1","1","1",NA,NA,NA,"2","1","2","1","1","1",NA,NA,NA,"2","1","1","1","1","1",NA,NA,NA,"1","4","3","3","2","2",NA,NA,NA,"2","5","4",NA,NA,NA,"2","3","3","4","3","3","2","2","2",NA,NA,NA,"2","4","4","2","2","3",NA,NA,NA,"4","4","5","3","3","5",NA,NA,NA,"4","5","5",NA,NA,NA,"2","2","4","3","4","4","2","2","4",NA,NA,NA,"4","5","5",NA,NA,NA,"2","2","4","5","5","5",NA,NA,NA,"2","2","3","3","5","2","4","23","1",NA,"4","5","7",NA,"223","120","Region #7"
219,"2","3","4","4","4",NA,NA,NA,"2","3","3","1","2","2",NA,NA,NA,"2","2","2","2","2","2",NA,NA,NA,"2","4","4","2","2","2",NA,NA,NA,"3","2","3","2","2","2",NA,NA,NA,"2","1","1","1","1","1",NA,NA,NA,"1","2","2","1","1","1",NA,NA,NA,"1","3","3","2","2","2",NA,NA,NA,"2","4","4","2","2","2",NA,NA,NA,"2","2","2","2","2","2",NA,NA,NA,"2","2","2","2","2","2",NA,NA,NA,"2","2","2","2","2","2",NA,NA,NA,"2","4","4","2","2","4",NA,NA,NA,"2","3","3","2","2","2",NA,NA,NA,"2","4","4","2","2","4",NA,NA,NA,"3","3","3","2","2","4",NA,NA,NA,"3","5","2","4","38","2",NA,"3","5","7",NA,"157","222","Region #4"
93,"3","4","1","1","1",NA,NA,NA,"3","1","1","1","1","1",NA,NA,NA,"1","2","2","1","1","1",NA,NA,NA,"2","2","2","1","1","1",NA,NA,NA,"2","3","3","1","1","1",NA,NA,NA,"1","3","2","1","1","1",NA,NA,NA,"2","2","3","1","1","1",NA,NA,NA,"2","4","4","1","2","1",NA,NA,NA,"2","3","4","2","3","3",NA,NA,NA,"3","3","3","2","3","3",NA,NA,NA,"3","5","5",NA,NA,NA,"3","3","3","3","4","4","2","3","3",NA,NA,NA,"3","4","4","3","3","3",NA,NA,NA,"3","4","4","3","3","3",NA,NA,NA,"3","5","5",NA,NA,NA,"3","3","3","3","4","4","3","3","3",NA,NA,NA,"3","5","2","4","47","2",NA,"3","5","7",NA,"166","217","Region #4"
259,"3","3","2","2","2",NA,NA,NA,"1","2","2","2","1","1",NA,NA,NA,"1","1","2","1","1","1",NA,NA,NA,"1","3","3","1","1","2",NA,NA,NA,"1","3","4","2","2","2",NA,NA,NA,"2","2","2","1","1","2",NA,NA,NA,"1","2","2","2","1","2",NA,NA,NA,"1","3","3","1","2","2",NA,NA,NA,"2","3","4","2","2","2",NA,NA,NA,"2","2","3","2","2","2",NA,NA,NA,"2","2","3","2","2","2",NA,NA,NA,"2","3","3","2","2","2",NA,NA,NA,"2","5","5",NA,NA,NA,"2","2","4","3","5","5",NA,NA,NA,"2","2","4","3","5","5",NA,NA,NA,"2","2","4","3","5","5",NA,NA,NA,"2","2","4","3","5","2","4","50","1",NA,"2","5","7",NA,"167","153","Other"
162,"2","1","1","1","1",NA,NA,NA,"1","1","1","2","2","2",NA,NA,NA,"1","1","1","1","1","1",NA,NA,NA,"1","1","1","1","1","1",NA,NA,NA,"1","3","3","2","3","3",NA,NA,NA,"2","1","2","2","1","2",NA,NA,NA,"1","1","1","1","2","1",NA,NA,NA,"1","1","2","1","1","1",NA,NA,NA,"1","3","3","3","2","3",NA,NA,NA,"3","2","3","3","2","3",NA,NA,NA,"3","3","3","3","3","3",NA,NA,NA,"3","2","2","3","2","3",NA,NA,NA,"3","2","3","2","3","3",NA,NA,NA,"3","3","4","3","3","3",NA,NA,NA,"4","2","3","3","3","3",NA,NA,NA,"3","1","3","3","2","3",NA,NA,NA,"3","5","2","4","38","2",NA,"5","4","7",NA,"168","191","Region #5"
175,"4","4","2","2","2",NA,NA,NA,"3","2","2","2","2","2",NA,NA,NA,"1","2","2","2","1","1",NA,NA,NA,"1","3","3","2","2","2",NA,NA,NA,"2","4","4","2","2","2",NA,NA,NA,"3","3","3","2","2","2",NA,NA,NA,"2","4","4","2","2","2",NA,NA,NA,"2","4","4","2","2","2",NA,NA,NA,"2","5","4",NA,NA,NA,"3","3","2","3","4","4","2","3","2",NA,NA,NA,"2","5","5",NA,NA,NA,"3","3","3","4","4","4","2","2","2",NA,NA,NA,"2","5","5",NA,NA,NA,"2","2","2","3","5","5",NA,NA,NA,"3","3","3","4","5","5",NA,NA,NA,"4","4","4","5","5","5",NA,NA,NA,"3","3","3","3","5","2","4","37","1",NA,"7","5","7",NA,"210","113","Region #7"
354,"1","3","1","1","1",NA,NA,NA,"3","1","1","1","1","1",NA,NA,NA,"1","1","1","1","1","1",NA,NA,NA,"1","1","1","1","1","1",NA,NA,NA,"1","2","2","1","2","1",NA,NA,NA,"2","1","1","1","1","1",NA,NA,NA,"1","1","1","1","1","1",NA,NA,NA,"1","1","1","1","1","1",NA,NA,NA,"1","4","4","4","4","4",NA,NA,NA,"2","1","1","1","1","1",NA,NA,NA,"1","3","2","2","1","2",NA,NA,NA,"2","4","4","2","2","2",NA,NA,NA,"2","4","4","3","2","3",NA,NA,NA,"3","3","3","2","2","2",NA,NA,NA,"2","4","4","2","2","2",NA,NA,NA,"3","4","4","2","2","2",NA,NA,NA,"3","5","2","4","37","2",NA,"7","6","7",NA,"216","117","Region #7"
275,"2","2","1","1","2",NA,NA,NA,"2","2","2","2","2","2",NA,NA,NA,"3","3","2","2","2","2",NA,NA,NA,"2","2","2","2","2","2",NA,NA,NA,"2","4","2","4","4","4",NA,NA,NA,"4","4","4","4","4","4",NA,NA,NA,"4","4","4","4","4","4",NA,NA,NA,"4","4","4","4","4","4",NA,NA,NA,"4","4","3","2","2","2",NA,NA,NA,"2","3","3","2","2","2",NA,NA,NA,"2","3","3","2","2","3",NA,NA,NA,"2","3","3","2","2","2",NA,NA,NA,"2","3","2","1","1","1",NA,NA,NA,"3","3","3","2","2","3",NA,NA,NA,"2","3","3","2","2","3",NA,NA,NA,"2","3","3","3","2","3",NA,NA,NA,"3","5","2","4","23","1",NA,"3","2","3,7",NA,"121","213","Other"
176,"3","4","2","2","1",NA,NA,NA,"1","1","1","1","1","1",NA,NA,NA,"1","1","1","1","1","1",NA,NA,NA,"1","3","3","2","2","1",NA,NA,NA,"2","3","4","2","2","2",NA,NA,NA,"1","2","2","1","1","1",NA,NA,NA,"1","3","3","1","1","1",NA,NA,NA,"2","3","3","2","1","1",NA,NA,NA,"2","3","4","3","4","3",NA,NA,NA,"4","3","4","2","3","3",NA,NA,NA,"3","4","4","2","3","3",NA,NA,NA,"4","4","4","2","2","3",NA,NA,NA,"2","4","4","5","5","4",NA,NA,NA,"4","4","4","2","2","2",NA,NA,NA,"3","4","4","3","4","4",NA,NA,NA,"4","4","4","2","2","3",NA,NA,NA,"4","5","2","4","24","2",NA,"4","3","7",NA,"146","195","Other"
48,"2","3","2","2","2",NA,NA,NA,"2","3","4","2","2","2",NA,NA,NA,"2","1","2","1","1","1",NA,NA,NA,"1","2","3","1","1","2",NA,NA,NA,"2","3","5","2","2","2",NA,NA,NA,"2","2","3","2","2","2",NA,NA,NA,"2","2","1","1","1","1",NA,NA,NA,"1","3","3","2","2","2",NA,NA,NA,"2","4","4","2","2","2",NA,NA,NA,"4","4","4","3","3","3",NA,NA,NA,"4","4","4","3","2","3",NA,NA,NA,"4","2","4","3","3","3",NA,NA,NA,"1","4","5","2","2","3",NA,NA,NA,"4","3","4","3","2","3",NA,NA,NA,"2","5","5",NA,NA,NA,"4","4","5","5","2","3","2","3","3",NA,NA,NA,"2","5","2","4","34","2",NA,"4","2","2,7",NA,"125","254","Region #3"
158,"2","3","1","1","2",NA,NA,NA,"2","3","3","1","2","1",NA,NA,NA,"1","1","1","2","1","2",NA,NA,NA,"2","3","3","2","2","2",NA,NA,NA,"1","2","2","1","1","2",NA,NA,NA,"1","1","2","1","1","1",NA,NA,NA,"1","2","2","1","1","1",NA,NA,NA,"1","1","1","1","1","1",NA,NA,NA,"2","2","4","2","2","2",NA,NA,NA,"2","3","3","2","2","2",NA,NA,NA,"2","3","3","2","2","2",NA,NA,NA,"2","2","3","2","2","2",NA,NA,NA,"2","3","3","2","2","3",NA,NA,NA,"2","3","3","2","2","3",NA,NA,NA,"2","4","5","2","2","3",NA,NA,NA,"5","2","4","2","2","3",NA,NA,NA,"3","5","2","4","20","1",NA,"1","3","3",NA,NA,NA,NA
168,"2","2","1","1","1",NA,NA,NA,"1","3","3","1","1","1",NA,NA,NA,"1","3","3","1","1","1",NA,NA,NA,"1","3","3","2","2","2",NA,NA,NA,"2","1","2","2","2","2",NA,NA,NA,"2","1","1","1","1","1",NA,NA,NA,"1","1","1","1","1","1",NA,NA,NA,"1","1","1","1","1","1",NA,NA,NA,"1","2","2","2","2","2",NA,NA,NA,"2","1","1","1","2","2",NA,NA,NA,"2","2","2","2","2","2",NA,NA,NA,"2","1","1","1","1","1",NA,NA,NA,"1","4","4","2","2","2",NA,NA,NA,"3","3","4","2","1","3",NA,NA,NA,"3","4","4","3","3","3",NA,NA,NA,"3","3","3","2","2","3",NA,NA,NA,"3","5","2","4","52","2",NA,"6","4","7",NA,NA,NA,NA
194,"2","3","2","2","2",NA,NA,NA,"2","1",NA,"1","1","1",NA,NA,NA,"1","3","2","1","1","1",NA,NA,NA,"2","2","1","1","1","1",NA,NA,NA,"1","3","3","2","2","2",NA,NA,NA,"2","1","2","2","2","2",NA,NA,NA,"2","3","2","2","2","2",NA,NA,NA,"2","3","3","2","2","2",NA,NA,NA,"2","3","3","2","2","2",NA,NA,NA,"2","3","3","2","2","2",NA,NA,NA,"2","3","3","2","2","2",NA,NA,NA,"2","4","4","2","2","2",NA,NA,NA,"2","4","4","4","4","4",NA,NA,NA,"4","5","5",NA,NA,NA,"4","4","4","4","5","5",NA,NA,NA,"4","4","4","4","4","4","4","4","4",NA,NA,NA,"5","5","2","4","47","5","Woman","7","3","7",NA,"242","129","Region #7"
289,"2","4","1","1","1",NA,NA,NA,"1","1","1","1","1","1",NA,NA,NA,"1","1","1","1","1","1",NA,NA,NA,"1","1","1","1","1","1",NA,NA,NA,"1","3","3","1","1","1",NA,NA,NA,"1","1","2","2","2","2",NA,NA,NA,"1","1","1","3","2","1",NA,NA,NA,"1","2","2","3","2","2",NA,NA,NA,"1","4","4","3","3","3",NA,NA,NA,"3","4","4","3","3","3",NA,NA,NA,"3","4","4","3","3","3",NA,NA,NA,"3","5","4",NA,NA,NA,"3","3","3","3","4","4","3","3","3",NA,NA,NA,"3","3","3","3","3","3",NA,NA,NA,"2","5","5",NA,NA,NA,"3","3","3","3","4","4","3","3","3",NA,NA,NA,"3","5","2","4","29","1",NA,"6","2","4",NA,"249","120","Region #7"
332,"4","4","4","4","3",NA,NA,NA,"2","2","2","2","2","1",NA,NA,NA,"1","1","1","1","1","1",NA,NA,NA,"1","2","2","2","2","2",NA,NA,NA,"1","3","3","4","4","3",NA,NA,NA,"3","2","2","2","1","1",NA,NA,NA,"1","2","3","1","1","1",NA,NA,NA,"2","3","3","2","2","1",NA,NA,NA,"1","4","4","4","4","3",NA,NA,NA,"4","4","4","2","2","2",NA,NA,NA,"2","5","5",NA,NA,NA,"4","5","5","5","4","5","3","3","3",NA,NA,NA,"3","5","5",NA,NA,NA,"5","5","4","5","5","5",NA,NA,NA,"4","3","3","5","5","5",NA,NA,NA,"5","5","5","5","5","5",NA,NA,NA,"4","4","4","5","5","2","4","12","2",NA,"8","5","7",NA,"105","252","Region #3"
167,"4","4","1","2","3",NA,NA,NA,"1","4","4","1","1","3",NA,NA,NA,"3","3","4","1","1","1",NA,NA,NA,"2","4","4","1","2","3",NA,NA,NA,"2","3","4","2","2","2",NA,NA,NA,"2","2","2","2","2","2",NA,NA,NA,"1","3","2","1","1","1",NA,NA,NA,"2","4","4","2","2","2",NA,NA,NA,"2","5","5",NA,NA,NA,"2","2","3","3","5","5",NA,NA,NA,"2","2","3","3","4","4","2","2","3",NA,NA,NA,"3","5","5",NA,NA,NA,"2","2","3","3","5","5",NA,NA,NA,"2","2","3","4","5","4",NA,NA,NA,"2","2","3","3","5","5",NA,NA,NA,"2","2","3","4","5","5",NA,NA,NA,"2","2","3","4","5","2","4","49","1",NA,"4","2","7",NA,"148","220","Region #4"
270,"4","4","2","2","2",NA,NA,NA,"2","3","3","2","2","2",NA,NA,NA,"2","1","1","1","1","1",NA,NA,NA,"1","4","4","2","2","2",NA,NA,NA,"2","4","4","2","2","2",NA,NA,NA,"2","3","3","2","2","2",NA,NA,NA,"2","4","4","2","2","2",NA,NA,NA,"2","4","4","2","2","2",NA,NA,NA,"2","4","4","3","3","3",NA,NA,NA,"2","4","4","3","3","3",NA,NA,NA,"2","5","5",NA,NA,NA,"5","5","5","5","4","5","5","3","3",NA,NA,NA,"2","4","4","3","3","3",NA,NA,NA,"2","3","3","3","3","3",NA,NA,NA,"2","5","5",NA,NA,NA,"3","3","3","3","5","5",NA,NA,NA,"3","3","3","3","5","2","4","51","2",NA,"4","4","7",NA,NA,NA,NA
253,"1","1","1","1","1",NA,NA,NA,"1","1","1","1","1","1",NA,NA,NA,"1","1","1","1","1","1",NA,NA,NA,"1","1","2","4",NA,"2",NA,NA,NA,"1","1","1","1","1","1",NA,NA,NA,"4","1","1","1","5","1",NA,NA,NA,"1","1","1","1","1","1",NA,NA,NA,"1","1","5","1","1","1",NA,NA,NA,"2","1","1","1","4","1",NA,NA,NA,"2","1","1","2","2","2",NA,NA,NA,"4","1","4","1","1","2",NA,NA,NA,"2","1","1","1","1","2",NA,NA,NA,"1","1","1","1","1","2",NA,NA,NA,"2","1","1","1","2","1",NA,NA,NA,"1","5","4",NA,NA,NA,"1","1","1","2","1","1","1","1","2",NA,NA,NA,"2","1","2","4","54","1",NA,"5","5","3",NA,NA,NA,NA
200,"4","4","2","2","2",NA,NA,NA,"3","1","1","1","1","1",NA,NA,NA,"2","1","1","1","2","1",NA,NA,NA,"1","3","4","2","2","2",NA,NA,NA,"2","4","4","2","2","1",NA,NA,NA,"2","1","1","1","1","1",NA,NA,NA,"1","1","1","1","1","1",NA,NA,NA,"1","3","3","1","1","1",NA,NA,NA,"2","4","4","3","3","3",NA,NA,NA,"4","3","3","3","3","3",NA,NA,NA,"3","4","4","3","3","3",NA,NA,NA,"4","3","3","3","3","3",NA,NA,NA,"3","4","4","4","5","4",NA,NA,NA,"4","3","3","3","2","3",NA,NA,NA,"2","4","4","3","4","3",NA,NA,NA,"4","4","4","2","3","3",NA,NA,NA,"4","5","2","4","22","2",NA,"1","5","7",NA,"201","156","Region #6"
1,"4","4","2","2","2",NA,NA,NA,"2","2","2","1","1","1",NA,NA,NA,"1","2","2","1","1","1",NA,NA,NA,"1","4","4","2","2","2",NA,NA,NA,"2","3","3","2","2","2",NA,NA,NA,"1","2","2","2","2","2",NA,NA,NA,"1","2","2","2","2","2",NA,NA,NA,"1","3","3","2","2","2",NA,NA,NA,"1","4","4","2","2","2",NA,NA,NA,"2","3","3","2","2","2",NA,NA,NA,"2","4","4","2","2","2",NA,NA,NA,"2","3","3","2","2","2",NA,NA,NA,"2","5","5",NA,NA,NA,"3","3","3","2","3","3","2","2","2",NA,NA,NA,"2","5","5",NA,NA,NA,"2","2","3","4","4","4","3","3","3",NA,NA,NA,"2","5","2","4","46","2",NA,"7","3","4,7",NA,"198","171","Region #5"
224,"3","4","2","2","1",NA,NA,NA,"2","3","3","2","2","2",NA,NA,NA,"1","2","2","1","1","1",NA,NA,NA,"1","3","3","1","1","1",NA,NA,NA,"1","4","5","2","3","2",NA,NA,NA,"2","2","3","2","2","2",NA,NA,NA,"1","2","3","2","1","1",NA,NA,NA,"2","4","5","2","2","2",NA,NA,NA,"2","5","4",NA,NA,NA,"3","2","2","2","3","4","2","2","2",NA,NA,NA,"2","5","5",NA,NA,NA,"2","2","2","3","5","5",NA,NA,NA,"2","2","2","3","4","5","3","3","3",NA,NA,NA,"2","4","4","3","3","3",NA,NA,NA,"4","5","5",NA,NA,NA,"3","3","3","5","5","5",NA,NA,NA,"3","3","3","5","5","2","4","29","2",NA,"4","5","7",NA,"79","271","Other"
104,"3","3","2","2","2",NA,NA,NA,"3","2","2","2","2","2",NA,NA,NA,"2","1","1","1","1","1",NA,NA,NA,"1","3","3","2","2","2",NA,NA,NA,"2","3","3","2","2","2",NA,NA,NA,"2","3","3","2","2","2",NA,NA,NA,"2","3","3","2","2","2",NA,NA,NA,"2","3","3","2","2","2",NA,NA,NA,"2","5","5",NA,NA,NA,"3","3","3","3","3","3","2","2","2",NA,NA,NA,"2","2","2","2","2","2",NA,NA,NA,"2","4","4","2","2","2",NA,NA,NA,"2","4","4","3","3","3",NA,NA,NA,"3","4","4","3","3","3",NA,NA,NA,"3","3","5","3","3","3",NA,NA,NA,"2","4","4","3","3","3",NA,NA,NA,"3","5","2","4","35","2",NA,"4","3","7",NA,"149","226","Region #4"
305,"4","4","2","2","2",NA,NA,NA,"1","3","3","1","1","1",NA,NA,NA,"1","1","2","1","1","1",NA,NA,NA,"1","4","4","2","2","2",NA,NA,NA,"2","3","5","2","2","2",NA,NA,NA,"2","2","3","1","1","1",NA,NA,NA,"1","2","2","1","1","1",NA,NA,NA,"1","4","5","2","2","2",NA,NA,NA,"2","4","4","3","3","3",NA,NA,NA,"4","3","3","2","3","2",NA,NA,NA,"2","5","5",NA,NA,NA,"5","5","5","5","5","5",NA,NA,NA,"5","5","5","5","5","5",NA,NA,NA,"5","5","5","5","5","5",NA,NA,NA,"5","5","5","5","5","5",NA,NA,NA,"5","5","5","5","5","5",NA,NA,NA,"5","5","5","5","5","2","4","45","2",NA,"6","5","7",NA,"206","124","Region #7"
195,"1","4","2","1","4",NA,NA,NA,"4","1","1","1","1","1",NA,NA,NA,"1","1","1","1","1","1",NA,NA,NA,"1","1","1","1","1","1",NA,NA,NA,"1","1","5","1","1","1",NA,NA,NA,"1","1","1","1","1","1",NA,NA,NA,"1","1","1","1","1","1",NA,NA,NA,"1","1","1","1","1","1",NA,NA,NA,"1","2","5","1","2","5",NA,NA,NA,"1","1","1","1","1","1",NA,NA,NA,"1","4","4","3","3","3",NA,NA,NA,"3","3","3","1","1","1",NA,NA,NA,"2","4","4","3","3","3",NA,NA,NA,"2","3","3","2","1","2",NA,NA,NA,"2","5","5",NA,NA,NA,"5","5","3","5","4","4","2","2","3",NA,NA,NA,"2","5","2","4","51","2",NA,"2","2","7",NA,"206","229","Other"
355,"4","4","2","2","2",NA,NA,NA,"3","5","5",NA,NA,NA,"2","2","2","3","3","3","2","2","2",NA,NA,NA,"3","5","5",NA,NA,NA,"3","2","3","3","5","5",NA,NA,NA,"2","3","3","3","5","5",NA,NA,NA,"2","2","2","3","5","5",NA,NA,NA,"2","2","2","3","5","5",NA,NA,NA,"4","3","3","3","5","5",NA,NA,NA,"3","3","3","3","5","5",NA,NA,NA,"2","2","2","3","5","5",NA,NA,NA,"3","3","3","3","5","5",NA,NA,NA,"3","3","3","3","3","3","2","2","3",NA,NA,NA,"3","5","4",NA,NA,NA,"2","2","2","3","5","5",NA,NA,NA,"3","3","3","4","5","5",NA,NA,NA,"3","3","3","3","5","2","4","30","2",NA,"1","1","3,7",NA,"131","271","Region #2"
207,"1","4","1","1","1",NA,NA,NA,"1","1","1","1","1","1",NA,NA,NA,"1","1","1","1","1","1",NA,NA,NA,"1","3","3","1","1","1",NA,NA,NA,"1","1","4","1","1","1",NA,NA,NA,"1","1","1","1","1","1",NA,NA,NA,"1","1","1",NA,"1","1",NA,NA,NA,"1","1","1","1","1","1",NA,NA,NA,"1","1","1","1","1","1",NA,NA,NA,"1","1","1","1","1","1",NA,NA,NA,"1","3","3","1","1","1",NA,NA,NA,"2","1","1","1","1","1",NA,NA,NA,"1","3","5","3","3","3",NA,NA,NA,"2","2","4","3","3","3",NA,NA,NA,"2","5","5",NA,NA,NA,"3","3","3","3","2","3","3","3","3",NA,NA,NA,"3","5","2","4","74","2",NA,"6","5","7",NA,"237","112","Region #7"
203,"3","4","4","4","4",NA,NA,NA,"3","4","4","2","2","2",NA,NA,NA,"4","2","2","2","1","1",NA,NA,NA,"2","4","4","2","2","2",NA,NA,NA,"4","3","5","2","2","2",NA,NA,NA,"2","3","3","2","2","2",NA,NA,NA,"2","3","3","3","2","2",NA,NA,NA,"3","3","4","3","2","3",NA,NA,NA,"2","5","5",NA,NA,NA,"3","3","3","3","3","3","3","3","3",NA,NA,NA,"2","5","5",NA,NA,NA,"3","3","3","3","4","4","3","2","3",NA,NA,NA,"3","4","5","3","3","3",NA,NA,NA,"3","4","4","3","3","3",NA,NA,NA,"3","5","5",NA,NA,NA,"3","3","3","5","4","4","3","3","3",NA,NA,NA,"3","5","2","4","29","2",NA,"5","5","2,7",NA,"113","248","Region #3"
155,"2","2","5","4","4",NA,NA,NA,"2","4","4","4","3","3",NA,NA,NA,"4","4","4","3","3","3",NA,NA,NA,"4","4","4","3","3","3",NA,NA,NA,"4","3","3","2","2","2",NA,NA,NA,"2","2","2","2","2","2",NA,NA,NA,"2","3","3","2","2","2",NA,NA,NA,"2","2","3","2","2","2",NA,NA,NA,"2","3","3","2","2","2",NA,NA,NA,"2","3","3","2","2","2",NA,NA,NA,"2","3","3","2","2","2",NA,NA,NA,"2","3","3","2","2","2",NA,NA,NA,"2","4","4","3","3","3",NA,NA,NA,"3","4","4","3","3","3",NA,NA,NA,"3","4","4","3","3","3",NA,NA,NA,"3","4","4","3","3","3",NA,NA,NA,"3","5","2","4","53","2",NA,"7","6","2",NA,"239","102","Region #8"
6,"1","1","1","1","1",NA,NA,NA,"1","1","1","1","1",NA,NA,NA,NA,"1","1","1","1","1","1",NA,NA,NA,"1","1","1","1","1","1",NA,NA,NA,"1","1","1","1","1","1",NA,NA,NA,"1","1","2","2","1","1",NA,NA,NA,"1","1","1","2","1","1",NA,NA,NA,"1","1","1","1","1","1",NA,NA,NA,"1","1","2","2","2",NA,NA,NA,NA,"1","2","2","2","1","2",NA,NA,NA,"1","2","1","2","2","1",NA,NA,NA,"1","2","1","1","1","1",NA,NA,NA,"1","2","1","2","1","1",NA,NA,NA,"1","1","2","1","1","1",NA,NA,NA,"2","1","2","1","1","1",NA,NA,NA,"2","2","1","1","2","2",NA,NA,NA,"2","5","1","4","49","1",NA,"7","6","7",NA,NA,NA,NA
52,"4","3","1","2","2",NA,NA,NA,"2","3","3","2","2","3",NA,NA,NA,"2","1","2","2","2","2",NA,NA,NA,"2","3","4","2","2","2",NA,NA,NA,"2","2","3","1","2","2",NA,NA,NA,"2","2","2","2","3","3",NA,NA,NA,"2","1","1","1","2","2",NA,NA,NA,"1","2","2","2","2","2",NA,NA,NA,"2","4","4","2","3","3",NA,NA,NA,"3","4","4","3","3","3",NA,NA,NA,"3","5","5",NA,NA,NA,"3","4","3","3","4","5","3","2","3",NA,NA,NA,"3","5","5",NA,NA,NA,"3","4","3","4","4","4","2","3","3",NA,NA,NA,"3","4","5","3","4","3",NA,NA,NA,"3","4","4","2","3","3",NA,NA,NA,"3","5","2","4","33","2",NA,"3","1","7",NA,"123","215","Other"
316,"4","3","3","1","2",NA,NA,NA,"4","3","3","1","1","1",NA,NA,NA,"1","1","1","1","1","1",NA,NA,NA,"1","3","3","1","1","1",NA,NA,NA,"1","3","3","1","1","1",NA,NA,NA,"3","2","2","1","1","1",NA,NA,NA,"1","4","2","1","1","1",NA,NA,NA,"2","3","3","1","1","1",NA,NA,NA,"1","4","3","2","3","2",NA,NA,NA,"4","4","4","2","2","2",NA,NA,NA,"2","5","5",NA,NA,NA,"3","3","3","3","4","4","2","3","3",NA,NA,NA,"3","5","3",NA,NA,NA,"3","3","3","4","5","5",NA,NA,NA,"3","3","3","4","5","5",NA,NA,NA,"3","3","3","4","5","5",NA,NA,NA,"3","3","3","4","5","2","4","36","3",NA,"4","4","7",NA,NA,NA,NA
299,"1","1","1","1","1",NA,NA,NA,"2","2","2","2","2","2",NA,NA,NA,"2","2","2","1","1","1",NA,NA,NA,"2","2","2","2","2","2",NA,NA,NA,"2","2","3","2","2","2",NA,NA,NA,"2","2","2","2","2","2",NA,NA,NA,"2","2","2","1","1","1",NA,NA,NA,"2","2","2","1","2","1",NA,NA,NA,"2","3","3","2","2","2",NA,NA,NA,"2","2","2","2","2","2",NA,NA,NA,"2","3","3","2","2","2",NA,NA,NA,"2","3","3","2","2","2",NA,NA,NA,"2","4","4","3","3","3",NA,NA,NA,"3","4","4","3","3","3",NA,NA,NA,"3","5","5",NA,NA,NA,"3","3","3","3","4","4","3","3","3",NA,NA,NA,"3","5","2","4","33","2",NA,"5","5","7",NA,"211","191","Region #5"
66,"3","4","2","2","3",NA,NA,NA,"2","1","2","1","2","3",NA,NA,NA,"1","1","1","1","1","1",NA,NA,NA,"1","2","3","2","3","3",NA,NA,NA,"2","2","2","3","2","3",NA,NA,NA,"2","3","3","2","2","2",NA,NA,NA,"2","2","2","2","2","2",NA,NA,NA,"2","3","4","3","4","3",NA,NA,NA,"3","2","1","2","2","2",NA,NA,NA,"2","5","5",NA,NA,NA,"3","2","3","3","5","5",NA,NA,NA,"2","2","2","3","4","5","3","4","3",NA,NA,NA,"3","4","4","3","3","3",NA,NA,NA,"3","3","3","2","2","2",NA,NA,NA,"2","5","5",NA,NA,NA,"3","2","2","3","5","5",NA,NA,NA,"3","3","3","5","5","2","4","42","1",NA,"6","2","7",NA,"173","204","Region #4"
173,"3","4","2","1","1",NA,NA,NA,"2","1","1","1","1","1",NA,NA,NA,"1","1","1","1","1","1",NA,NA,NA,"1","1","2","2","1","2",NA,NA,NA,"2","3","2","2","2","2",NA,NA,NA,"2","2","2","2","2","1",NA,NA,NA,"1","2","2","2","2","2",NA,NA,NA,"2","2","2","2","2","2",NA,NA,NA,"2","3","3","2","3","3",NA,NA,NA,"2","2","2","2","2","2",NA,NA,NA,"2","4","4","3","3","3",NA,NA,NA,"3","3","3","2","3","2",NA,NA,NA,"2","4","4","3","3","3",NA,NA,NA,"4","3","4","3","3","3",NA,NA,NA,"2","5","5",NA,NA,NA,"4","4","4","5","4","4","4","3","3",NA,NA,NA,"3","5","2","4","42","2",NA,"5","5","3",NA,"196","188","Region #5"
132,"3","3","2","2","3",NA,NA,NA,"2","3","3","2","2","2",NA,NA,NA,"2","2","2","1","2","2",NA,NA,NA,"1","3","3","3","3","3",NA,NA,NA,"3","3","3","2","2","2",NA,NA,NA,"2","2","2","1","2","2",NA,NA,NA,"2","2","2","1","2","2",NA,NA,NA,"2","2","2","1","2","2",NA,NA,NA,"2","4","4","3","3","3",NA,NA,NA,"3","4","4","3","3","3",NA,NA,NA,"3","4","4","3","2","3",NA,NA,NA,"3","4","4","3","3","3",NA,NA,NA,"3","5","5",NA,NA,NA,"3","3","3","3","5","5",NA,NA,NA,"3","3","3","4",NA,"5","3","3","3",NA,NA,NA,"5","5","5",NA,NA,NA,"3","3","3","4","5","2","4","34","2",NA,"7","5","7",NA,"216","184","Region #5"
184,"4","4","2","2","3",NA,NA,NA,"2","2","2","1","1","1",NA,NA,NA,"2","1","1","1","1","1",NA,NA,NA,"1","3","4","2","2","2",NA,NA,NA,"2","4","4","2","3","2",NA,NA,NA,"2","3","3","2","2","2",NA,NA,NA,"2","2","2","2","2","2",NA,NA,NA,"2","4","4","2","2","2",NA,NA,NA,"2","4","4","3","3","3",NA,NA,NA,"3","3","3","3","3","3",NA,NA,NA,"3","3","3","3","3","3",NA,NA,NA,"2","4","4","3","3","3",NA,NA,NA,"3","4","4","3","3","3",NA,NA,NA,"3","4","4","3","3","3",NA,NA,NA,"3","5","4",NA,NA,NA,"3","3","3","3","4","4","3","3","3",NA,NA,NA,"3","5","2","4","42","2",NA,"7","2","7",NA,"189","187","Region #5"
206,"3","4","2","2","1",NA,NA,NA,"2","2","2","1","1","1",NA,NA,NA,"1","2","3","1","1","1",NA,NA,NA,"1","3","3","1","1","1",NA,NA,NA,"2","3","4","2","2","2",NA,NA,NA,"3","2","3","2","2","2",NA,NA,NA,"2","2","2","2","2","2",NA,NA,NA,"2","4","4","2","2","2",NA,NA,NA,"3","5","4",NA,NA,NA,"3","3","3","3","4","4","3","3","3",NA,NA,NA,"3","4","5","3","3","3",NA,NA,NA,"4","4","4","3","3","3",NA,NA,NA,"3","5","5",NA,NA,NA,"3","4","3","5","5","5",NA,NA,NA,"3","3","3","5","5","5",NA,NA,NA,"3","3","3","4","5","5",NA,NA,NA,"3","4","3","5","5","2","4","65","1",NA,"7","6","7",NA,"142","225","Region #4"
16,"4","4","1","1","1",NA,NA,NA,"2","3","3","1","1","1",NA,NA,NA,"1","2","1","2","2","1",NA,NA,NA,"1","4","4","1","1","1",NA,NA,NA,"1","3","5","3","2","2",NA,NA,NA,"3","2","3","1","2","2",NA,NA,NA,"1","3","3","2","2","2",NA,NA,NA,"1","5","5",NA,NA,NA,"4","3","2","2","5","5",NA,NA,NA,"2","2","3","4","3","3","2","2","2",NA,NA,NA,"2","5","5",NA,NA,NA,"3","3","3","4","5","5",NA,NA,NA,"3","2","3","3","5","5",NA,NA,NA,"5","5","3","5","5","5",NA,NA,NA,"2","2","3","3","5","5",NA,NA,NA,"5","5","1","5","5","5",NA,NA,NA,"5","5","3","5","5","2","4","34","2",NA,"6","3","7",NA,"200","118","Region #7"
49,"3","3","2","2","2",NA,NA,NA,"2","1","1","1","1","1",NA,NA,NA,"1","1","1","1","1","1",NA,NA,NA,"1","3","3","2","2","2",NA,NA,NA,"2","3","3","3","3","3",NA,NA,NA,"2","2","2","2","2","2",NA,NA,NA,"1","2","2","2","2","2",NA,NA,NA,"1","3","3","3","3","3",NA,NA,NA,"2","5","5",NA,NA,NA,"3","3","3","3","3","3","2","2","2",NA,NA,NA,"2","4","4","3","3","3",NA,NA,NA,"3","4","4","2","3","3",NA,NA,NA,"2","5","5",NA,NA,NA,"3","4","5","4","5","5",NA,NA,NA,"3","3","3","3","5","5",NA,NA,NA,"3","5","5","5","5","5",NA,NA,NA,"5","5","5","5","5","2","4","33","2",NA,"5","4","7",NA,"96","244","Other"
297,"1","1","1","1","1",NA,NA,NA,"1","1","1","1","1","1",NA,NA,NA,"1","1","1","1","1","1",NA,NA,NA,"1","1","1","1","1","1",NA,NA,NA,"1","3","4","2","2","2",NA,NA,NA,"2","1","1","2","2","2",NA,NA,NA,"1","2","2","2","2","2",NA,NA,NA,"2","3","3","2","2","2",NA,NA,NA,"2","4","4","3","3","3",NA,NA,NA,"3","4","4","3","3","3",NA,NA,NA,"3","4","4","3","3","3",NA,NA,NA,"3","4","4","3","3","3",NA,NA,NA,"3","5","5",NA,NA,NA,"3","3","3","3","5","5",NA,NA,NA,"3","3","3","3","5","5",NA,NA,NA,"3","3","3","3","5","5",NA,NA,NA,"3","3","3","3","5","2","4","45","2",NA,"3","13","1,7",NA,"189","223","Region #4"
202,"4","4","1","1","1",NA,NA,NA,"3","2","2","1","1","1",NA,NA,NA,"1","3","3","1","1","1",NA,NA,NA,"2","4","4","1","1","1",NA,NA,NA,"3","3","4","1","1","1",NA,NA,NA,"2","2","2","1","1","1",NA,NA,NA,"1","2","2","1","1","1",NA,NA,NA,"1","4","4","1","1","1",NA,NA,NA,"2","4","4","1","1","1",NA,NA,NA,"3","2","2","2","2","2",NA,NA,NA,"2","4","4","3","3","3",NA,NA,NA,"3","4","4","2","2","2",NA,NA,NA,"3","4","5","3","3","3",NA,NA,NA,"3","4","4","3","3","3",NA,NA,NA,"3","5","5",NA,NA,NA,"3","3","3","3","5","5",NA,NA,NA,"3","3","3","3","5","2","4","42","2",NA,"7","5","7",NA,"214","123","Region #7"
86,"3","4","2","2","1",NA,NA,NA,"2","2","2","1","1","1",NA,NA,NA,"1","2","2","1","1","1",NA,NA,NA,"1","2","2","1","1","1",NA,NA,NA,"1","4","4","2","2","2",NA,NA,NA,"2","2","2","2","2","2",NA,NA,NA,"2","4","5","3","3","2",NA,NA,NA,"3","2","2","2","2","2",NA,NA,NA,"2","5","5",NA,NA,NA,"3","3","3","4","5","5",NA,NA,NA,"3","3","3","3","5","5",NA,NA,NA,"5","5","5","5","5","5",NA,NA,NA,"3","3","3","3","5","5",NA,NA,NA,"3","3","3","5","5","5",NA,NA,NA,"3","3","3","3","5","5",NA,NA,NA,"5","5","5","5","5","5",NA,NA,NA,"3","3","3","4","5","2","4","46","2",NA,"7","2","7",NA,NA,NA,NA
236,"3","3","2","2","2",NA,NA,NA,"2","2","2","2","2","2",NA,NA,NA,"1","1","2","1","1","1",NA,NA,NA,"1","4","4","2","2","2",NA,NA,NA,"1","3","3","2","2","2",NA,NA,NA,"3","3","3","2","2","2",NA,NA,NA,"2","4","3","2","2","2",NA,NA,NA,"2","4","3","2","2","2",NA,NA,NA,"1","4","3","2","2","2",NA,NA,NA,"4","3","3","3","3","3",NA,NA,NA,"2","5","5",NA,NA,NA,"4","4","4","5","3","3","2","2","2",NA,NA,NA,"2","5","4",NA,NA,NA,"2","2","3","5","4","4","3","3","3",NA,NA,NA,"2","5","5",NA,NA,NA,"5","5","5","5","4","4","2","2","3",NA,NA,NA,"2","5","2","4","30","2",NA,"5","6","7",NA,"224","125","Region #7"
51,"2","3","2","3","2",NA,NA,NA,"2","1","2","1","1","1",NA,NA,NA,"2","2","2","1","1","1",NA,NA,NA,"2","3","3","2","2","2",NA,NA,NA,"2","3","3","1","1","1",NA,NA,NA,"2","1","2","1","1","1",NA,NA,NA,"1","2","2","1","1","1",NA,NA,NA,"1","2","2","1","2","1",NA,NA,NA,"2","4","4","2","2","2",NA,NA,NA,"2","2","2","1","2","2",NA,NA,NA,"1","3","4","2","2","2",NA,NA,NA,"2","4","4","2","2","1",NA,NA,NA,"2","5","5",NA,NA,NA,"2","2","4","4","3","4","3","3","4",NA,NA,NA,"2","5","5",NA,NA,NA,"5","5","5","5","4","5","2","4","1",NA,NA,NA,"3","5","2","4","31","3",NA,"1","4","7",NA,NA,NA,NA
47,"3","3","2","2","2",NA,NA,NA,"2","1","2","1","1","1",NA,NA,NA,"1","1","2","1","1","1",NA,NA,NA,"1","3","3","2","1","2",NA,NA,NA,"1","3","3","2","2","2",NA,NA,NA,"2","2","2","2","2","2",NA,NA,NA,"2","3","2","2","2","2",NA,NA,NA,"2","2","3","2","2","2",NA,NA,NA,"2","3","3","2","2","2",NA,NA,NA,"2","2","2","2","2","2",NA,NA,NA,"2","3","3","2","2","2",NA,NA,NA,"2","3","3","2","2","2",NA,NA,NA,"2","4","4","3","3","3",NA,NA,NA,"4","4","4","2","2","2",NA,NA,NA,"4","4","4","2","2","2",NA,NA,NA,"4","4","4","2","2","2",NA,NA,NA,"3","5","2","4","60","2",NA,"7","5","7",NA,"267","92","Region #8"
311,"2","3","2","2","1",NA,NA,NA,"1","1","1","1","1","1",NA,NA,NA,"1","1","1","1","1","1",NA,NA,NA,"1","2","2","2","2","2",NA,NA,NA,"1","3","3","2","2","2",NA,NA,NA,"2","3","3","2","2","2",NA,NA,NA,"2","2","3","2","1","2",NA,NA,NA,"2","3","2","1","2","2",NA,NA,NA,"2","5","3",NA,NA,NA,"2","2","2","4","5","5",NA,NA,NA,"2","2","2","4","5","5",NA,NA,NA,"2","2","2","4","5","5",NA,NA,NA,"2","2","2","4","5","5",NA,NA,NA,"3","3","3","4","4","4","3","3","3",NA,NA,NA,"3","5","5",NA,NA,NA,"2","3","3","4","5","5",NA,NA,NA,"2","3","3","4","5","2","4","40","2",NA,"3","2","7",NA,"105","249","Region #3"
151,"2","4","2","2","2",NA,NA,NA,"2","1","2","1","1","1",NA,NA,NA,"1","2","2","1","1","1",NA,NA,NA,"1","2","3","2","2","2",NA,NA,NA,"2","3","4","1","2","1",NA,NA,NA,"2","3","3","2","2","2",NA,NA,NA,"2","2","2","1","1","1",NA,NA,NA,"1","2","3","2","2","2",NA,NA,NA,"2","4","4","2","2","2",NA,NA,NA,"2","2","3","1","1","1",NA,NA,NA,"2","3","3","2","2","1",NA,NA,NA,"2","3","4","2","2","2",NA,NA,NA,"2","3","3","3","2","3",NA,NA,NA,"2","3","4","2","2","2",NA,NA,NA,"3","3","4","2","2","2",NA,NA,NA,"2","4","4","2","2","2",NA,NA,NA,"3","5","2","4","26","2",NA,"7","5","7",NA,"224","127","Region #7"
128,"1","1","1","1","1",NA,NA,NA,"1","2","1","1","1","1",NA,NA,NA,"1","2","2","1","2","1",NA,NA,NA,"1","1","1","1","2","1",NA,NA,NA,"1","2","2","2","1","2",NA,NA,NA,"1","2","1","1","1","1",NA,NA,NA,"1","1","2","1","1","1",NA,NA,NA,"1","1","1","1","2","1",NA,NA,NA,"1","3","2","2","2","3",NA,NA,NA,"3","2","2","3","2","2",NA,NA,NA,"2","2","3","1","3","3",NA,NA,NA,"3","2","3","2","2","1",NA,NA,NA,"2","3","4","3","3","3",NA,NA,NA,"3","3","3","3","3","3",NA,NA,NA,"3","4","4","3","4","4",NA,NA,NA,"4","3","3","3","3","3",NA,NA,NA,"3","5","2","4","25","2",NA,"5","5","7",NA,"196","151","Region #6"
91,"3","3","3","3","4",NA,NA,NA,"3","4","4","3","2","3",NA,NA,NA,"3","3","3","3","3","3",NA,NA,NA,"3","3","4","3","3","3",NA,NA,NA,"3","4","4","3","3","3",NA,NA,NA,"3","3","4","3","3","3",NA,NA,NA,"3","4","4","3","3","3",NA,NA,NA,"4","3","3","3","3","3",NA,NA,NA,"4","3","4","3","3","3",NA,NA,NA,"3","3","3","3","3","3",NA,NA,NA,"3","3","3","3","3","3",NA,NA,NA,"3","3","3","3","3","3",NA,NA,NA,"3","3","3","3","3","3",NA,NA,NA,"3","4","4","3","3","3",NA,NA,NA,"3","3","3","3","3","3",NA,NA,NA,"3","4","4","3","3","2",NA,NA,NA,"3","3","2","4","29","2",NA,"1","2","4",NA,"84","280","Region #2"
282,"4","4","4","3","4",NA,NA,NA,"4","2","2","1","1","1",NA,NA,NA,"1","2","2","1","1","1",NA,NA,NA,"1","3","3","2","2","2",NA,NA,NA,"2","4","4","3","3","3",NA,NA,NA,"2","3","3","1","2","1",NA,NA,NA,"2","4","4","2","2","2",NA,NA,NA,"2","5","5",NA,NA,NA,"2","2","2","2","5","5",NA,NA,NA,"3","3","3","4","4","4","2","3","2",NA,NA,NA,NA,"5","5",NA,NA,NA,"3","3","3","4","5","5",NA,NA,NA,"3","3","3","2","3","4","5","4","5",NA,NA,NA,"2","4","4","3","3","3",NA,NA,NA,"4","5","5",NA,NA,NA,"3","3","3","4","5","5",NA,NA,NA,"3","3","3","4","5","2","4","58","1",NA,"7","4","7",NA,"208","125","Region #7"
137,"1","3","1","1","1",NA,NA,NA,"1","1","1","2","1","1",NA,NA,NA,"1","1","1","1","1","1",NA,NA,NA,"1","1","1","1","1","1",NA,NA,NA,"1","3","4","2","2","2",NA,NA,NA,"3","3","3","2","2","2",NA,NA,NA,"3","4","3","2","2","2",NA,NA,NA,"4","3","3","2","2","2",NA,NA,NA,"3","4","4","3","3","3",NA,NA,NA,"4","4","4","3","3","3",NA,NA,NA,"3","5","5",NA,NA,NA,"4","4","4","4","4","4","3","3","3",NA,NA,NA,"3","4","3","3","3","3",NA,NA,NA,"3","4","4","5","5","5",NA,NA,NA,"4","5","5",NA,NA,NA,"5","5","5","5","4","4","3","3","3",NA,NA,NA,"3","5","2","4","36","1",NA,"7","6","7",NA,"222","103","Region #8"
15,"2","3","2","2","1",NA,NA,NA,"1","1","1","1","1","1",NA,NA,NA,"5","1","1","1","1","1",NA,NA,NA,"1","3","3","1","2","1",NA,NA,NA,"1","3","3","1","2","2",NA,NA,NA,"2","2","3","2","2","2",NA,NA,NA,"2","2","3","1","1","2",NA,NA,NA,"2","3","3","1","2","2",NA,NA,NA,"2","3","4","2","2","2",NA,NA,NA,"2","2","3","1","1","1",NA,NA,NA,"2","4","4","2","2","2",NA,NA,NA,"3","4","4","2","2","2",NA,NA,NA,"3","3","4","2","2","3",NA,NA,NA,"3","4","4","2","2","4",NA,NA,NA,"3","5","5",NA,NA,NA,"4","2","4","5","3","3","3","2","3",NA,NA,NA,"4","5","2","4","50","1",NA,"6","11","7",NA,NA,NA,NA
64,"1","1","1","1","2",NA,NA,NA,"1","1","2","2","2","1",NA,NA,NA,"1","2","2","1","1","2",NA,NA,NA,"1","1","1","2","2","2",NA,NA,NA,"2","3","4","2","2","2",NA,NA,NA,"2","2","1","2","1","2",NA,NA,NA,"2","3","2","2","2","2",NA,NA,NA,"2","2","3","2","1","2",NA,NA,NA,"2","3","4","2","3","3",NA,NA,NA,"2","2","2","2","2","2",NA,NA,NA,"2","4","4","3","3","3",NA,NA,NA,"3","3","3","2","2","3",NA,NA,NA,"2","4","4","2","2","2",NA,NA,NA,"4","4","3","2","3","3",NA,NA,NA,"3","5","5",NA,NA,NA,"2","3","3","4","4","4","2","2","3",NA,NA,NA,"2","5","2","4","57","2",NA,"2","4","7",NA,"145","182","Other"
56,"4","4","4","4","3",NA,NA,NA,"4","1","2","2","1","1",NA,NA,NA,"1","1","1","1","1","1",NA,NA,NA,"1","2","2","2","3","2",NA,NA,NA,"2","4","3","4","4","4",NA,NA,NA,"3","2","2","1","2","2",NA,NA,NA,"2","3","3","2","2","2",NA,NA,NA,"3","3","4","2","3","2",NA,NA,NA,"4","3","3","4","5","5",NA,NA,NA,"2","3","3","1","2","2",NA,NA,NA,"2","4","4","2","2","2",NA,NA,NA,"3","3","3","1","2","2",NA,NA,NA,"2","3","3","4","5","4",NA,NA,NA,"2","4","4","2","3","2",NA,NA,NA,"4","5","5",NA,NA,NA,"2","2","2","5","4","4","2","2","2",NA,NA,NA,"3","5","2","4","29","1",NA,"4","3","7",NA,"161","202","Region #4"
238,"2","3","1","1","1",NA,NA,NA,"2","1","1","1","1","1",NA,NA,NA,"1","1","1","1","1","1",NA,NA,NA,"1","2","2","1","1","1",NA,NA,NA,"1","3","3","1","1","1",NA,NA,NA,"2","2","2","1","1","1",NA,NA,NA,"1","1","1","1","1","1",NA,NA,NA,"1","3","3","1","1","1",NA,NA,NA,"2","3","3","1","1","2",NA,NA,NA,"2","3","3","2","2","2",NA,NA,NA,"2","3","4","2","2","2",NA,NA,NA,"3","4","4","2","2","2",NA,NA,NA,"3","5","4",NA,NA,NA,"3","3","3","4","5","5",NA,NA,NA,"5","5","3","5","5","5",NA,NA,NA,"5","5","3","5","5","5",NA,NA,NA,"5","5","3","5","5","2","4","41","2",NA,"6","6","7",NA,"250","125","Region #7"
23,"3","3","2","2","2",NA,NA,NA,"1","1","1","1","1","1",NA,NA,NA,"1","1","1","1","1","1",NA,NA,NA,"1","2","2","1","2","2",NA,NA,NA,"2","3","3","2","2","2",NA,NA,NA,"2","2","2","2","1","1",NA,NA,NA,"2","2","2","1","1","1",NA,NA,NA,"2","2","2","2","2","2",NA,NA,NA,"2","3","3","2","2","3",NA,NA,NA,"2","2","3","2","2","2",NA,NA,NA,"2","3","3","2","2","2",NA,NA,NA,"3","4","4","2","3","3",NA,NA,NA,"3","5","4",NA,NA,NA,"2","3","2","4","3","3","2","2","2",NA,NA,NA,"4","4","4","5","3","4",NA,NA,NA,"5","5","5",NA,NA,NA,"4","4","3","4","5","2","4","38","1",NA,"7","5","7",NA,"195","172","Region #5"
183,"1","4","1","1","1",NA,NA,NA,"1","1","1","1","1","1",NA,NA,NA,"1","1","1","1","1","1",NA,NA,NA,"1","2","2","1","1","1",NA,NA,NA,"1","2","2","1","1","1",NA,NA,NA,"2","2","2","1","1","1",NA,NA,NA,"2","2","2","1","1","1",NA,NA,NA,"2","2","2","1","1","1",NA,NA,NA,"2","3",NA,"2","2","2",NA,NA,NA,"2","3","3","2","2","2",NA,NA,NA,"2","4","4","2","2","2",NA,NA,NA,"3","4","4","2","2","2",NA,NA,NA,"2","4",NA,"3","3","3",NA,NA,NA,"4","4","4","3","3","3",NA,NA,NA,"3","5","5",NA,NA,NA,"3","3","3","3","5","5",NA,NA,NA,"4","3","3","4","5","2","4","29","1",NA,"7","5","4",NA,"162","195","Region #5"
317,"3","2","3","2","3",NA,NA,NA,"2","3","3","2","2","3",NA,NA,NA,"2","3","2","2","2","3",NA,NA,NA,"1","2","3","2","1","2",NA,NA,NA,"2","2","3","2","2","2",NA,NA,NA,"2","1","2","2","2","2",NA,NA,NA,"2","2","2","3","2","3",NA,NA,NA,"2","2","2","2","3","3",NA,NA,NA,"2","3","3","3","3","3",NA,NA,NA,"2","3","3","2","2","2",NA,NA,NA,"2","3","3","3","3","3",NA,NA,NA,"2","3","3","2","2","2",NA,NA,NA,"2","3","3","3","3","3",NA,NA,NA,"2","3","4","3","3","3",NA,NA,NA,"2","4","5","4","5","3",NA,NA,NA,"3","3","3","3","3","3",NA,NA,NA,"3","5","2","4","47","2",NA,"5","2","7",NA,"155","184","Region #5"
345,"3","3","2","2","2",NA,NA,NA,"2","2","2","2","2","2",NA,NA,NA,"2","2","2","1","1","1",NA,NA,NA,"1","3","3","2","1","2",NA,NA,NA,"2","2","2","2","2","2",NA,NA,NA,"2","2","2","1","1","1",NA,NA,NA,"1","1","1","1","1","1",NA,NA,NA,"1","2","2","1","1","2",NA,NA,NA,"1","4","4","2","2","2",NA,NA,NA,"2","4","4","2","2","2",NA,NA,NA,"2","5","5",NA,NA,NA,"5","5","4","5","4","4","2","2","2",NA,NA,NA,"4","5","5",NA,NA,NA,"2","2","2","5","5","5",NA,NA,NA,"3","3","3","5","5","5",NA,NA,NA,"5","4","5","5","5","5",NA,NA,NA,"2","2","2","5","5","2","4","69","2",NA,"5","5","7",NA,NA,NA,NA
347,"2","4","2","2","2",NA,NA,NA,"2","1","3","2","2","2",NA,NA,NA,"2","1","1","1","1","1",NA,NA,NA,"1","2","2","2","2","2",NA,NA,NA,"2","3","3","2","2","2",NA,NA,NA,"2","2","2","1","1","1",NA,NA,NA,"2","3","3","2","2","2",NA,NA,NA,"2","3","3","2","2","2",NA,NA,NA,"2","4","3","3","2","2",NA,NA,NA,"3","3","3","2","2","2",NA,NA,NA,"2","5","5",NA,NA,NA,"5","5","5","5","2","3","2","2","2",NA,NA,NA,"3","5","4",NA,NA,NA,"3","3","3","4","5","5",NA,NA,NA,"2","2","2","3","5","5",NA,NA,NA,"5","5","5","5","3","4","3","3","3",NA,NA,NA,"3","5","2","4","25","1",NA,"5","5","7",NA,"180","157","Region #6"
124,"3","3","2","2","1",NA,NA,NA,"2","2","2","1","1","1",NA,NA,NA,"1","1","1","1","1","1",NA,NA,NA,"1","2","2","1","1","1",NA,NA,NA,"1","4","4","2","2","2",NA,NA,NA,"4","2","2","2","2","2",NA,NA,NA,"2","4","4","2","2","2",NA,NA,NA,"4","3","3","2","2","2",NA,NA,NA,"2","5","4",NA,NA,NA,"3","4","3","4","4","4","3","3","3",NA,NA,NA,"3","5","5",NA,NA,NA,"4","4","4","5","4","5","3","3","3",NA,NA,NA,"4","5","4",NA,NA,NA,"3","2","3","4","4","5","3","2","3",NA,NA,NA,"3","5","5",NA,NA,NA,"2","2","3","4","5","5",NA,NA,NA,"3","2","3","3","5","2","4","41","1",NA,"7","3","7",NA,"216","122","Region #7"
157,"1","1","1","1","1",NA,NA,NA,"1","1","1","1","1","1",NA,NA,NA,"1","1","1","1","1","1",NA,NA,NA,"1","1","1","1","1","1",NA,NA,NA,"1","1","1","1","1","1",NA,NA,NA,"1","1","1","1","1","1",NA,NA,NA,"1","1","1","1","1","1",NA,NA,NA,"1","1","1","1","1","1",NA,NA,NA,"1","2","2","2","2","2",NA,NA,NA,"2","2","2","2","2","2",NA,NA,NA,"2","2","2","2","2","2",NA,NA,NA,"2","1","1","2","2","2",NA,NA,NA,"2","4","4","2","2","2",NA,NA,NA,"5","3","3","3","2","2",NA,NA,NA,"2","3","3","2","2","2",NA,NA,NA,"2","3","3","2","2","2",NA,NA,NA,"2","1","1","4","39","2",NA,"4","4","7",NA,"182","154","Region #6"
20,"2","3","4","4","5",NA,NA,NA,"2","5","5",NA,NA,NA,"3","3","3","4","4","3","3","3","5",NA,NA,NA,"3","5","5",NA,NA,NA,"3","3","3","4","3","3","2","2","2",NA,NA,NA,"2","3","3","2","3","2",NA,NA,NA,"2","3","3","2","3","2",NA,NA,NA,"2","2","2","2","3","2",NA,NA,NA,"2","4","3","4","5","3",NA,NA,NA,"3","4","4","4","5","3",NA,NA,NA,"3","5","4",NA,NA,NA,"3","3","3","3","5","5",NA,NA,NA,"3","3","3","4","5","4",NA,NA,NA,"4","5","4","4","5","5",NA,NA,NA,"3","5","5","4","5","5",NA,NA,NA,"3","5","5","4","5","5",NA,NA,NA,"4","5","5","4","5","2","4","45","2",NA,"4","13","7",NA,"121","213","Other"
69,"4","3","3","3","3",NA,NA,NA,"2","4","4","2","1","1",NA,NA,NA,"2","4","4","2","2","2",NA,NA,NA,"2","3","5","2","2","2",NA,NA,NA,"4","1","1","2","2","2",NA,NA,NA,"1","2","2","1","1","1",NA,NA,NA,"1","1","1","1","1","1",NA,NA,NA,"1","1","1","1","1","1",NA,NA,NA,"1","5","5",NA,NA,NA,"2","2","2","4","3","3","2","1","2",NA,NA,NA,"2","5","5",NA,NA,NA,"4","4","4","5","5","5",NA,NA,NA,"3","3","3","4","5","5",NA,NA,NA,"2","2","2","4","5","5",NA,NA,NA,"2","2","2","5","5","5",NA,NA,NA,"5","4","4","5","5","5",NA,NA,NA,"2","2","2","4","5","2","4","41","2",NA,"6","5","7",NA,"151","180","Region #5"
165,"4","4","3","3","3",NA,NA,NA,"3","3","3","2","2","2",NA,NA,NA,"2","1","1","1","1","1",NA,NA,NA,"1","3","4","2","2","2",NA,NA,NA,"2","4","3","2","2","2",NA,NA,NA,"2","2","3","1","1","1",NA,NA,NA,"1","3","3","1","1","1",NA,NA,NA,"2","3","3","2","2","2",NA,NA,NA,"2","5","3",NA,NA,NA,"3","3","3","4","4","4","3","2","2",NA,NA,NA,"3","5","5",NA,NA,NA,"5","5","5","5","5","5",NA,NA,NA,"3","3","3","5","4","3","3","3","3",NA,NA,NA,"2","4","4","3","3","3",NA,NA,NA,"4","5","5",NA,NA,NA,"5","5","4","5","5","5",NA,NA,NA,"3","3","3","4","5","2","4","31","3",NA,"1","3","3",NA,"135","251","Region #3"
328,"1","1","1","1","1",NA,NA,NA,"1","1","1","1","1","1",NA,NA,NA,"1","1","1","1","1","1",NA,NA,NA,"1","1","1","1","1","1",NA,NA,NA,"1","2","2","2","2","2",NA,NA,NA,"2","2","2","2","2","2",NA,NA,NA,"2","2","3","2","2","2",NA,NA,NA,"2","2","2","2","2","2",NA,NA,NA,"2","3","3","2","2","2",NA,NA,NA,"2","2","2","2","2","2",NA,NA,NA,"2","3","3","2","2","2",NA,NA,NA,"2","2","2","2","2","2",NA,NA,NA,"2","3","3","3","3","3",NA,NA,NA,"3","3","3","3","3","3",NA,NA,NA,"2","3","3","3","3","3",NA,NA,NA,"3","3","3","3","3","3",NA,NA,NA,"2","5","2","4","38","2",NA,"5","2","7",NA,NA,NA,NA
209,"5","4",NA,NA,NA,"4","2","2","5","5","4",NA,NA,NA,"2","2","1","5","4","4","2","2","2",NA,NA,NA,"2","5","4",NA,NA,NA,"2","2","2","5","4","4","2","2","2",NA,NA,NA,"2","4","4","4","4","2",NA,NA,NA,"2","3","3","4","4","4",NA,NA,NA,"2","3","3","4","4","4",NA,NA,NA,"2","4","4","4","4","4",NA,NA,NA,"2","4","4","4","4","4",NA,NA,NA,"2","4","4","4","4","4",NA,NA,NA,"2","4","4","4","4","4",NA,NA,NA,"2","4","4","2","1","2",NA,NA,NA,"2","4","4","2","2","2",NA,NA,NA,"2","4","4","2","2","2",NA,NA,NA,"2","4","4","2","2","2",NA,NA,NA,"2","5","2","4","59","1",NA,"1","2","7",NA,"117","314","Region #1"
205,"2","4","4","4","3",NA,NA,NA,"2","4","3","2","2","2",NA,NA,NA,"2","3","3","2","2","2",NA,NA,NA,"2","2","2","2","2","1",NA,NA,NA,"2","3","4","3","2","2",NA,NA,NA,"2","4","4","2","2","2",NA,NA,NA,"2","4","4","2","2","2",NA,NA,NA,"3","4","4","2","2","2",NA,NA,NA,"2","4","4","3","3","3",NA,NA,NA,"4","5","5",NA,NA,NA,"3","3","3","4","5","5",NA,NA,NA,"2","2","3","4","5","5",NA,NA,NA,"3","3","3","4","5","5",NA,NA,NA,"4","4","4","5","5","5",NA,NA,NA,"4","4","4","5","5",NA,NA,NA,NA,"2","4","4","5","5","5",NA,NA,NA,"4","4","4","5","5","2","4","48","1",NA,"6","3","7",NA,"126","252","Region #3"
92,"1","4","1","1","1",NA,NA,NA,"1","1","1","1","1","1",NA,NA,NA,"1","1","1","1","1","1",NA,NA,NA,"1","2","2","1","1","1",NA,NA,NA,"1","1","3","1","1","2",NA,NA,NA,"1","1","1","1","1","1",NA,NA,NA,"1","1","1","1","1","1",NA,NA,NA,"1","1","1","1","1","1",NA,NA,NA,"1","5","5",NA,NA,NA,"4","3","3","4","4","4","3","3","3",NA,NA,NA,"3","5","5",NA,NA,NA,"3","3","3","3","5","5",NA,NA,NA,"5","4","3","3","4","4","2","3","3",NA,NA,NA,"2","4","4","2","3","2",NA,NA,NA,"3","4","4","2","3","3",NA,NA,NA,"3","3","3","2","3","3",NA,NA,NA,"2","5","2","4","45","2",NA,"7","6","4",NA,"205","123","Region #7"
50,"1","1","1","1","1",NA,NA,NA,"1","1","1","1","1","1",NA,NA,NA,"1","1","1","1","1","1",NA,NA,NA,"1","1","1","1","1","1",NA,NA,NA,"1","2","3","2","2","2",NA,NA,NA,"2","2","2","2","2","2",NA,NA,NA,"2","2","2","2","2","2",NA,NA,NA,"2","2","3","2","2","2",NA,NA,NA,"2","4","4","3","3","3",NA,NA,NA,"4","3","3","2","2","2",NA,NA,NA,"2","3","4","2","2","2",NA,NA,NA,"2","4","4","2","2","2",NA,NA,NA,"3","4","4","3","3","3",NA,NA,NA,"3","5","5",NA,NA,NA,"3","3","3","3","4","4","2","2","2",NA,NA,NA,"3","4","4","2","2","2",NA,NA,NA,"3","5","2","4","29","2",NA,"7","5","7",NA,NA,NA,NA
280,"2","3","1","1","1",NA,NA,NA,"1","3","2","1","1","1",NA,NA,NA,"1","2","2","1","2","2",NA,NA,NA,"2","2","2","2","2","2",NA,NA,NA,"1","3","4","2","3","2",NA,NA,NA,"2","3","3","2","2","2",NA,NA,NA,"2","4","4","2","1","1",NA,NA,NA,"2","4","4","3","3","2",NA,NA,NA,"2","5","5",NA,NA,NA,"3","3","3","4","4","4","3","3","3",NA,NA,NA,"4","5","5",NA,NA,NA,"3","5","3","4","4","4","3","3","3",NA,NA,NA,"4","5","5",NA,NA,NA,"3","3","3","4","5","5",NA,NA,NA,"3","3","3","5","5","5",NA,NA,NA,"3","3","3","5","5","5",NA,NA,NA,"3","3","3","5","5","2","4","42","1",NA,"5","3","3",NA,"131","253","Region #3"
240,"3","3","1","1","1",NA,NA,NA,"1","2","2","1","1","1",NA,NA,NA,"1","1","3","1","1","1",NA,NA,NA,"1","2","3","1","1","1",NA,NA,NA,"1","3","4","1","2","1",NA,NA,NA,"2","3","3","1","1","1",NA,NA,NA,"2","3","3","1","1","1",NA,NA,NA,"2","4","4","1","1","2",NA,NA,NA,"2","3","4","2","2","2",NA,NA,NA,"2","3","3","2","1","2",NA,NA,NA,"2","4","4","2","2","2",NA,NA,NA,"2","4","4","2","2","2",NA,NA,NA,"2","3","4","3","3","2",NA,NA,NA,"3","4","4","2","2","3",NA,NA,NA,"3","5","5",NA,NA,NA,"2","3","3","3","5","5",NA,NA,NA,"2","3","3","3","5","2","4","45","1",NA,"7","6","7",NA,"258","94","Region #8"
67,"3","3","4","4","4",NA,NA,NA,"2","1","1","1","1","1",NA,NA,NA,"1","2","2","2","2","2",NA,NA,NA,"2","4","4","3","3","3",NA,NA,NA,"2","4","4","5","5","5",NA,NA,NA,"3","2","2","1","1","1",NA,NA,NA,"1","1","1","1","1","1",NA,NA,NA,"1","3","3","4","4","4",NA,NA,NA,"2","5","5",NA,NA,NA,"5","5","5","3","1","1","1","1","1",NA,NA,NA,"1","1","1","1","1","1",NA,NA,NA,"1","4","4","4","4","4",NA,NA,NA,"3","5","5",NA,NA,NA,"5","5","5","3","5","5",NA,NA,NA,"2","2","2","3","5","5",NA,NA,NA,"2","2","2","3","5","5",NA,NA,NA,"5","5","5","3","5","2","4","22","2",NA,"4","3","7",NA,"133","182","Other"
210,"1","4","1","1","1",NA,NA,NA,"1","2","2","1","1","1",NA,NA,NA,"1","1","2","1","1","1",NA,NA,NA,"1","3","4","2","2","2",NA,NA,NA,"2","3","4","1","1","1",NA,NA,NA,"2","3","2","2","1","1",NA,NA,NA,"2","3","3","1","1","1",NA,NA,NA,"3","3","4","2","2","2",NA,NA,NA,"3","3","4","2","2","3",NA,NA,NA,"3","3","2","2","2","2",NA,NA,NA,"2","3","3","1","1","1",NA,NA,NA,"3","4","4","3","3","3",NA,NA,NA,"4","5","4",NA,NA,NA,"4","4","4","4","4","4","2","2","2",NA,NA,NA,"4","5","4",NA,NA,NA,"2","2","2","4","4","4","3","2","3",NA,NA,NA,"4","5","2","4",NA,"1",NA,"6","6","7",NA,"211","122","Region #7"
300,"4","3","2","2","2",NA,NA,NA,"3","4","3","2","2","2",NA,NA,NA,"3","4","2","2","2","2",NA,NA,NA,"4","4","4","2","2","2",NA,NA,NA,"4","3","3","2","2","2",NA,NA,NA,"2","2","2","2","1","1",NA,NA,NA,"2","2","2","2","2","2",NA,NA,NA,"2","2","2","1","1","1",NA,NA,NA,"1","5","4",NA,NA,NA,"3","2","2","4","4","4","2","2","2",NA,NA,NA,"4","5","5",NA,NA,NA,"4","4","4","5","4","4","2","2","2",NA,NA,NA,"4","4","3","2","2","2",NA,NA,NA,"5","5","5",NA,NA,NA,"2","2","2","5","5","5",NA,NA,NA,"4","4","4","4","5","5",NA,NA,NA,"2","2","2","4","5","2","4","65","2",NA,"6","5","7",NA,"254","148","Region #6"
118,"3","3","2","2","2",NA,NA,NA,"3","2","2","2","2","2",NA,NA,NA,"2","2","2","2","2","2",NA,NA,NA,"2","2","2","2","2","2",NA,NA,NA,"2","3","3","2","3","2",NA,NA,NA,"2","3","3","2","3","2",NA,NA,NA,"2","3","3","2","2","2",NA,NA,NA,"2","3","3","2","3","2",NA,NA,NA,"2","4","3","3","3","3",NA,NA,NA,"3","3","3","3","3","3",NA,NA,NA,"2","4","4","3","3","3",NA,NA,NA,"3","3","3","3","3","3",NA,NA,NA,"2","4","4","3","3","3",NA,NA,NA,"3","4","4","3","3","3",NA,NA,NA,"3","5","5",NA,NA,NA,"3","3","3","4","4","4","3","3","3",NA,NA,NA,"3","5","2","4","24","2",NA,"6","3","7",NA,"196","158","Region #6"
134,"4","2","2","2","2",NA,NA,NA,"4","3","4","2","2","2",NA,NA,NA,"3","2","1","1","1","1",NA,NA,NA,"2","4","4","2","2","2",NA,NA,NA,"4","4","3","2","2","2",NA,NA,NA,"3","3","3","2","2","2",NA,NA,NA,"2","4","4","2","3","2",NA,NA,NA,"3","4","4","2","2","2",NA,NA,NA,"2","3","3","2","2","3",NA,NA,NA,"2","3","3","2","2","2",NA,NA,NA,"2","4","4","2","3","2",NA,NA,NA,"3","4","3","2","2","3",NA,NA,NA,"2","4","3","2","3","3",NA,NA,NA,"2","5","5",NA,NA,NA,"3","3","3","3","5","5",NA,NA,NA,"4","3","3","4","5","5",NA,NA,NA,"3","3","3","3","5","2","4","68","2",NA,"5","2","7",NA,"156","222","Region #4"
190,"2","2","4","4","2",NA,NA,NA,"3","1","1","1","2","1",NA,NA,NA,"1","1","1","1","1","1",NA,NA,NA,"1","3","3","2","2","2",NA,NA,NA,"2","4","4","2","2","3",NA,NA,NA,"3","3","3","2","2","2",NA,NA,NA,"2","3","3","2","2","2",NA,NA,NA,"2","4","4","3","2","2",NA,NA,NA,"3","4","3","3","4","2",NA,NA,NA,"3","2","2","1","2",NA,NA,NA,NA,"2","3","3","2","2","2",NA,NA,NA,"2","4","4","1","2","2",NA,NA,NA,"2","4","5","4","4","3",NA,NA,NA,"5","5","5",NA,NA,NA,"3","2","2","5","5","5",NA,NA,NA,"2","2","3","5","5","5",NA,NA,NA,"3","2","3","3","5","2","4","60","1",NA,"7","5","7",NA,"237","99","Region #8"
105,"3","4","5","5","5",NA,NA,NA,"3","2","2","1","1","1",NA,NA,NA,"2","3","3","1","1","1",NA,NA,NA,"2","2","2","1","1","1",NA,NA,NA,"2","4","4","2","1","1",NA,NA,NA,"4","2","2","1","1","1",NA,NA,NA,"2","2","2","1","1","1",NA,NA,NA,"2","2","2","1","1","1",NA,NA,NA,"2","4","4","4","4","4",NA,NA,NA,"4","2","2","1","1","1",NA,NA,NA,"2","3","3","1","1","1",NA,NA,NA,"2","2","2","1","1","1",NA,NA,NA,"1","3","5","5","5","1",NA,NA,NA,"3","2","2","1","1","1",NA,NA,NA,"2","3","3","1","1","4",NA,NA,NA,"2","3","3","1","1","5",NA,NA,NA,"2","5","2","4","33","2",NA,"4","3","7",NA,"186","204","Region #4"
36,"1","1","1","1","1",NA,NA,NA,"1","1","1","1","1","1",NA,NA,NA,"1","1","1","1","1","1",NA,NA,NA,"1","1","1","1","1","1",NA,NA,NA,"2","2","5","2","3","3",NA,NA,NA,"1","3","3","2","3","2",NA,NA,NA,"2","4","5","2","3","3",NA,NA,NA,"3","2","5","2","2","2",NA,NA,NA,"3","5","5",NA,NA,NA,"3","3","3","5","5","5",NA,NA,NA,"3","3","3","3","5","5",NA,NA,NA,"3","3","3","3","5","5",NA,NA,NA,"3","3","3","5","5","5",NA,NA,NA,"3","3","3","3","5","5",NA,NA,NA,"3","3","3","3","5","5",NA,NA,NA,"3","3","3","3","5","5",NA,NA,NA,"3","3","3","3","5","2","4","26","2",NA,"4","3","7",NA,NA,NA,NA
323,"2","2","2","2","2",NA,NA,NA,"2","2","2","2","2","2",NA,NA,NA,"2","3","3","2","2","2",NA,NA,NA,"2","2","2","2","1","2",NA,NA,NA,"2","3","3","2","2","2",NA,NA,NA,"2","2","3","2","2","2",NA,NA,NA,"2","2","2","2","2","2",NA,NA,NA,"2","3","3","2","2","2",NA,NA,NA,"2","3","3","2","2","3",NA,NA,NA,"2","2","2","2","2","2",NA,NA,NA,"2","4","4","3","2","3",NA,NA,NA,"3","3","3","2","1","2",NA,NA,NA,"2","5","5",NA,NA,NA,"3","3","3","3","4","4","2","3","3",NA,NA,NA,"3","5","5",NA,NA,NA,"3","2","3","3","5","5",NA,NA,NA,"3","3","3","3","5","2","4","35","1",NA,"7","6","2",NA,"253","78","Other"
58,"1","1","4","4","4",NA,NA,NA,"2","3","3","2","2","2",NA,NA,NA,"2","2","2","2","1","1",NA,NA,NA,"2","1","1","4","4","2",NA,NA,NA,"2","3","2","2","2","2",NA,NA,NA,"2","2","2","2","2","2",NA,NA,NA,"2","2","2","2","2","2",NA,NA,NA,"2","2","2","2","2","2",NA,NA,NA,"2","2","2","2","2","2",NA,NA,NA,"2","2","2","2","2","2",NA,NA,NA,"2","3","2","2","2","2",NA,NA,NA,"2","2","2","2","2","2",NA,NA,NA,"2","3","3","4","4","4",NA,NA,NA,"2","3","3","2","2","2",NA,NA,NA,"2","3","3","2","2","3",NA,NA,NA,"2","4","4","2","2","2",NA,NA,NA,"2","2","2","4","39","2",NA,"2","3","7",NA,"250","123","Region #7"
245,"3","4","2","2","4",NA,NA,NA,"2","3","3","2","2","2",NA,NA,NA,"2","3","3","1","1","1",NA,NA,NA,"2","3","4","2","2","2",NA,NA,NA,"4","4","5","2","2","2",NA,NA,NA,"2","2","1","2","2","2",NA,NA,NA,"2","1","2","1","2","2",NA,NA,NA,"2","4","4","2","2","1",NA,NA,NA,"2","4","3","2","5","2",NA,NA,NA,"5","4","4","2","2","2",NA,NA,NA,"2","5","4",NA,NA,NA,"4","4","4","5","5","5",NA,NA,NA,"2","2","2","5","5","5",NA,NA,NA,"2","2","2","4","5","4",NA,NA,NA,"1","2","1","4","4","4","2","2","2",NA,NA,NA,"4","5","5",NA,NA,NA,"4","2","2","5","5","2","4","43","1",NA,"7","5","7",NA,"277","54","Region #9"
274,"1","4","1","1","1",NA,NA,NA,"1","1","1","1","1","1",NA,NA,NA,"1","1","1","1","1","1",NA,NA,NA,"1","3","3","1","1","1",NA,NA,NA,"1","3","4","2","2","2",NA,NA,NA,"2","3","3","2","2","2",NA,NA,NA,"2","3","3","1","1","1",NA,NA,NA,"3","3","3","2","2","2",NA,NA,NA,"2","4","5","3","3","3",NA,NA,NA,"3","3","3","2","3","2",NA,NA,NA,"3","4","4","2","2","2",NA,NA,NA,"3","5","4",NA,NA,NA,"3","3","3","4","5","5",NA,NA,NA,"2","2","3","4","5","5",NA,NA,NA,"2","2","3","4","5","5",NA,NA,NA,"2","3","2","5","5","5",NA,NA,NA,"2","2","3","5","5","2","4","51","1",NA,"6","5","4,7",NA,"194","157","Region #6"
188,"4","4","2","2","2",NA,NA,NA,"4","3","3","2","2","2",NA,NA,NA,"2","2","2","2","3","2",NA,NA,NA,"2","3","3","2","2","2",NA,NA,NA,"3","4","4","2","2","1",NA,NA,NA,"4","2","3","2","2","2",NA,NA,NA,"2","4","4","2","3","2",NA,NA,NA,"3","3","4","2","3","2",NA,NA,NA,"3","4","4","3","3","3",NA,NA,NA,"2","3","3","3","3","3",NA,NA,NA,"2","4","4","3","3","4",NA,NA,NA,"2","3","3","3","3","3",NA,NA,NA,"2","5","3",NA,NA,NA,"3","2","3","2","5","5",NA,NA,NA,"3","3","3","5","4","4","5","5","4",NA,NA,NA,"3","3","3","3","3","3",NA,NA,NA,"4","5","2","4","48","2",NA,"7","5","7",NA,"151","252","Region #3"
123,"4","4","2","2","1",NA,NA,NA,"3","3","3","1","1","2",NA,NA,NA,"2","3","2","1","1","1",NA,NA,NA,"4","4","4","3","2","2",NA,NA,NA,"4","3","3","3","2","2",NA,NA,NA,"2","1","3","2","2","2",NA,NA,NA,"2","3","3","2","1","2",NA,NA,NA,"2","3","3","2","1","2",NA,NA,NA,"2","4","4","3","2","3",NA,NA,NA,"3","3","3","3","2","2",NA,NA,NA,"2","4","4","2","3","2",NA,NA,NA,"5","4","4","2","2","3",NA,NA,NA,"4","4","3","3","3","3",NA,NA,NA,"3","3","5","3","4","3",NA,NA,NA,"4","5","5",NA,NA,NA,"5","5","5","5","4","4","4","4","3",NA,NA,NA,"5","5","2","4","34","2",NA,"7","6","7",NA,"229","118","Region #7"
284,"2","2","1","1","1",NA,NA,NA,"1","1","1","1","1","1",NA,NA,NA,"1","1","1","1","1","1",NA,NA,NA,"1","1","1","1","1","2",NA,NA,NA,"1","2","2","1","1","1",NA,NA,NA,"1","1","1","1","1","1",NA,NA,NA,"1","1","1","1","1","1",NA,NA,NA,"1","1","1","1","1","1",NA,NA,NA,"1","3","3","2","2","2",NA,NA,NA,"2","3","2","2","2","2",NA,NA,NA,"2","3","3","2","2","2",NA,NA,NA,"2","3","3","2","2","2",NA,NA,NA,"2","3","3","3","3","3",NA,NA,NA,"2","3","3","2","3","3",NA,NA,NA,"2","5","5",NA,NA,NA,"4","3","4","3","3","4","3","3","3",NA,NA,NA,"2","5","2","4","41","2",NA,"7","3","4,7",NA,"199","197","Region #5"
269,"3","3","2","2","2",NA,NA,NA,"3","2","2","1","1","1",NA,NA,NA,"2","3","2","1","1","1",NA,NA,NA,"2","3","2","1","1","1",NA,NA,NA,"2","3","3","2","2","2",NA,NA,NA,"2","2","2","2","2","2",NA,NA,NA,"2","3","3","2","2","2",NA,NA,NA,"2","2","2","2","2","2",NA,NA,NA,"2","4","3","2","2","2",NA,NA,NA,"4","3","3","2","2","2",NA,NA,NA,"2","4","4","2","2","2",NA,NA,NA,"3","4","3","2","2","2",NA,NA,NA,"3","4","3","2","2","2",NA,NA,NA,"4","3","4","2","2","2",NA,NA,NA,"2","5","4",NA,NA,NA,"2","2","2","4","4","3","2","2","2",NA,NA,NA,"3","5","2","4","54","1",NA,"7","5","4",NA,"189","139","Other"
109,"4","4","2","2","2",NA,NA,NA,"1","1","1","1","1","1",NA,NA,NA,"1","1","1","1","1","1",NA,NA,NA,"1","1","4","1","1","1",NA,NA,NA,"1","1","4","1","2","1",NA,NA,NA,"1","1","1","1","1","1",NA,NA,NA,"1","3","3","3","2","2",NA,NA,NA,"2","3","3","2","2","2",NA,NA,NA,"1","2","4","2","1","2",NA,NA,NA,"1","1","1","1","1","1",NA,NA,NA,"1","1","1","2","2","2",NA,NA,NA,"2","2","2","2","2","2",NA,NA,NA,"2","2","4","2","2","2",NA,NA,NA,"2","2","3","2","2","2",NA,NA,NA,"1","5","5",NA,NA,NA,"4","4","4","5","3","3","3","3","3",NA,NA,NA,"2","5","2","4","32","2",NA,"2","4","7",NA,"206","193","Region #5"
35,"3","3","1","2","2",NA,NA,NA,"2","1","2","1","1","1",NA,NA,NA,"1","1","1","1","1","1",NA,NA,NA,"1","3","3","1","1","1",NA,NA,NA,"2","3","3","1","1","1",NA,NA,NA,"1","2","2","2","2","2",NA,NA,NA,"2","2","2","1","1","1",NA,NA,NA,"2","2","2","1","1","1",NA,NA,NA,"1","3","3","1","2","2",NA,NA,NA,"2","2","2","2","2","2",NA,NA,NA,"2","3","3","1","1","1",NA,NA,NA,"2","3","3","2","2","2",NA,NA,NA,"2","4","4","2","2","3",NA,NA,NA,"3","4","4","3","2","3",NA,NA,NA,"3","4","4","2","2","3",NA,NA,NA,"3","3","4","2","2","3",NA,NA,NA,"3","5","2","4","51","2",NA,"5","2","7",NA,"195","187","Region #5"
159,"2","4","2","3","3",NA,NA,NA,"1","3","3","2","3","3",NA,NA,NA,"2","4","4","2","2","3",NA,NA,NA,"3","3","3","2","3","3",NA,NA,NA,"2","4","4","1","1","2",NA,NA,NA,"2","2","2","1","2","2",NA,NA,NA,"1","3","3","1","1","1",NA,NA,NA,"2","3","3","1","2","2",NA,NA,NA,"1","4","4","2","2","2",NA,NA,NA,"3","3","3","2","2","3",NA,NA,NA,"2","5","4",NA,NA,NA,"2","3","3","3","4","4","2","2","2",NA,NA,NA,"3","5","5",NA,NA,NA,"2","2","3","3","4","4","2","2","3",NA,NA,NA,"3","5","5",NA,NA,NA,"2","3","3","3","4","3","2","3","3",NA,NA,NA,"3","5","2","4","41","2",NA,"5","3","7",NA,"189","186","Region #5"
215,"2","3","2","2","2",NA,NA,NA,"2","3","2","2","2","2",NA,NA,NA,"2","2","1","1","2","2",NA,NA,NA,"2","1","1","1","2","1",NA,NA,NA,"2","2","1","2","2","2",NA,NA,NA,"2","2","2","2","2","2",NA,NA,NA,"2","2","1","2","2","2",NA,NA,NA,"2","2","2","2","2","2",NA,NA,NA,"2","2","1","2","2","2",NA,NA,NA,"2","2","3","2","2","2",NA,NA,NA,"2","2","2","2","2","2",NA,NA,NA,"2","3","3","2","2","2",NA,NA,NA,"1","2","2","2","2","2",NA,NA,NA,"2","2","1","2","2","1",NA,NA,NA,"2","2","2","2","2","2",NA,NA,NA,"2","2","2","2","2","2",NA,NA,NA,"2","2","2","4","24","1",NA,"7","3","3",NA,NA,NA,NA
361,"3","3","2","3","3",NA,NA,NA,"3","2","2","2","2","2",NA,NA,NA,"2","2","2","2","2","2",NA,NA,NA,"2","3","3","3","3","2",NA,NA,NA,"2","3","3","2","2","3",NA,NA,NA,"3","2","3","3","3","3",NA,NA,NA,"3","3","3","3","3","2",NA,NA,NA,"3","4","4","3","2","3",NA,NA,NA,"3","4","3","4","4","3",NA,NA,NA,"3","4","3","3","2","3",NA,NA,NA,"3","5","5",NA,NA,NA,"3","3","3","3","4","4","4","4","3",NA,NA,NA,"3","4","5","3","3","3",NA,NA,NA,"3","4","5","3","3","3",NA,NA,NA,"3","5","5",NA,NA,NA,"3","3","3","3","5","4",NA,NA,NA,"3","3","3","3","5","2","4","37","2",NA,"5","6","3",NA,"198","211","Region #4"
27,"3","4","2","3","2",NA,NA,NA,"1","1","2","2","2","2",NA,NA,NA,"1","1","1","2","1","1",NA,NA,NA,"1","3","3","2","2","2",NA,NA,NA,"2","4","4","3","3","3",NA,NA,NA,"3","4","4","3","3","3",NA,NA,NA,"3","4","4","3","2","3",NA,NA,NA,"3","4","4","3","4","4",NA,NA,NA,"2","4","4","3","2","3",NA,NA,NA,"2","3","3","3","3","3",NA,NA,NA,"3","4","5","3","3","3",NA,NA,NA,"3","3","3","3","3","3",NA,NA,NA,"3","4","4","3","3","3",NA,NA,NA,"3","3","4","3","3","3",NA,NA,NA,"3","5","5",NA,NA,NA,"3","3","3","3","4","4","3","3","3",NA,NA,NA,"3","5","3","4","27","1",NA,"4","2","7",NA,"101","252","Other"
197,"3","4","2","4","2",NA,NA,NA,"3","2","2","1","1","1",NA,NA,NA,"1","1","1","1","1","1",NA,NA,NA,"1","3","4","2","2","2",NA,NA,NA,"2","5","5",NA,NA,NA,"2","3","3","3","2","3","1","1","1",NA,NA,NA,"2","4","3","1","1","1",NA,NA,NA,"2","4","4","1","1","1",NA,NA,NA,"2","5","5",NA,NA,NA,"4","4","3","4","4","4","2","2","2",NA,NA,NA,"3","5","5",NA,NA,NA,"2","2","2","3","4","4","2","2","2",NA,NA,NA,"3","5","5",NA,NA,NA,"3","4","3","4","5","5",NA,NA,NA,"2","2","3","3","5","5",NA,NA,NA,"2","2","3","3","5","5",NA,NA,NA,"2","2","3","3","5","2","4","35","2",NA,"7","6","4,7",NA,"175","153","Region #6"
99,"3","4","2","2","2",NA,NA,NA,"2","2","2","1","2","2",NA,NA,NA,"1","2","2","1","1","1",NA,NA,NA,"1","3","3","2","2","2",NA,NA,NA,"2","3","4","2","2","2",NA,NA,NA,"2","2","2","2","2","2",NA,NA,NA,"2","2","2","1","2","2",NA,NA,NA,"2","3","3","2","2","2",NA,NA,NA,"2","4","4","2","2","2",NA,NA,NA,"2","3","3","2","2","2",NA,NA,NA,"2","5","5",NA,NA,NA,"2","2","2","3","3","3","2","2","2",NA,NA,NA,"2","5","5",NA,NA,NA,"2","2","2","3","4","4","2","2","2",NA,NA,NA,"3","5",NA,NA,NA,NA,"3","3","3","3","5","5",NA,NA,NA,"3","3","3","3","5","2","4","57","2",NA,"7","5","7",NA,NA,NA,NA
18,"1","1","1","1","1",NA,NA,NA,NA,"1","1","1","1","1",NA,NA,NA,"1","1","1","1","1","1",NA,NA,NA,"1","1","1","1","1","1",NA,NA,NA,"1","1","1","1","1","1",NA,NA,NA,"1","1","1","2","2","2",NA,NA,NA,"1","1","1","2","1","2",NA,NA,NA,"1","2","2","2","2","2",NA,NA,NA,"2","3","3","2","2","3",NA,NA,NA,"3","1","3","2","2","2",NA,NA,NA,"3","3","3","2","2","2",NA,NA,NA,"3","4","4","2","2","2",NA,NA,NA,"2","4","4","3","2","2",NA,NA,NA,"3","3","4","2","2","2",NA,NA,NA,"2","4","4","2","2","2",NA,NA,NA,"3","4","4","4","2","3",NA,NA,NA,"3","5","2","4","32 years","1",NA,"5","6","3",NA,"177","158","Region #6"
31,"3","3","2","2","2",NA,NA,NA,"2","1","1","1","1","1",NA,NA,NA,"1","1","1","1","1","1",NA,NA,NA,"1","3","3","2","2","2",NA,NA,NA,"2","4","4","3","3","3",NA,NA,NA,"3","3","3","2","3","3",NA,NA,NA,"2","4","4","3","3","3",NA,NA,NA,"3","3","3","3","3","3",NA,NA,NA,"3","5","5",NA,NA,NA,"3","3","3","3","5","5",NA,NA,NA,"3","3","3","3","5","5",NA,NA,NA,"3","3","3","3","5","5",NA,NA,NA,"3","3","3","3","5","5",NA,NA,NA,"3","3","3","3","5","5",NA,NA,NA,"3","3","3","3","5","5",NA,NA,NA,"3","3","3","3","5","5",NA,NA,NA,"3","3","3","3","5","2","4","43","2",NA,"7","11","7",NA,NA,NA,NA
339,"1","5","1","1","1",NA,NA,NA,"1","1","1","1","1","1",NA,NA,NA,"1","1","1","1","1","1",NA,NA,NA,"1","4","1","1","1","1",NA,NA,NA,"1","1","4","1","1","1",NA,NA,NA,"1","1","1","1","1","1",NA,NA,NA,"1","1","1","1","1","1",NA,NA,NA,"1","1","2","1","1","1",NA,NA,NA,"1","1","4","1","1","1",NA,NA,NA,"1","2","2","1","2","2",NA,NA,NA,"1","3","3","3","3","3",NA,NA,NA,"3","2","2","1","1","1",NA,NA,NA,"1","3","4","2","3","3",NA,NA,NA,"2","3","3","2","3","3",NA,NA,NA,"2","5","5",NA,NA,NA,"5","5","5","4","3","4","1","3","3",NA,NA,NA,"3","5","2","4","35","2",NA,"4","3","7",NA,"98","318","Region #1"
131,"1","3","1","1","1",NA,NA,NA,"1","1","1","1","1","1",NA,NA,NA,"1","1","1","1","1","1",NA,NA,NA,"1","1","2","1","1","1",NA,NA,NA,"1","2","2","1","1","1",NA,NA,NA,"1","1","1","1","1","1",NA,NA,NA,"1","3","2","2","2","2",NA,NA,NA,"2","2","2","1","1","1",NA,NA,NA,"1","4","3","3","3","3",NA,NA,NA,"2","3","3","3","3","3",NA,NA,NA,"2","5","5",NA,NA,NA,"5","5","5","5","4","4","3","3","3",NA,NA,NA,"3","4","3","2","2","4",NA,NA,NA,"2","4","4","2","2","4",NA,NA,NA,"3","5","5",NA,NA,NA,"4","5","1","5","4","4","2","2","4",NA,NA,NA,"3","5","2","4","35","1",NA,"7","5","7",NA,"221","151","Region #6"
287,"4","3","2","2","2",NA,NA,NA,"2","3","2","2","2","2",NA,NA,NA,"2","2","3","2","2","2",NA,NA,NA,"1","3","3","2","2","2",NA,NA,NA,"2","3","3","2","2","2",NA,NA,NA,"2","3","3","2","2","2",NA,NA,NA,"2","3","3","2","2","2",NA,NA,NA,"2","3","3","2","2","2",NA,NA,NA,"2","5","4",NA,NA,NA,"3","3","3","3","3","4","2","2","2",NA,NA,NA,"2","4","4","2","2","2",NA,NA,NA,"3","3","3","2","2","2",NA,NA,NA,"3","4","3","3","3","3",NA,NA,NA,"3","4","5","3","3","3",NA,NA,NA,"3","5","5",NA,NA,NA,"3","3","3","3","4","5","3","3","3",NA,NA,NA,"3","5","2","4","30","2",NA,"6","6","7",NA,"95","247","Other"
138,"1","3","2","1","1",NA,NA,NA,"1","1","1","1","2","2",NA,NA,NA,"1","1","3","2","2","1",NA,NA,NA,"1","3","3","3","3","2",NA,NA,NA,"2","2","4","2","2","2",NA,NA,NA,"2","1","1","1","2","1",NA,NA,NA,"1","2","1","1","2","2",NA,NA,NA,"1","1","2","1","2","1",NA,NA,NA,"4","4","3","3","2","4",NA,NA,NA,"3","2","3","2","2","4",NA,NA,NA,"1","2","2","2","2","4",NA,NA,NA,"1","4","4","3","3","4",NA,NA,NA,"2","5","4",NA,NA,NA,"2","2","3","4","2","3","2","3","4",NA,NA,NA,"1","4","3","3","1","3",NA,NA,NA,"3","4","4","3","3","3",NA,NA,NA,"2","5","2","4","50","2",NA,"7","3","7",NA,NA,NA,NA
301,"1","2","2","2","2",NA,NA,NA,"1","1","1","2","1","1",NA,NA,NA,"1","2","2","2","2","2",NA,NA,NA,"1","2","2","2","2","2",NA,NA,NA,"2","2","2","2","2","2",NA,NA,NA,"1","1","1","1","1","1",NA,NA,NA,"1","2","1","1","1","1",NA,NA,NA,"1","2","2","2","2","2",NA,NA,NA,"2","4","4","2","2","2",NA,NA,NA,"2","3","3","2","2","2",NA,NA,NA,"2","4","4","2","2","3",NA,NA,NA,"2","4","4","2","2","2",NA,NA,NA,"2","4","4","2","1","2",NA,NA,NA,"2","3","3","2","2","2",NA,NA,NA,"2","4","4","3","2","2",NA,NA,NA,"2","3","3","2","2","2",NA,NA,NA,"2","5","2","4","38","1",NA,"7","5","4",NA,"206","187","Region #5"
221,"4","3","1","1","1",NA,NA,NA,"3","2","1","1","1","1",NA,NA,NA,"1","3","2","1","1","1",NA,NA,NA,"2","4","3","1","1","1",NA,NA,NA,"3","3","3","1","1","1",NA,NA,NA,"1","2","2","1","1","1",NA,NA,NA,"1","2","2","1","1","1",NA,NA,NA,"1","1","2","1","1","1",NA,NA,NA,"1","4","4","2","2","2",NA,NA,NA,"2","4","3","2","2","2",NA,NA,NA,"2","4","5","2","2","2",NA,NA,NA,"3","4","3","2","2","2",NA,NA,NA,"2","5","5",NA,NA,NA,"3","3","3","3","5","5",NA,NA,NA,"3","3","3","3","5","5",NA,NA,NA,"3","3","3","3","4","5","3","3","3",NA,NA,NA,"3","5","2","4","31","2",NA,"6","5","3",NA,"185","207","Region #4"
303,"3","4","2","2","1",NA,NA,NA,"4","4","4","1","1","1",NA,NA,NA,"3","4","3","1","1","1",NA,NA,NA,"4","4","4","2","1","1",NA,NA,NA,"3","3","3","2","2","2",NA,NA,NA,"2","3","3","2","1","1",NA,NA,NA,"1","3","3","1","1","2",NA,NA,NA,"1","3","3","2","2","2",NA,NA,NA,"1","4","4","2","3","3",NA,NA,NA,"4","3","3","2","2","1",NA,NA,NA,"2","4","4","2","2","2",NA,NA,NA,"3","4","4","3","2","3",NA,NA,NA,"2","4","3","3","2","3",NA,NA,NA,"3","4","4","3","2","3",NA,NA,NA,"3","5","5",NA,NA,NA,"5","5","5","5","5","5",NA,NA,NA,"4","3","3","3","5","2","4","45","2",NA,"6","2","7",NA,"192","189","Region #5"
214,"1","1","1","1","1",NA,NA,NA,"1","1","1","1","1","1",NA,NA,NA,"1","1","1","1","1","1",NA,NA,NA,"1","1","1","1","1","1",NA,NA,NA,"1","2","2","1","1","1",NA,NA,NA,"2","1","1","1","1","1",NA,NA,NA,"1","2","2","1","1","1",NA,NA,NA,"1","1","1","1","1","1",NA,NA,NA,"1","3","3","2","2","2",NA,NA,NA,"3","2","3","2","2","2",NA,NA,NA,"1","4","4","2","2","2",NA,NA,NA,"4","1","2","2","2","1",NA,NA,NA,"2","4","4","3","3","3",NA,NA,NA,"3","3","3","3","3","3",NA,NA,NA,"3","5","5",NA,NA,NA,"3","3","3","3","3","4","3","3","3",NA,NA,NA,"3","5","2","4","36","2",NA,"2","5","7",NA,"178","227","Region #4"
278,"3","3","1","1","1",NA,NA,NA,"1","1","1","1","1","1",NA,NA,NA,"1","1","1","1","1","1",NA,NA,NA,"1","3","3","1","1","1",NA,NA,NA,"1","5","5",NA,NA,NA,"5","5","5","5","1","2","2","2","2",NA,NA,NA,"1","4","5","1","2","2",NA,NA,NA,"3","4","4","2","2","2",NA,NA,NA,"1","5","5",NA,NA,NA,"5","5","5","5","2","2","2","2","2",NA,NA,NA,"1","5","5",NA,NA,NA,"2","2","2","3","4","4","2","2","2",NA,NA,NA,"3","5","5",NA,NA,NA,"5","5","5","5","4","4","3","3","3",NA,NA,NA,"3","5","5",NA,NA,NA,"3","4","3","4","5","5",NA,NA,NA,"3","3","3","3","5","2","4","29","2",NA,"6","2","7",NA,"128","213","Region #4"
252,"5","5",NA,NA,NA,"5","5","5","5","2","2","2","2","2",NA,NA,NA,"2","2","2","2","2","2",NA,NA,NA,"2","2","2","2","2","2",NA,NA,NA,"2","5","5",NA,NA,NA,"5","5","5","5","2","2","2","2","2",NA,NA,NA,"2","2","2","2","2","2",NA,NA,NA,"2","2","2","2","2","2",NA,NA,NA,"2","5","5",NA,NA,NA,"5","5","5","5","2","2","2","2","2",NA,NA,NA,"2","2","2","2","2","2",NA,NA,NA,"2","2","2","2","2","2",NA,NA,NA,"2","5","5",NA,NA,NA,"5","5","5","5","3","3","2","2","2",NA,NA,NA,"2","3","3","2","2","2",NA,NA,NA,"2","3","3","2","2","2",NA,NA,NA,"2","5","2","4","46","2",NA,"4","3","7",NA,"167","192","Region #5"
199,"5","5",NA,NA,NA,"1","1","1","4","1","1","1","1","1",NA,NA,NA,"2","1","1","1","1","1",NA,NA,NA,"1","3","2","1","1","1",NA,NA,NA,"2","3","5","1","1","1",NA,NA,NA,"2","1","1","1","1","1",NA,NA,NA,"1","1","1","1","1","1",NA,NA,NA,"1","1","2","1","1","1",NA,NA,NA,"1","5","5",NA,NA,NA,"2","2","2","3","2","2","1","1","1",NA,NA,NA,"2","5","4",NA,NA,NA,"1","1","1","3","3","3","1","1","1",NA,NA,NA,"3","4","5","2","2","2",NA,NA,NA,"2","3","3","2","2","2",NA,NA,NA,"3","5","5",NA,NA,NA,"3","4","3","3","5","4",NA,NA,NA,"2","2","2","3","5","2","4","56","2",NA,"6","3","7",NA,"239","132","Region #7"
120,"4","3","1","2","1",NA,NA,NA,"3","2","2","1","1","1",NA,NA,NA,"2","2","2","1","1","1",NA,NA,NA,"1","4","4","1","1","1",NA,NA,NA,"2","2","2","1","2","1",NA,NA,NA,"1","1","1","1","1","1",NA,NA,NA,"1","1","1","1","1","1",NA,NA,NA,"1","2","2","1","1","1",NA,NA,NA,"1","3","3","2","2","2",NA,NA,NA,"3","3","3","2","2","1",NA,NA,NA,"3","3","3","2","2","2",NA,NA,NA,"3","3","3","2","2","2",NA,NA,NA,"3","3","4","2","2","3",NA,NA,NA,"3","3","3","2","1","2",NA,NA,NA,"3","4","4","3","3","3",NA,NA,NA,"3","4","4","2","2","2",NA,NA,NA,"3","5","2","4","29","2",NA,"3","3","7",NA,"168","149","Other"
349,"2","3","2","2","2",NA,NA,NA,"1","1","1","2","2","2",NA,NA,NA,"1","1","1","1","1","1",NA,NA,NA,"1","3","3","2","2","2",NA,NA,NA,"1","3","3","2","2","2",NA,NA,NA,"1","1","1","2","3","2",NA,NA,NA,"1","1","1","2","2","2",NA,NA,NA,"1","3","3","2","2","2",NA,NA,NA,"1","3","4","2","2","2",NA,NA,NA,"1","2","2","1","2","2",NA,NA,NA,"2","2","3","2","2","2",NA,NA,NA,"2","3","3","2","2","2",NA,NA,NA,"1","4","4","2","3","3",NA,NA,NA,"2","4","4","3","3","3",NA,NA,NA,"2","3","5","2","2","3",NA,NA,NA,"2","3","4","3","3","3",NA,NA,NA,"3","5","2","4","51","2",NA,"6","5","7",NA,"212","114","Region #7"
126,"3","3","2","2","2",NA,NA,NA,"2","3","4","1","1","1",NA,NA,NA,"3","3","3","1","1","1",NA,NA,NA,"3","4","4","1","1","1",NA,NA,NA,"3","3","3","2","2","3",NA,NA,NA,"1","3","3","2","1","1",NA,NA,NA,"2","3","2","1","2","1",NA,NA,NA,"2","3","3","2","1","1",NA,NA,NA,"1","3","3","3","3","3",NA,NA,NA,"3","4","4","2","1","1",NA,NA,NA,"3","2","2","2","4","4",NA,NA,NA,"2","4","4","1","2","2",NA,NA,NA,"3","3","4","2","2","2",NA,NA,NA,"3","3","4","2","2","2",NA,NA,NA,"3","3","3","2","1","2",NA,NA,NA,"3","4","3","2","2","1",NA,NA,NA,"3","5","2","4","35","2",NA,"1","2","1,3,4,5,7",NA,"113","314","Region #1"
60,"4","4","2","2","2",NA,NA,NA,"4","2","3","2","1","1",NA,NA,NA,"1","1","1","1","1","1",NA,NA,NA,"1","2","2","1","2","2",NA,NA,NA,"2","3","2","1","1","1",NA,NA,NA,"2","1","1","1","1","1",NA,NA,NA,"1","1","1","1","1","1",NA,NA,NA,"1","1","1","1","1","1",NA,NA,NA,"1","5","5",NA,NA,NA,"3","3","3","4","2","2","2","2","2",NA,NA,NA,"1","5","5",NA,NA,NA,"4","4","4","3","3","4","2","2","2",NA,NA,NA,"2","4","4","5","5","5",NA,NA,NA,"2","3","3","2","2","3",NA,NA,NA,"2","5","5",NA,NA,NA,"5","5","5","5","5","5",NA,NA,NA,"2","2","3","2","5","2","4","48","1",NA,"5","13","7",NA,"180","196","Region #5"
336,"4","4","3","4","3",NA,NA,NA,"4","2","2","2","2","2",NA,NA,NA,"2","2","2","2","2","2",NA,NA,NA,"3","2","2","2","2","2",NA,NA,NA,"2","4","4","5","5","5",NA,NA,NA,"5","2","2","2","3","2",NA,NA,NA,"2","2","2","2","2","2",NA,NA,NA,"2","4","4","2","2","2",NA,NA,NA,"2","4","4","4","4","4",NA,NA,NA,"4","3","3","3","3","3",NA,NA,NA,"3","3","4","3","3","3",NA,NA,NA,"4","2","2","3","3","3",NA,NA,NA,"2","3","3","5","5","5",NA,NA,NA,"3","4","3","3","3","2",NA,NA,NA,"2","4","4","3","3","3",NA,NA,NA,"4","3","3","3","2","3",NA,NA,NA,"2","5","4","4","59","2",NA,"5","2","7",NA,"189","155","Region #6"
119,"1","4","1","1","1",NA,NA,NA,"1","1","1","1","1","1",NA,NA,NA,"1","1","1","1","1","1",NA,NA,NA,"1","1","1","1","1","1",NA,NA,NA,"1","4","4","3","3","3",NA,NA,NA,"2","2","2","2","2","2",NA,NA,NA,"2","2","2","2","2","2",NA,NA,NA,"2","3","3","2","2","2",NA,NA,NA,"2","4","4","3","3","3",NA,NA,NA,"3","3","3","2","3","2",NA,NA,NA,"3","3","3","2","2","2",NA,NA,NA,"2","4","4","2","3","2",NA,NA,NA,"3","5","5",NA,NA,NA,"3","3","3","3","5","5",NA,NA,NA,"3","3","3","3","5","5",NA,NA,NA,"3","3","3","3","5","5",NA,NA,NA,"3","3","3","3","5","2","4","32","1",NA,"5","3","7",NA,"123","211","Other"
334,"3","3","1","1","1",NA,NA,NA,"1","1","1","1","1","1",NA,NA,NA,"1","1","1","1","1","1",NA,NA,NA,"1","1","1","1","1","1",NA,NA,NA,"1","3","3","1","1","1",NA,NA,NA,"1","1","2","1","1","1",NA,NA,NA,"2","2","1","1","1","1",NA,NA,NA,"1","1","2","1","1","1",NA,NA,NA,"1","4","4","1","1","1",NA,NA,NA,"1","1","1","1","1","1",NA,NA,NA,"1","2","2","1","1","1",NA,NA,NA,"2","1","2","1","1","1",NA,NA,NA,"1","4","4","2","2","3",NA,NA,NA,"3","3","3","3","2","3",NA,NA,NA,"2","4","4","2","2","2",NA,NA,NA,"3","4","3","2","2","2",NA,NA,NA,"3","5","2","4","53","2",NA,"6","3","7",NA,"183","143","Region #6"
192,"5","5",NA,NA,NA,"5","5","5","5","2","2","1","1","1",NA,NA,NA,"1","1","1","1","1","1",NA,NA,NA,"1","4","4","4","4","4",NA,NA,NA,"3","5","5",NA,NA,NA,"5","5","5","5","1","1","1","1","1",NA,NA,NA,"1","3","3","2","2","2",NA,NA,NA,"2","2","2","2","2","1",NA,NA,NA,"2","5","5",NA,NA,NA,"5","5","5","5","2","3","2","2","2",NA,NA,NA,"2","4","4","3","4","3",NA,NA,NA,"3","4","4","4","4","3",NA,NA,NA,"4","3","3","5","5","4",NA,NA,NA,"2","4","4","2","2","2",NA,NA,NA,"2","4","4","2","3","2",NA,NA,NA,"3","4","4","2","3","2",NA,NA,NA,"3","5","2","4","25","2",NA,"6","5","7",NA,"180","152","Region #6"
171,"5","3",NA,NA,NA,"2","2","3","4","2","3","1","1","1",NA,NA,NA,"1","3","3","1","1","1",NA,NA,NA,"2","5","4",NA,NA,NA,"2","3","2","4","3","2","1","1","1",NA,NA,NA,"1","1","2","1","1","1",NA,NA,NA,"1","1","1","1","1","1",NA,NA,NA,"1","5","4",NA,NA,NA,"3","3","3","2","5","3",NA,NA,NA,"2","1","1","3","2","1","1","1","1",NA,NA,NA,"1","1","2","1","1","1",NA,NA,NA,"1","5","5",NA,NA,NA,"3","3","3","3","3","4","1","1","3",NA,NA,NA,"2","3","3","2","2","3",NA,NA,NA,"3","4","4","3","2","3",NA,NA,NA,"3","4","4","3","3","3",NA,NA,NA,"3","5","2","4","44","1",NA,"7","2","7",NA,"201","187","Region #5"
82,"3","4","1","1","3",NA,NA,NA,"3","3","3","1","2","1",NA,NA,NA,"2","3","2","1","1","1",NA,NA,NA,"3","4","4","2","2","2",NA,NA,NA,"4","2","3","2","2","2",NA,NA,NA,"2","2","2","1","2","2",NA,NA,NA,"2","2","1","2","1","1",NA,NA,NA,"2","2","1","1","1","2",NA,NA,NA,"2","3","3","3","3","3",NA,NA,NA,"3","3","3","3","3","2",NA,NA,NA,"3","3","3",NA,"3","3",NA,NA,NA,"3","3","3","2","2","3",NA,NA,NA,"3","5","4",NA,NA,NA,"3","3","3","4","4","4","3","3","3",NA,NA,NA,"4","4","4","2","2","2",NA,NA,NA,"5","5","5",NA,NA,NA,"3","3","3","5","5","2","4","50","1",NA,"4","5","1,7",NA,"166","217","Region #4"
46,"5","5",NA,NA,NA,"3","3","3","4","3","3","2","2","2",NA,NA,NA,"2","3","3","2","2","2",NA,NA,NA,"2","4","4","2","2","2",NA,NA,NA,"3","5","5",NA,NA,NA,"3","3","3","4","3","3","3","3","3",NA,NA,NA,"3","4","4","2","2","2",NA,NA,NA,"3","5","5",NA,NA,NA,"3","3","3","4","5","5",NA,NA,NA,"3","3","3","4","4","4","3","3","3",NA,NA,NA,"3","5","5",NA,NA,NA,"3","3","3","4","5","5",NA,NA,NA,"3","3","3","4","4","5","4","4","3",NA,NA,NA,"3","3","3","3","3","3",NA,NA,NA,"3","5","5",NA,NA,NA,"3","3","3","3","4","4","3","3","3",NA,NA,NA,"3","5","2","4","65","1",NA,"4","3","7",NA,"169","149","Other"
62,"3","3","1","1","1",NA,NA,NA,"1","3","3","1","1","1",NA,NA,NA,"1","1","1","1","1","1",NA,NA,NA,"1","3","4","2","2","2",NA,NA,NA,"2","3","3","2","2","2",NA,NA,NA,"2","3","3","2","2","2",NA,NA,NA,"2","3","3","2","2","2",NA,NA,NA,"2","3","3","2","2","2",NA,NA,NA,"2","4","4","2","2","2",NA,NA,NA,"2","4","4","3","3","3",NA,NA,NA,"3","5","5",NA,NA,NA,"5","4","5","5","4","4","3","3","3",NA,NA,NA,"3","3","3","2","2","3",NA,NA,NA,"2","3","3","2","2","3",NA,NA,NA,"2","4","4","4","4","4",NA,NA,NA,"4","3","3","2","2","3",NA,NA,NA,"2","5","2","4","47","1",NA,"5","2","7",NA,NA,NA,NA
14,"1","1","3","3","3",NA,NA,NA,"1","3","3","1","1","1",NA,NA,NA,"1","1","1","1","1","1",NA,NA,NA,"1","4","4","1","1","1",NA,NA,NA,"2","4","4","2","2","2",NA,NA,NA,"4","5","5",NA,NA,NA,"1","1","1","4","5","5",NA,NA,NA,"1","1","1","1","5","5",NA,NA,NA,"1","1","1","5","3","3","2","2","2",NA,NA,NA,"2","1","1","2","2","2",NA,NA,NA,"2","5","5",NA,NA,NA,"4","4","4","4","3","3","2","2","2",NA,NA,NA,"2","4","1","4","4","4",NA,NA,NA,"1","4","4","2","2","2",NA,NA,NA,"2","5","5",NA,NA,NA,"5","5","5","4","5","5",NA,NA,NA,"3","3","3","4","5","2","4","40","2",NA,"7","5","2,7",NA,"172","188","Region #5"
114,"3","3","1","1","1",NA,NA,NA,"2","1","1","1","1","1",NA,NA,NA,"1","1","1","1","1","1",NA,NA,NA,"1","1","1","1","1","1",NA,NA,NA,"1","2","2","1","1","1",NA,NA,NA,"1","2","2","1","1","1",NA,NA,NA,"1","2","2","1","1","1",NA,NA,NA,"1","2","2","1","1","1",NA,NA,NA,"1","4","4","2","3","3",NA,NA,NA,"2","5","4",NA,NA,NA,"2","2","2","2","5","5",NA,NA,NA,"3","3","3","4","4","4","2","2","3",NA,NA,NA,"2","5","5",NA,NA,NA,"3","3","3","5","4","5","3","3","3",NA,NA,NA,"3","5","5",NA,NA,NA,"3","3","3","5","5","5",NA,NA,NA,"3","3","3","3","5","2","4","31","2",NA,"3","2","7",NA,"163","181","Region #5"
296,"1","4","1","1","1",NA,NA,NA,"1","1","1","1","1","1",NA,NA,NA,"1","1","1","1","1","1",NA,NA,NA,"1","1","1","1","1","1",NA,NA,NA,"1","2","4","2","2","2",NA,NA,NA,"1","2","2","2","2","2",NA,NA,NA,"1","2","2","2","2","2",NA,NA,NA,"2","2","1","2","2","2",NA,NA,NA,"2","3","3","3","3","3",NA,NA,NA,"2","3","3","2","2","3",NA,NA,NA,"2","4","4","3","3","3",NA,NA,NA,"3","3","3","2","2","2",NA,NA,NA,"2","4","4","2","3","3",NA,NA,NA,"2","3","3","2","2","2",NA,NA,NA,"2","4","4","2","3","3",NA,NA,NA,"3","4","4","2","2","3",NA,NA,NA,"2","5","2","4","52","1",NA,"5","3","7",NA,NA,NA,NA
360,"1","3","1","1","1",NA,NA,NA,"1","1","1","1","1","1",NA,NA,NA,"1","1","1","1","1","1",NA,NA,NA,"1","1","1","1","1","1",NA,NA,NA,"1","2","2","2","2","2",NA,NA,NA,"2","2","2","2","2","1",NA,NA,NA,"2","1","2","1","1","1",NA,NA,NA,"2","3","2","1","1","1",NA,NA,NA,"2","3","3","2","2","3",NA,NA,NA,"2","3","3","2","2","2",NA,NA,NA,"2","2","2","2","2","2",NA,NA,NA,"2","3","3","2","2","2",NA,NA,NA,"2","3","4","2","2","2",NA,NA,NA,"3","3","3","2","2","2",NA,NA,NA,"3","3","3","2","2","2",NA,NA,NA,"3","3","3","2","2","2",NA,NA,NA,"3","5","2","4","44","1",NA,"6","5","7",NA,"206","128","Region #7"
308,"3","3","1","1","1",NA,NA,NA,"1","2","1","1","1","1",NA,NA,NA,"1","3","2","1","1","1",NA,NA,NA,"1","3","3","1","1","1",NA,NA,NA,"1","3","4","2","2","2",NA,NA,NA,"2","3","3","2","2","2",NA,NA,NA,"2","4","2","1","1","1",NA,NA,NA,"2","3","4","2","2","2",NA,NA,NA,"2","5","4",NA,NA,NA,"3","2","2","3","3","4","2","3","2",NA,NA,NA,"3","5","5",NA,NA,NA,"3","3","3","4","4","4","2","2","2",NA,NA,NA,"3","5","5",NA,NA,NA,"5","5","5","5","5","5",NA,NA,NA,"5","5","5","5","5","5",NA,NA,NA,"5","5","5","5","5","5",NA,NA,NA,"5","5","5","5","5","2","4","27","1",NA,"4","5","7",NA,"147","227","Region #4"
367,"2","2","1","2","2",NA,NA,NA,"2","2","2","2","2","2",NA,NA,NA,"2","1","1","1","1","1",NA,NA,NA,"1","2","2","2","2","2",NA,NA,NA,"2","1","2","2","2","2",NA,NA,NA,"2","2","1","2","2","2",NA,NA,NA,"2","2","2","2","2","2",NA,NA,NA,"2","2","2","2","2","2",NA,NA,NA,"2","3","3","4","4","4",NA,NA,NA,"4","2","2","2","3","3",NA,NA,NA,"3","4","4","4","3","3",NA,NA,NA,"4","3","4","4","4","4",NA,NA,NA,"2","2","2","2","2","2",NA,NA,NA,"3","4","4","2","2","2",NA,NA,NA,"3","3","3","2","3","2",NA,NA,NA,"4","3","4","4","4","4",NA,NA,NA,"2","5","2","4","52","2",NA,"4","6","7",NA,"199","126","Region #7"
146,"1","5","1","1","1",NA,NA,NA,"1","1","1","1","1","1",NA,NA,NA,"1","1","1","1","1","1",NA,NA,NA,"1","1","1","1","1","1",NA,NA,NA,"1","1","1","1","1","1",NA,NA,NA,"1","1","1","1","1","1",NA,NA,NA,"1","1","1","1","1","1",NA,NA,NA,"1","1","3","1","1","1",NA,NA,NA,"1","3","5","2","2","2",NA,NA,NA,"2","2","3","1","1","1",NA,NA,NA,"3","2","3","1","1","1",NA,NA,NA,"4","3","4","1","1","1",NA,NA,NA,"2","5","5",NA,NA,NA,"1","1","1","3","5","5",NA,NA,NA,"2","1","3","3","5","5",NA,NA,NA,"1","3","3","3","5","5",NA,NA,NA,"1","1","1","3","5","2","4","28","1",NA,"6","13","7",NA,"167","183","Region #5"
169,"3","3","1","1","1",NA,NA,NA,"4","3","3","2","2","2",NA,NA,NA,"2","2","2","1","1","1",NA,NA,NA,"1","2","2","1","1","1",NA,NA,NA,"1","2","3","2","2","2",NA,NA,NA,"2","2","2","1","1","1",NA,NA,NA,"1","3","3","1","1","1",NA,NA,NA,"1","2","2","1","1","1",NA,NA,NA,"1","4","3","3","3","3",NA,NA,NA,"3","4","4","3","3","3",NA,NA,NA,"3","4","4","3","3","3",NA,NA,NA,"2","4","4","3","3","3",NA,NA,NA,"3","4","4","3","3","3",NA,NA,NA,"2","4","4","3","3","3",NA,NA,NA,"3","3","3","3","3","3",NA,NA,NA,"2","5","5",NA,NA,NA,"3","3","3","3","5","2","4","29","2",NA,"7","5","4,7",NA,"190","147","Region #6"
32,"2","2","2","2","2",NA,NA,NA,"2","2","2","1","2",NA,NA,NA,NA,"2","2","2","1","2","1",NA,NA,NA,"1","1","1","2","1","1",NA,NA,NA,"2","3","4","1","2","2",NA,NA,NA,"2","3","3","2","1","1",NA,NA,NA,"2","2","2","2","1","2",NA,NA,NA,"2","3","3","2","1","2",NA,NA,NA,"2","4","4","2","2","2",NA,NA,NA,"2","4","4","2","2","2",NA,NA,NA,"2","3","4","2","2","2",NA,NA,NA,"2","3","3","2","2","2",NA,NA,NA,"2","4","3","2","2","4",NA,NA,NA,"3","3","4","2","2","2",NA,NA,NA,"3","4","4","3","3","3",NA,NA,NA,"3","3","3","2","3","4",NA,NA,NA,"2","5","2","4","51","2",NA,"4","5","7",NA,"258","111","Other"
122,"4","4","3","3","3",NA,NA,NA,"4","4","4","3","3","3",NA,NA,NA,"4","4","4","4","3","3",NA,NA,NA,"3","4","4","3","3","3",NA,NA,NA,"4","2","3","1","1","1",NA,NA,NA,"1","2","2","1","1","1",NA,NA,NA,"1","1","1","1","1","1",NA,NA,NA,"1","1","1","1","1","1",NA,NA,NA,"1","3","4","2","2","2",NA,NA,NA,"2","3","3","2","2","2",NA,NA,NA,"2","4","4","2","2","2",NA,NA,NA,"3","3","3","2","2","2",NA,NA,NA,"2","5","5",NA,NA,NA,"5","5","5","5","5","5",NA,NA,NA,"5","5","5","5","5","5",NA,NA,NA,"5","5","5","5","5","5",NA,NA,NA,"5","5","5","5","3","2","4","38","2",NA,"6","3","7",NA,"98","279","Region #2"
256,"2","4","2","2","2",NA,NA,NA,"2","2","3","2","2","2",NA,NA,NA,"2","1","1","2","2","2",NA,NA,NA,"1","2","3","2","2","2",NA,NA,NA,"2","3","3","3","3","3",NA,NA,NA,"3","3","3","2","3","2",NA,NA,NA,"3","2","2","2","2","2",NA,NA,NA,"2","4","4","3","3","2",NA,NA,NA,"3","3","4","4","4","3",NA,NA,NA,"2","3","4","2","3","3",NA,NA,NA,"2","4","4","3","3","3",NA,NA,NA,"2","3","3","2","3","3",NA,NA,NA,"3","5","5",NA,NA,NA,"3","3","3","3","5","5",NA,NA,NA,"3","3","3","3","5","5",NA,NA,NA,"3","3","3","3","5","5",NA,NA,NA,"3","3","3","3","5","2","4","48","2",NA,"6","4","4,7",NA,"237","157","Region #6"
7,"1","3","1","1","1",NA,NA,NA,"1","1","1","1","1","1",NA,NA,NA,"1","1","1","1","1","1",NA,NA,NA,"1","3","3","1","1","1",NA,NA,NA,"1","1","3","1","1","1",NA,NA,NA,"1","1","1","1","1","1",NA,NA,NA,"1","5","5",NA,NA,NA,"2","2","2","3","4","4","1","1","1",NA,NA,NA,"2","3","3","1","1","1",NA,NA,NA,"2","3","3","1","1","1",NA,NA,NA,"1","5","5",NA,NA,NA,"2","3","3","3","4","4","2","2","2",NA,NA,NA,"2","5","5",NA,NA,NA,"2","2","2","3","5","5",NA,NA,NA,"2","2","2","3","5","5",NA,NA,NA,"5","5","5","5","5","5",NA,NA,NA,"2","2","2","3","5","2","4","50","1",NA,"6","3","7",NA,"238","110","Other"
136,"2","3","2","2","3",NA,NA,NA,"2","1","1","1","1","1",NA,NA,NA,"1","1","1","1","1","1",NA,NA,NA,"2","1","2","2","2","2",NA,NA,NA,"1","2","3","3","3","3",NA,NA,NA,"2","2","2","2","3","2",NA,NA,NA,"2","3","3","2","3","2",NA,NA,NA,"2","3","2","3","2","3",NA,NA,NA,"2","4","4","3","2","3",NA,NA,NA,"2","2","3","3","2","2",NA,NA,NA,"2","4","4","3","2","2",NA,NA,NA,"3","3","3","3","3","3",NA,NA,NA,"2","4","4","3","3","3",NA,NA,NA,"3","4","4","3","3","3",NA,NA,NA,"3","5","5",NA,NA,NA,"4","4","3","3","4","4","3","3","3",NA,NA,NA,"3","5","2","4","22","3",NA,"3","3","2",NA,"104","248","Region #3"
304,"4","3","2","2","2",NA,NA,NA,"3","3","3","2","2","2",NA,NA,NA,"2","3","3","2","2","2",NA,NA,NA,"2","4","4","2","2","2",NA,NA,NA,"3","3","3","2","2","2",NA,NA,NA,"2","2","2","2","2","2",NA,NA,NA,"2","3","3","2","2","2",NA,NA,NA,"2","3","3","2","2","2",NA,NA,NA,"2","4","3","2","2","3",NA,NA,NA,"3","2","3","2","2","3",NA,NA,NA,"3","4","4","2","2","3",NA,NA,NA,"3","3","4","2","2","3",NA,NA,NA,"3","4","3","3","3","3",NA,NA,NA,"3","4","4","3","3","3",NA,NA,NA,"3","5","5",NA,NA,NA,"3","4","3","4","4","4","3","3","3",NA,NA,NA,"3","5","2","4","38","2",NA,"7","5","7",NA,"170","214","Region #4"
318,"3","3","1","1","1",NA,NA,NA,"2","1","1","1","1","1",NA,NA,NA,"1","1","1","1","1","1",NA,NA,NA,"1","2","2","1","1","1",NA,NA,NA,"1","3","3","2","2","2",NA,NA,NA,"2","2","2","2","2","2",NA,NA,NA,"2","2","3","2","2","2",NA,NA,NA,"2","2","3","2","2","2",NA,NA,NA,"2","5","4",NA,NA,NA,"2","3","3","4","4","4","2","3","2",NA,NA,NA,"4","4","4","3","4","3",NA,NA,NA,"4","4","4","3","3","3",NA,NA,NA,"3","4","3","2","2","2",NA,NA,NA,"4","4","4","2","2","3",NA,NA,NA,"3","5","5",NA,NA,NA,"4","4","3","3","4","4","3","3","2",NA,NA,NA,"4","5","2","4","44","2",NA,"3","4","7",NA,"132","254","Region #3"
83,"2","3","1","1","1",NA,NA,NA,"2","1","1","1","1","1",NA,NA,NA,"2","1","1","1","1","1",NA,NA,NA,"1","2","2","1","1","1",NA,NA,NA,"2","3","3","2","2","2",NA,NA,NA,"2","1","1","1","1","1",NA,NA,NA,"1","1","1","1","1","1",NA,NA,NA,"1","1","1","1","1","1",NA,NA,NA,"1","3","3","2","2","2",NA,NA,NA,"4","3","3","2","2","2",NA,NA,NA,"2","5","5",NA,NA,NA,"2","2","2","5","3","3","2","2","2",NA,NA,NA,"2","4","3","2","2","2",NA,NA,NA,"4","4","3","2","2","3",NA,NA,NA,"3","5","5",NA,NA,NA,"2","2","2","5","3","3","2","2","3",NA,NA,NA,"5","5","2","4","40","2",NA,"5","5","7",NA,"132","215","Region #4"
263,"4","4","1","2","2",NA,NA,NA,"4","3","3","2","2","2",NA,NA,NA,"2","3","3","1","1","1",NA,NA,NA,"2","4","4","1","1","1",NA,NA,NA,"4","3","5","1","2","1",NA,NA,NA,"2","2","3","2","2","2",NA,NA,NA,"1","2","3","1","1","1",NA,NA,NA,"1","3","4","2","2","2",NA,NA,NA,"2","4","5","2","2","3",NA,NA,NA,"3","4","4","2","2","3",NA,NA,NA,"2","5","5",NA,NA,NA,"2","3","4","4","4","5","3","3","3",NA,NA,NA,"3","5","5",NA,NA,NA,"3","3","3","4","4","4","3","3","3",NA,NA,NA,"3","4","5","2","2","3",NA,NA,NA,"4","5","5",NA,NA,NA,"3","2","3","4","5","2","4","32","1",NA,"2","2","7",NA,"90","261","Other"
302,"2","2","2","2",NA,NA,NA,NA,"4","2","1","1","1","1",NA,NA,NA,"2","1","2","1","1","1",NA,NA,NA,"1","3","3","2","2","2",NA,NA,NA,"2","4","4","2","2","3",NA,NA,NA,"4","4","4","2","1","1",NA,NA,NA,"2","4",NA,"5","5","3",NA,NA,NA,"4","3","3","3","3","3",NA,NA,NA,"4","5","5",NA,NA,NA,"4","4","4","4","3","3","3","3","3",NA,NA,NA,"4","5","5",NA,NA,NA,"4","5","5","5","5","4",NA,NA,NA,"5","5","5","5","4","4","5","5","5",NA,NA,NA,"5","5","5",NA,NA,NA,"4","5","5","5","5","5",NA,NA,NA,"5","5","5","5","5","5",NA,NA,NA,"5","5","4","5","5","2","4","48","2",NA,"4","1","1",NA,"151","278","Other"
254,"2","3","4","3","4",NA,NA,NA,"1","4","4","3","3","3",NA,NA,NA,"5","3","3","3","3","3",NA,NA,NA,"4","4","4","3","3","3",NA,NA,NA,"5","3","4","2","2","2",NA,NA,NA,"1","1","1","1","1","1",NA,NA,NA,"1","2","2","1","1","1",NA,NA,NA,"1","2","2","1","1","1",NA,NA,NA,"1","4","4","2","3","2",NA,NA,NA,"2","3","3","2","3","1",NA,NA,NA,"2","4","3","3","3","1",NA,NA,NA,"2","3","4","2","3","2",NA,NA,NA,"2","4","5","3","3","3",NA,NA,NA,"1","3","4","3","3","3",NA,NA,NA,"1","3","3","3","3","3",NA,NA,NA,"2","4","4","3","3","3",NA,NA,NA,"1","5","2","4","59","2",NA,"5","4","9","Multi racial","146","181","Other"
247,"2","2","2","2","2",NA,NA,NA,"2","1","1","1","1","1",NA,NA,NA,"1","1","1","1","1","1",NA,NA,NA,"1","2","2","2","2","2",NA,NA,NA,"2","2","3","2","2","2",NA,NA,NA,"2","2","2","2","2","2",NA,NA,NA,"2","2","3","2","2","2",NA,NA,NA,"2","3","3","2","2","2",NA,NA,NA,"2","3","3","3","3","3",NA,NA,NA,"3","3","3","2","2","2",NA,NA,NA,"2","3","4","3","3","3",NA,NA,NA,"3","3","3","2","2","2",NA,NA,NA,"2","5","4",NA,NA,NA,"4","4","3","4","4","4","5","4","5",NA,NA,NA,"5","5","5",NA,NA,NA,"3","3","3","3","5","5",NA,NA,NA,"3","3","3","3","5","2","4","45","2",NA,"5","4","7",NA,NA,NA,NA
88,"3","4","2","1","1",NA,NA,NA,"1","1","1","1","1","1",NA,NA,NA,"1","1","1","1","1","1",NA,NA,NA,"1","4","4","1","1","1",NA,NA,NA,"1","4","4","1","1","1",NA,NA,NA,"1","1","1","1","1","1",NA,NA,NA,"1","3","3","1","1","1",NA,NA,NA,"2","4","4","1","1","1",NA,NA,NA,"1","4","4","2","2","2",NA,NA,NA,"3","2","2","2","2","2",NA,NA,NA,"2","5","5",NA,NA,NA,"5","5","5","5","4","4","3","4","3",NA,NA,NA,"4","4","4","3","3","3",NA,NA,NA,"3","3","4","3","3","3",NA,NA,NA,"3","4","4","3","3","3",NA,NA,NA,"3","4","4","3","3","3",NA,NA,NA,"3","5","2","4","32","3",NA,"3","5","7",NA,"107","244","Region #3"
57,"3","3","1","1","1",NA,NA,NA,"1","2","2","1","1","1",NA,NA,NA,"1","1","1","1","1","1",NA,NA,NA,"1","3","3","1","1","1",NA,NA,NA,"1","3","3","2","2","2",NA,NA,NA,"2","2","2","2","2","2",NA,NA,NA,"2","4","4","2","2","2",NA,NA,NA,"2","3","3","2","2","2",NA,NA,NA,"2","5","5",NA,NA,NA,"3","3","3","3","4","4","3","3","3",NA,NA,NA,"2","5","5",NA,NA,NA,"3","3","4","5","4","4","3","3","3",NA,NA,NA,"3","4","4","3","3","3",NA,NA,NA,"3","4","4","3","3","3",NA,NA,NA,"3","5","5",NA,NA,NA,"5","5","5","5","5","5",NA,NA,NA,"3","3","3","4","5","2","4","42","1",NA,"4","6","7",NA,"207","162","Region #6"
4,"2","2","2","2","2",NA,NA,NA,"2","2","2","2","2","2",NA,NA,NA,"2","2","1","2","2","2",NA,NA,NA,"2","2","2","2","2","2",NA,NA,NA,"1","2","2","2","2","2",NA,NA,NA,"2","2","2","2","2","2",NA,NA,NA,"2","2","2","2","2","2",NA,NA,NA,"2","2","2","2","2","2",NA,NA,NA,"2","4","4","3","2","3",NA,NA,NA,"3","4","4","2","3","3",NA,NA,NA,"3","3","3","3","3","2",NA,NA,NA,"2","3","3","2","2","2",NA,NA,NA,"2","3","5","3","3","3",NA,NA,NA,"2","4","3","3","3","3",NA,NA,NA,"3","4","4","3","3","3",NA,NA,NA,"3","4","4","3","3","3",NA,NA,NA,"3","2","2","4","30","2",NA,"6","4","3,5,7",NA,NA,NA,NA
213,"2","3","2","3","3",NA,NA,NA,"2","2","2","2","2","2",NA,NA,NA,"2","3","3","2","2","2",NA,NA,NA,"2","1","1","2","2","2",NA,NA,NA,"1","4","4","2","2","2",NA,NA,NA,"2","3","3","2","2","1",NA,NA,NA,"1","3","3","2","2","1",NA,NA,NA,"2","3","3","2","2","1",NA,NA,NA,"2","5","5",NA,NA,NA,"3","3","3","5","5","5",NA,NA,NA,"2","2","2","4","5","5",NA,NA,NA,"5","5","5","5","4","4","2","2","3",NA,NA,NA,"2","5","5",NA,NA,NA,"2","2","3","5","5","5",NA,NA,NA,"2","2","3","5","5","5",NA,NA,NA,"5","5","5","5","4","4","2","2","4",NA,NA,NA,"3","5","2","4","63","1",NA,"5","5","7",NA,"171","178","Region #5"
100,"1","2","3","3","3",NA,NA,NA,NA,"1","2","1","2","2",NA,NA,NA,"2","2","2","1","2","2",NA,NA,NA,"1","2","2","2","1","2",NA,NA,NA,"2","3","3","2","1","2",NA,NA,NA,"3","2","3","2","2","2",NA,NA,NA,"2","2","2","2","2","2",NA,NA,NA,"2","2","2","2","2","2",NA,NA,NA,"2","3","3","2","3","2",NA,NA,NA,"3","4","4","3","3","3",NA,NA,NA,"2","3","3","3","3","3",NA,NA,NA,"3","4","4","3","3","3",NA,NA,NA,"3","4","3","3","3","2",NA,NA,NA,"3","3","4","3","3","3",NA,NA,NA,"3","3","4","3","3","3",NA,NA,NA,"3","4","3","3","3","3",NA,NA,NA,"3","5","2","4","38","1",NA,"5","6","3",NA,"189","188","Region #5"
174,"3","3","1","1","1",NA,NA,NA,"1","1","1","1","1","1",NA,NA,NA,"1","1","1","1","1","1",NA,NA,NA,"1","2","2","1","2","1",NA,NA,NA,"1","3","3","1","2","2",NA,NA,NA,"1","2","2","1","1","1",NA,NA,NA,"1","1","1","1","1","1",NA,NA,NA,"2","3","3","2","2","2",NA,NA,NA,"1","3","3","2","2","2",NA,NA,NA,"2","3","3","2","3","3",NA,NA,NA,"2","3","3","2","2","1",NA,NA,NA,"2","3","3","3","3","2",NA,NA,NA,"2","4","4","3","2","3",NA,NA,NA,"2","3","3","3","2","3",NA,NA,NA,"3","3","3","2","2","3",NA,NA,NA,"2","4","4","2","3","3",NA,NA,NA,"2","5","2","4","20","2",NA,"8","3","7",NA,"255","121","Region #7"
25,"3","4","1","1","1",NA,NA,NA,"1","1","1","1","1","1",NA,NA,NA,"1","1","2","1","1","1",NA,NA,NA,"1","3","2","1","1","1",NA,NA,NA,"1","3","4","1","1","1",NA,NA,NA,"2","2","3","1","2","2",NA,NA,NA,"1","3","3","1","1","1",NA,NA,NA,"2","2","2","2","2","2",NA,NA,NA,"2","4","4","3","3","3",NA,NA,NA,"2","4","4","2","2","2",NA,NA,NA,"2","5","5",NA,NA,NA,"3","3","3","4","4","4","3","3","3",NA,NA,NA,"3","4","4","3","3","3",NA,NA,NA,"3","4","4","2","2","2",NA,NA,NA,"3","4","4","2","2","2",NA,NA,NA,"3","4","4","3","3","3",NA,NA,NA,"3","5","2","4","40","2",NA,"2","3","7",NA,"111","287","Region #2"
71,"2","4","1","1","1",NA,NA,NA,"1","1","1","1","1","1",NA,NA,NA,"1","1","1","1","1","1",NA,NA,NA,"1","1","1","1","1","1",NA,NA,NA,"1","2","4","1","1","1",NA,NA,NA,"2","1","1","1","1","1",NA,NA,NA,"1","2","1","1","1","1",NA,NA,NA,"1","1","1","1","1","1",NA,NA,NA,"1","4","4","3","3","3",NA,NA,NA,"3","3","3","3","3","3",NA,NA,NA,"3","5","4",NA,NA,NA,"4","4","4","4","3","3","3","3","3",NA,NA,NA,"3","4","4","3","3","3",NA,NA,NA,"3","3","3","3","2","3",NA,NA,NA,"2","4","4","4","4","4",NA,NA,NA,"4","3","3","3","3","3",NA,NA,NA,"3","5","2","4","31","3",NA,"4","13","7",NA,"122","218","Other"
204,"4","3","1","2","1",NA,NA,NA,"2","1","1","1","1","2",NA,NA,NA,"1","1","1","1","1","1",NA,NA,NA,"2","3","2","1","1","1",NA,NA,NA,"1","5","4",NA,NA,NA,"1","1","1","2","3","2","2","1","1",NA,NA,NA,"3","4","3","1","1","1",NA,NA,NA,"3","4","4","2","1","2",NA,NA,NA,"3","5","5",NA,NA,NA,"2","3","3","4","3","5","3","3","3",NA,NA,NA,"2","5","5",NA,NA,NA,"2","2","3","5","3","5","3","3","2",NA,NA,NA,"3","4","3","2","1","3",NA,NA,NA,"4","3","4","2","3","2",NA,NA,NA,"2","5","5",NA,NA,NA,"3","3","4","4","4","5","2","2","3",NA,NA,NA,"3","5","2","4","25","1",NA,"4","3","7",NA,"215","118","Region #7"
39,"3","4","2","2","2",NA,NA,NA,"2","2","2","2","2","2",NA,NA,NA,"2","2","2","2","2","2",NA,NA,NA,"2","3","3","2","2","2",NA,NA,NA,"2","3","4","1","1","1",NA,NA,NA,"2","3","3","2","1","1",NA,NA,NA,"2","3","3","2","2","2",NA,NA,NA,"2","3","3","2","2","2",NA,NA,NA,"2","4","4","3","3","3",NA,NA,NA,"3","4","4","3","3","3",NA,NA,NA,"3","4","4","3","3","3",NA,NA,NA,"3","4","4","3","3","3",NA,NA,NA,"3","4","4","3","3","3",NA,NA,NA,"3","4","4","3","3","3",NA,NA,NA,"3","4","4","3","3","3",NA,NA,NA,"3","4","4","3","3","3",NA,NA,NA,"3","5","2","4","49","2",NA,"7","6","7",NA,"216","142","Region #6,Region #7"
292,"4","4","1","1","1",NA,NA,NA,"1","2","2","1","1","1",NA,NA,NA,"1","1","1","1","1","1",NA,NA,NA,"1","4","4","1","1","1",NA,NA,NA,"1","4","4","1","1","1",NA,NA,NA,"1","2","2","1","1","1",NA,NA,NA,"1","2","2","1","1","1",NA,NA,NA,"1","3","3","1","1","1",NA,NA,NA,"1","4","4","1","1","1",NA,NA,NA,"1","3","3","1","1","1",NA,NA,NA,"1","4","4","1","1","1",NA,NA,NA,"1","4","4","1","1","1",NA,NA,NA,"1","4","4","2","2","2",NA,NA,NA,"3","4","4","3","3","3",NA,NA,NA,"1","4","4","2","2","2",NA,NA,NA,"1","4","4","2","2","2",NA,NA,NA,"2","5","2","4","35","1",NA,"5","5","7",NA,"179","191","Region #5"
8,"3","4","3","3","3",NA,NA,NA,"2","2","2","1","1","1",NA,NA,NA,"1","1","1","1","1","1",NA,NA,NA,"1","2","4","2","2","2",NA,NA,NA,"2","3","4","2","2","2",NA,NA,NA,"3","2","2","2","2","2",NA,NA,NA,"1","3","3","1","1","1",NA,NA,NA,"2","3","4","1","2","2",NA,NA,NA,"2","4","4","3","2","2",NA,NA,NA,"3","3","4","3","3","2",NA,NA,NA,"2","5","5",NA,NA,NA,"2","2","2","2","4","4","3","3","3",NA,NA,NA,"2","4","4","4","4","4",NA,NA,NA,"3","4","4","3","2","3",NA,NA,NA,"2","5","5",NA,NA,NA,"4","4","4","4","4","4","2","3","3",NA,NA,NA,"4","5","2","4","40","1",NA,"7","5","7",NA,"241","110","Other"
344,"4","4","1","1","1",NA,NA,NA,"4","5","4",NA,NA,NA,"2","1","1","3","3","2","1","1","1",NA,NA,NA,"4","5","5",NA,NA,NA,"2","1","1","4","2","3","1","1","1",NA,NA,NA,"2","3","4","2","2","2",NA,NA,NA,"3","2","2","1","1","1",NA,NA,NA,"2","3","4","2","2","1",NA,NA,NA,"2","3","3","1","1","2",NA,NA,NA,"2","3","3","1","1","1",NA,NA,NA,"2","2","2","1","1","1",NA,NA,NA,"2","3","3","1","1","2",NA,NA,NA,"2","4","3","2","4","4",NA,NA,NA,"4","5","5",NA,NA,NA,"3","2","4","2","5","5",NA,NA,NA,"5","4","5","5","4","4","2","3","2",NA,NA,NA,"2","5","2","4","48","2",NA,"2","13","7",NA,"138","264","Other"
243,"3","3","2","2","2",NA,NA,NA,"1","1","1","2","1","1",NA,NA,NA,"1","1","1","1","1","1",NA,NA,NA,"1","1","1","1","1","2",NA,NA,NA,"1","3","3","2","2","2",NA,NA,NA,"2","2","2","2","2","2",NA,NA,NA,"1","2","2","1","2","1",NA,NA,NA,"2","2","2","2","2","1",NA,NA,NA,"2","4","3","3","3","3",NA,NA,NA,"4","3","3","3","2","2",NA,NA,NA,"2","5","4",NA,NA,NA,"5","3","5","4","3","3","2","2","2",NA,NA,NA,"2","4","4","3","2","3",NA,NA,NA,"4","4","4","2","2","2",NA,NA,NA,"4","5","4",NA,NA,NA,"4","4","4","4","4","4","2","2","3",NA,NA,NA,"4","5","2","4","36","2",NA,"6","6","7",NA,"198","192","Region #5"
90,"1","1","1","1","1",NA,NA,NA,"1","1","1","1","1","1",NA,NA,NA,"1","1","1","1","1","1",NA,NA,NA,"1","1","1","1","1","1",NA,NA,NA,"1","2","2","2","2","2",NA,NA,NA,"1","1","2","2","2","2",NA,NA,NA,"2","3","3","1","1","2",NA,NA,NA,"2","2","1","1","2","2",NA,NA,NA,"2","3","4","2","2","2",NA,NA,NA,"2","3","2","1","2","1",NA,NA,NA,"1","3","4","2","2","2",NA,NA,NA,"2","3","3","1","2","2",NA,NA,NA,"2","5","5",NA,NA,NA,"3","4","3","4","5","5",NA,NA,NA,"3","3","3","4","5","5",NA,NA,NA,"5","4","4","4","5","5",NA,NA,NA,"4","3","3","4","1","4","4","32","1",NA,"4","13","3",NA,"157","253","Region #3"
241,"1","1","1","1","1",NA,NA,NA,"1","1","1","1","1","1",NA,NA,NA,"1","1","1","1","1","1",NA,NA,NA,"1","2","2","1","1","1",NA,NA,NA,"1","2","3","2","2","2",NA,NA,NA,"2","2","2","2","2","2",NA,NA,NA,"2","2","2","2","1","2",NA,NA,NA,"2","2","3","2","2","2",NA,NA,NA,"2","3","3","3","3","3",NA,NA,NA,"3","3","3","3","3","3",NA,NA,NA,"3","3","3","3","3","3",NA,NA,NA,"3","3","3","3","3","3",NA,NA,NA,"3","3","3","3","3","3",NA,NA,NA,"3","3","3","3","3","3",NA,NA,NA,"3","3","3","3","3","3",NA,NA,NA,"3","3","3","3","3","2",NA,NA,NA,"3","5","2","4","78","2",NA,"7","6","2",NA,"212","143","Region #6,Region #7"
108,"1","3","1","1","1",NA,NA,NA,"1","1","1","1","1","1",NA,NA,NA,"1","1","1","1","1","1",NA,NA,NA,"1","1","1","1","1","1",NA,NA,NA,"1","3","3","2","2","2",NA,NA,NA,"1","1","2","1","1","1",NA,NA,NA,"1","2","2","1","1","1",NA,NA,NA,"2","2","2","2","2","2",NA,NA,NA,"1","4","4","1","1","1",NA,NA,NA,"1","2","2","1","3","2",NA,NA,NA,"1","5","5",NA,NA,NA,"1","1","1","3","3","3","2","1","1",NA,NA,NA,"1","4","4","3","3","3",NA,NA,NA,"4","4","4","1","1","1",NA,NA,NA,"1","5","5",NA,NA,NA,"3","3","3","5","4","4","2","2","2",NA,NA,NA,"4","5","2","4","47","2",NA,"7","5","7",NA,"218","167","Region #6"
21,"3","3","2","2","2",NA,NA,NA,"2","3","3","2","2","2",NA,NA,NA,"2","2","2","1","1","1",NA,NA,NA,"1","4","4","2","2","2",NA,NA,NA,"2","4","4","2","2","2",NA,NA,NA,"2","3","3","2","2","2",NA,NA,NA,"2","3","3","2","2","2",NA,NA,NA,"2","3","3","2","2","2",NA,NA,NA,"2","4","4","3","3","3",NA,NA,NA,"4","3","3","2","3","3",NA,NA,NA,"2","4","4","2","2","2",NA,NA,NA,"3","4","4","3","3","3",NA,NA,NA,"4","4","4","2","3","3",NA,NA,NA,"4","3","3","2","3","3",NA,NA,NA,"2","5","5",NA,NA,NA,"3","3","3","4","4","4","3","3","3",NA,NA,NA,"4","5","2","4","37","2",NA,"7","5","2",NA,"177","148","Region #6"
142,"3","3","2","2","2",NA,NA,NA,"1","2","2","1","2","2",NA,NA,NA,"1","3","2","1","2","2",NA,NA,NA,"1","3","3","1","1","2",NA,NA,NA,"1","4","4","3","3","3",NA,NA,NA,"2","3","3","1","2","2",NA,NA,NA,"2","3","2","1","2","2",NA,NA,NA,"1","3","3","2","2","2",NA,NA,NA,"2","3","3","3","3","3",NA,NA,NA,"2","3","3","2","2","2",NA,NA,NA,"3","5","4",NA,NA,NA,"5","2","2","3","5","4",NA,NA,NA,"2","2","2","3","5","5",NA,NA,NA,"3","3","3","4","4","4","2","2","2",NA,NA,NA,"2","5","4",NA,NA,NA,"2","2","2","3","4","4","2","2","2",NA,NA,NA,"3","5","2","4","67","2",NA,"1","5","7",NA,"123","215","Other"
38,"3","3","1","1","1",NA,NA,NA,"2","2","2","1","1","1",NA,NA,NA,"2","2","1","1","1","1",NA,NA,NA,"2","3","2","2","1","1",NA,NA,NA,"4","3","3","2","2","2",NA,NA,NA,"2","2","2","2","2","1",NA,NA,NA,"1","3","3","2","3","2",NA,NA,NA,"2","3","2","2","2","2",NA,NA,NA,"2","4","4","3","3","3",NA,NA,NA,"2","1","1","2","1","1",NA,NA,NA,"1","4","4","1","2","1",NA,NA,NA,"2","2","3","2","2","1",NA,NA,NA,"1","5","5",NA,NA,NA,"4","4","3","3","3","3","3","3","3",NA,NA,NA,"3","5","5",NA,NA,NA,"4","5","3","3","5","5",NA,NA,NA,"4","3","3","3","5","2","4","39","2",NA,"7","6","7",NA,"242","145","Region #6"
295,"1","3","1","1","1",NA,NA,NA,"1","1","1","1","1","1",NA,NA,NA,"1","1","1","1","1","1",NA,NA,NA,"1","1","1","1","1","1",NA,NA,NA,"1","3","3","1","1","1",NA,NA,NA,"2","1","1","1","1","1",NA,NA,NA,"1","1","1","1","1","1",NA,NA,NA,"1","1","3","1","1","1",NA,NA,NA,"1","3","4","1","1","4",NA,NA,NA,"2","1","1","1","1","1",NA,NA,NA,"1","3","3","1","1","1",NA,NA,NA,"2","3","3","1","1","1",NA,NA,NA,"2","4","4","1","1","4",NA,NA,NA,"2","3","3","1","2","2",NA,NA,NA,"3","4","4","1","3","4",NA,NA,NA,"3","4","4","2","2","4",NA,NA,NA,"2","5","2","4","30","2",NA,"5","5","3",NA,"218","154","Region #6"
182,"4","4","2","2","2",NA,NA,NA,"2","2","2","1","1","1",NA,NA,NA,"2","1","1","1","1","1",NA,NA,NA,"1","3","3","1","1","2",NA,NA,NA,"2","4","4","3","3","3",NA,NA,NA,"3","2","3","1","2","2",NA,NA,NA,"2","2","2","1","1","1",NA,NA,NA,"2","3",NA,"1","2","2",NA,NA,NA,"2","5","5",NA,NA,NA,"3","3","3","4","2","2","2","2","2",NA,NA,NA,"2","3","3","2","2","2",NA,NA,NA,"2","4","4","3","3","3",NA,NA,NA,"4","4","3","3","3","3",NA,NA,NA,"3","3","3","3","3","3",NA,NA,NA,"2","4","4","3","3","3",NA,NA,NA,"3","4","4","3","3","3",NA,NA,NA,"3","5","2","4","61","2",NA,"5","2","7",NA,"180","194","Region #5"
326,"1","3","2","2","2",NA,NA,NA,"2","2","2","2","2","2",NA,NA,NA,"2","2","2","1","1","1",NA,NA,NA,"1","3","3","1","1","1",NA,NA,NA,"2","4","4","3","2","3",NA,NA,NA,"2","3","3","2","2","2",NA,NA,NA,"2","2","2","1","2","1",NA,NA,NA,"2","2","4","1","2","2",NA,NA,NA,"2","5","5",NA,NA,NA,"2","2","3","3","3","3","3","3","3",NA,NA,NA,"3","4","4","3","3","3",NA,NA,NA,"3","2","4","2","2","3",NA,NA,NA,"3","4","4","3","3","3",NA,NA,NA,"3","5","5",NA,NA,NA,"3","3","3","3","5","5",NA,NA,NA,"2","3","3","3","4","5","3","3","3",NA,NA,NA,"3","5","2","4","50","2",NA,"7","13","3",NA,"256","114","Region #7"
359,"3","3","2","2","2",NA,NA,NA,"2","1","1","1","1","1",NA,NA,NA,"1","1","1","1","1","1",NA,NA,NA,"1","2","2","1","1","1",NA,NA,NA,"2","4","4","2","3","3",NA,NA,NA,"2","2","3","2","2","2",NA,NA,NA,"2","3","3","2","2","2",NA,NA,NA,"2","3","3","2","2","2",NA,NA,NA,"2","4","4","3","3","3",NA,NA,NA,"4","3","4","2","3","2",NA,NA,NA,"2","4","4","3","3","2",NA,NA,NA,"3","4","4","2","3","3",NA,NA,NA,"3","4","4","3","4","3",NA,NA,NA,"3","3","4","2","3","3",NA,NA,NA,"3","5","5",NA,NA,NA,"4","5","5","3","3","3","2","2","3",NA,NA,NA,"3","5","2","4","35","2",NA,"7","3","7",NA,"165","151","Other"
358,"3","4","3","3","3",NA,NA,NA,"3","3","3","3","3","3",NA,NA,NA,"2","2","2","1","1","1",NA,NA,NA,"2","4","4","3","3","3",NA,NA,NA,"2","3","3","2","2","2",NA,NA,NA,"2","1","1","1","1","1",NA,NA,NA,"1","4","4","2","2","2",NA,NA,NA,"3","3","3","3","2","2",NA,NA,NA,"3","4","4","2","3","2",NA,NA,NA,"4","2","2","2","2","2",NA,NA,NA,"2","5","5",NA,NA,NA,"3","3","3","5","3","3","3","3","3",NA,NA,NA,"3","5","5",NA,NA,NA,"4","4","4","5","3","4","3","3","3",NA,NA,NA,"3","5","5",NA,NA,NA,"4","4","4","5","5","5",NA,NA,NA,"3","3","3","3","5","2","4","40","1",NA,"6","5","7",NA,"235","122","Region #7"
112,"4",NA,"4","4","3",NA,NA,NA,"3","2","2","2","2","2",NA,NA,NA,"1","1","1","1","1","1",NA,NA,NA,"1","3","3","2","2","2",NA,NA,NA,"1","2","4","3","4","3",NA,NA,NA,"3","2","2","2","1","2",NA,NA,NA,"1","3",NA,"1","2","2",NA,NA,NA,"1","3","3","2","2","1",NA,NA,NA,"2","5","5",NA,NA,NA,"4","4","5","4","3","3","2","2","2",NA,NA,NA,"2","5","5",NA,NA,NA,"2","2","2","4","4","4","2","2","2",NA,NA,NA,"2","5","5",NA,NA,NA,"3","3","3","4","5","5",NA,NA,NA,"3","3","3","3","5","5",NA,NA,NA,"3","3","3","3","4","4","3","3","3",NA,NA,NA,"3","5","2","4","38","2",NA,"7","4","4",NA,"183","188","Region #5"
217,"3","3","1","2","2",NA,NA,NA,"2","1","2","1","1","1",NA,NA,NA,"1","1","1","1","1","1",NA,NA,NA,"1","3","3","2","1","2",NA,NA,NA,"3","3","4","2","2","2",NA,NA,NA,"3","2","2","2","2","2",NA,NA,NA,"1","3","3","2","2","2",NA,NA,NA,"3","3","3","4","2","2",NA,NA,NA,"3","5","4",NA,NA,NA,"4","4","4","5","3","3","2","2","2",NA,NA,NA,"3","4","4","3","3","3",NA,NA,NA,"3","4","4","2","2","2",NA,NA,NA,"4","5","4",NA,NA,NA,"4","4","4","5","4","4","3","3","3",NA,NA,NA,"3","5","5",NA,NA,NA,"3","3","3","5","5","5",NA,NA,NA,"3","3","3","5","5","2","4","63","2",NA,"6","6","7",NA,"235","124","Region #7"
313,"3","4","2","2","2",NA,NA,NA,"2","3","3","1","1","1",NA,NA,NA,"1","2","2","1","1","1",NA,NA,NA,"2","3","4","1","2","1",NA,NA,NA,"2","4","4","2","2","1",NA,NA,NA,"3","4","3","2","2","2",NA,NA,NA,"3","3","2","1","1","1",NA,NA,NA,"4","4","4","2","2","2",NA,NA,NA,"3","4","4","3","3","3",NA,NA,NA,"4","4","4","2","2","2",NA,NA,NA,"4","5","5",NA,NA,NA,"2","2","2","4","4","4","2","2","2",NA,NA,NA,"4","5","5",NA,NA,NA,"4","4","4","5","5","5",NA,NA,NA,"4","4","4","5","5","5",NA,NA,NA,"5","5","4","5","5","5",NA,NA,NA,"4","4","4","5","5","2","4","50","1",NA,"7","5","7",NA,"228","127","Region #7"
234,"3","3","2","2","2",NA,NA,NA,"2","3","5","2","2","2",NA,NA,NA,"3","3","3","2","2","1",NA,NA,NA,"2","3","4","2","2","2",NA,NA,NA,"2","3","3","2","2","2",NA,NA,NA,"2","2","2","2","2","2",NA,NA,NA,"2","3","3","2","2","2",NA,NA,NA,"2","2","2","2","2","2",NA,NA,NA,"2","5","4",NA,NA,NA,"2","2","2","3","4","4","2","2","2",NA,NA,NA,"2","5","5",NA,NA,NA,"3","3","3","4","4","4","4","4","3",NA,NA,NA,"3","5","5",NA,NA,NA,"3","3","3","3","4","5","3","3","3",NA,NA,NA,"4","5","5",NA,NA,NA,"5","5","4","4","5","5",NA,NA,NA,"3","3","3","4","5","2","4","29","2",NA,"6","5","7",NA,"271","164","Other"
309,"3","4","2","2","3",NA,NA,NA,"1","3","3","1","1","1",NA,NA,NA,"1","2","3","1","1","1",NA,NA,NA,"2","3","3","2","2","1",NA,NA,NA,"2","3","2","2","2","2",NA,NA,NA,"2","3","3","2","2","2",NA,NA,NA,"2","3","3","1","1","1",NA,NA,NA,"2","4","4","2","2","3",NA,NA,NA,"4","4","3","3","3","3",NA,NA,NA,"4","4","4","3","3","3",NA,NA,NA,"4","5","5",NA,NA,NA,"2","2","4","5","5","5",NA,NA,NA,"3","3","4","5","4","5","5","4","3",NA,NA,NA,"4","4","4","2","2","3",NA,NA,NA,"3","5","5",NA,NA,NA,"5","5","5","5","5","5",NA,NA,NA,"4","4","3","5","5","2","4","31","3",NA,"6","5","7",NA,"211","125","Region #7"
147,"4","4","2","2","2",NA,NA,NA,"1","2","2","2","2","1",NA,NA,NA,"1","1","1","1","1","1",NA,NA,NA,"1","4","4","2","2","2",NA,NA,NA,"1","5","5",NA,NA,NA,"3","3","3","5","4","4","3","3","3",NA,NA,NA,"4","5","5",NA,NA,NA,"4","4","4","5","5","5",NA,NA,NA,"3","3","3","5","4","4","3","3","3",NA,NA,NA,"3","3","3","3","3","3",NA,NA,NA,"2","5","5",NA,NA,NA,"3","3","3","3","5","5",NA,NA,NA,"3","3","3","3","5","5",NA,NA,NA,"3","3","3","5","5","5",NA,NA,NA,"3","3","3","5","5","5",NA,NA,NA,"3","3","3","4","5","5",NA,NA,NA,"3","3","3","5","5","2","4","35","1",NA,"7","6","7",NA,"249","106","Region #8"
279,"1","4","2","3","1",NA,NA,NA,"1","1","1","1","1","1",NA,NA,NA,"1","1","1","1","1","1",NA,NA,NA,"1","2","2","1","1","1",NA,NA,NA,"1","1","4","1","1","1",NA,NA,NA,"1","1","1","1","1","1",NA,NA,NA,"1","1","1","1","1","1",NA,NA,NA,"1","1","1","1","1","1",NA,NA,NA,"1","3","3","2","1","1",NA,NA,NA,"3","3","3","1","1","1",NA,NA,NA,"1","5","5",NA,NA,NA,"2","2","2","5","3","4","2","2","2",NA,NA,NA,"1","4","4","3","3","3",NA,NA,NA,"5","4","4","2","2","2",NA,NA,NA,"2","5","5",NA,NA,NA,"5","5","3","5","4","4","2","2","3",NA,NA,NA,"2","5","2","4","36","2",NA,"7","6","7",NA,"197","137","Other"
315,"3","3","3","3","3",NA,NA,NA,"4","3","3","1","1","1",NA,NA,NA,"2","1","1","1","1","1",NA,NA,NA,"1","3","4","1","1","1",NA,NA,NA,"4","3","4","2","2","3",NA,NA,NA,"2","1","1","1","1","1",NA,NA,NA,"1","2","2","2","2","1",NA,NA,NA,"2","1","1","1","1","1",NA,NA,NA,"1","3","4","2","2","3",NA,NA,NA,"3","2","2","2","2","2",NA,NA,NA,"2","3","4","2","2","2",NA,NA,NA,"3","3","3","1","1","1",NA,NA,NA,"2","4","4","4","3","3",NA,NA,NA,"4","4","4","3","2","3",NA,NA,NA,"4","5","5",NA,NA,NA,"4","4","3","5","5","5",NA,NA,NA,"2","2","3","5","5","2","4","23","2",NA,"6","2","7",NA,"145","181","Other"
61,"3","3","2","3","2",NA,NA,NA,"3","1","1","2","2","1",NA,NA,NA,"1","1","1","1","1","1",NA,NA,NA,"1","2","2","2","2","2",NA,NA,NA,"1","3","4","2","3","3",NA,NA,NA,"2","1","1","1","1","1",NA,NA,NA,"1","1","2","1","1","1",NA,NA,NA,"1","2","3","1","2","1",NA,NA,NA,"2","2","3","3","4","4",NA,NA,NA,"2","4","4","2","3","3",NA,NA,NA,"3","5","5",NA,NA,NA,"3","3","3","4","4","4","3","3","3",NA,NA,NA,"3","3","3","3","3","3",NA,NA,NA,"2","3","3","3","2","2",NA,NA,NA,"3","5","4",NA,NA,NA,"2","2","3","4","4","4","3","3","3",NA,NA,NA,"3","5","2","4","27","3",NA,"3","5","7",NA,"184","185","Region #5"
319,"3","3","1","1","1",NA,NA,NA,"2","1","1","1","1","1",NA,NA,NA,"1","1","1","1","1","1",NA,NA,NA,"1","1","1","1","1","1",NA,NA,NA,"1","3","4","1","2","1",NA,NA,NA,"2","2","2","1","1","1",NA,NA,NA,"1","2","2","1","1","1",NA,NA,NA,"2","4","4","2","1","2",NA,NA,NA,"2","4","4","2","2","2",NA,NA,NA,"2","3","3","2","2","2",NA,NA,NA,"2","5","5",NA,NA,NA,"4","4","3","5","5","5",NA,NA,NA,"3","4","3","4","5","5",NA,NA,NA,"3","2","3","5","5","5",NA,NA,NA,"2","2","3","4","5","5",NA,NA,NA,"4","4","3","5","5","5",NA,NA,NA,"3","5","3","5","5","2","4","41","1",NA,"7","5","7",NA,"240","111","Other"
130,"3","2","2","2","2",NA,NA,NA,"2","2","3","2","2","2",NA,NA,NA,"2","3","3","2","2","2",NA,NA,NA,"3","4","4","2","2","2",NA,NA,NA,"2","3","3","2","2","2",NA,NA,NA,"2","3","3","2","2","2",NA,NA,NA,"2","2","4","2","2","2",NA,NA,NA,"2","3","3","2","2","2",NA,NA,NA,"2","3","2","2","2","2",NA,NA,NA,"2","3","3","2","2","2",NA,NA,NA,"2","3","3","2","2","2",NA,NA,NA,"2","3","3","2","2","2",NA,NA,NA,"2","4","3","3","3","3",NA,NA,NA,"3","3","4","2","3","3",NA,NA,NA,"3","4","4","3","3","2",NA,NA,NA,"3","3","4","3","2","3",NA,NA,NA,"3","5","2","4","66","2",NA,"7","6","7",NA,"185","175","Region #5"
357,"4","4","2","2","2",NA,NA,NA,"4","3","3","1","1","1",NA,NA,NA,"3","4","4","1","1","1",NA,NA,NA,"4","4","4","2","2","2",NA,NA,NA,"4","3","3","2","2","2",NA,NA,NA,"3","3","3","2","2","2",NA,NA,NA,"2","2","2","2","2","2",NA,NA,NA,"2","3","3","1","2","2",NA,NA,NA,"2","3","3","3","3","3",NA,NA,NA,"3","4","4","2","2","2",NA,NA,NA,"3","4","4","3","3","3",NA,NA,NA,"3","4","3","3","3","4",NA,NA,NA,"4","4","4","3","3","4",NA,NA,NA,"3","3","4","3","3","3",NA,NA,NA,"3","5","5",NA,NA,NA,"3","3","3","3","4","4",NA,"4","4",NA,NA,NA,"3","5","2","4","48","1",NA,"6","5","7",NA,NA,NA,NA
53,"4","4","2","3","2",NA,NA,NA,"1","3","3","2","3","2",NA,NA,NA,"2","3","3","2","3","2",NA,NA,NA,"1","3","3","2","3","2",NA,NA,NA,"2","3","3","2","2","2",NA,NA,NA,"2","3","3","2","3","2",NA,NA,NA,"2","5","5",NA,NA,NA,"2","3","2","3","3","4","2","3","2",NA,NA,NA,"1","3","4","3","3","3",NA,NA,NA,"3","4","4","3","3","3",NA,NA,NA,"2","5","5",NA,NA,NA,"3","3","3","5","3","3","3","3","3",NA,NA,NA,"2","5","5",NA,NA,NA,"3","2","3","3","5","5",NA,NA,NA,"3","3","3","4","5","5",NA,NA,NA,"5","5","5","5","5","5",NA,NA,NA,"2","2","3","3","5","2","4","61","2",NA,"7","3","7",NA,"168","223","Region #4"
314,"3","4","2","2","2",NA,NA,NA,"2","2","2","2","2","2",NA,NA,NA,"2","2","2","2","2","2",NA,NA,NA,"2","4","4","2","2","2",NA,NA,NA,"2","3","3","2","2","2",NA,NA,NA,"2","4","3","2","2","2",NA,NA,NA,"2","3","3","2","2","2",NA,NA,NA,"2","3","3","2","2","2",NA,NA,NA,"2","5","5",NA,NA,NA,"3","3","3","3","3","4","3","3","3",NA,NA,NA,"3","5","5",NA,NA,NA,"3","3","3","3","5","5",NA,NA,NA,"3","3","3","3",NA,"5","3","3","3",NA,NA,NA,"4","5","5",NA,NA,NA,"4","3","3","5","5","5",NA,NA,NA,"5","5","5","5","5","5",NA,NA,NA,"3","3","3","3","5","2","4","55","1",NA,"7","3","7",NA,"218","147","Region #6"
145,"4","4","2","2","2",NA,NA,NA,"4","2","2","1","1","1",NA,NA,NA,"1","1","1","1","1","1",NA,NA,NA,"1","3","4","2","1","2",NA,NA,NA,"2","4","4","2","2","3",NA,NA,NA,"3","2","2","2","2","3",NA,NA,NA,"2","3","3","2","2","2",NA,NA,NA,"2","4","4","2","3","2",NA,NA,NA,"3","4","4","3","3","3",NA,NA,NA,"4","3","3","3","3","3",NA,NA,NA,"3","4","4","3","3","3",NA,NA,NA,"3","4","4","3","3","3",NA,NA,NA,"3","5","5",NA,NA,NA,"3","4","3","3","4","5","3","2","3",NA,NA,NA,"3","5","5",NA,NA,NA,"3","3","3","4","5","5",NA,NA,NA,"3","3","3","3","5","2","4","34","2",NA,"7","5","7",NA,"165","185","Region #5"
351,"3","4","2","2","2",NA,NA,NA,"1","3","3","1","1","1",NA,NA,NA,"2","1","2","1","1","1",NA,NA,NA,"1","3","3","2","2","2",NA,NA,NA,"1","3","3","2","2","2",NA,NA,NA,"1","3","3","2","2","2",NA,NA,NA,"1","3","3","2","2","2",NA,NA,NA,"2","3","3","2","2","2",NA,NA,NA,"2","4","5","2","3","2",NA,NA,NA,"2","3","3","2","3","2",NA,NA,NA,"2","4","4","2","3","2",NA,NA,NA,"2","5","5",NA,NA,NA,"2","3","2","2","5","5",NA,NA,NA,"3","4","3","3","5","5",NA,NA,NA,"3","3","3","3","5","5",NA,NA,NA,"5","5","5","4","5","5",NA,NA,NA,"4","3","3","4","5","2","4","56","1",NA,"5","2","4",NA,"181","189","Region #5"
164,"1","1","1","1","1",NA,NA,NA,"2","1","1","1","1","1",NA,NA,NA,"1","2","2","1","1","1",NA,NA,NA,"1","1","1","1","1","1",NA,NA,NA,"1","4","4","3","3","3",NA,NA,NA,"3","3","3","2","2","2",NA,NA,NA,"2","4","4","3","3","3",NA,NA,NA,"2","4","4","3","3","3",NA,NA,NA,"2","3","3","3","3","3",NA,NA,NA,"2","3","3","3","3","3",NA,NA,NA,"2","3","4","3","3","3",NA,NA,NA,"4","2","2","2","2","2",NA,NA,NA,"3","4","4","3","3","3",NA,NA,NA,"4","4","4","3","3","3",NA,NA,NA,"3","5","5",NA,NA,NA,"3","3","3","5","4","4","3","3","3",NA,NA,NA,"4","5","2","4","24","1",NA,"5","5","7",NA,"149","184","Other"
81,"4","4","4","4","3",NA,NA,NA,"3","2","2","1","1","1",NA,NA,NA,"1","1","1","1","1","1",NA,NA,NA,"1","4","4","2","2","2",NA,NA,NA,"3","4","4","2","2","2",NA,NA,NA,"2","3","3","2","2","1",NA,NA,NA,"2","3","3","1","1","1",NA,NA,NA,"2","4","4","2","2","2",NA,NA,NA,"2","4","4","3","3","3",NA,NA,NA,"3","3","3","2","2","2",NA,NA,NA,"2","3","3","2","2","2",NA,NA,NA,"2","4","4","3","2","3",NA,NA,NA,"3","5","5",NA,NA,NA,"3","3","3","3","5","5",NA,NA,NA,"3","3","3","5","5","5",NA,NA,NA,"4","3","3","5","4","4","3","3","3",NA,NA,NA,"3","5","2","4","50","2",NA,"5","2","1,7",NA,"160","165","Other"
110,"2","4","2","2","2",NA,NA,NA,"2","3","3","1","1","1",NA,NA,NA,"2","2","2","1","1","1",NA,NA,NA,"2","3","3","1","1","1",NA,NA,NA,"2","3","4","1","1","1",NA,NA,NA,"1","1","1","1","1","1",NA,NA,NA,"1","2","2","1","1","1",NA,NA,NA,"1","2","1","1","1","1",NA,NA,NA,"1","5","5",NA,NA,NA,"2","2","2","3","3","3","2","2","2",NA,NA,NA,"2","3","4","2","2","2",NA,NA,NA,"2","4","4","2","2","2",NA,NA,NA,"3","4","4","3","3","3",NA,NA,NA,"5","4","4","3","3","3",NA,NA,NA,"3","5","5",NA,NA,NA,"3","3","3","5","4","4","2","2","3",NA,NA,NA,"3","5","2","4","34","2",NA,"7","5","7",NA,"152","184","Region #5"
268,"4","4","2","3","2",NA,NA,NA,"2","1","1","2","1","1",NA,NA,NA,"1","1","1","1","1","1",NA,NA,NA,"1","2","2","1","1","1",NA,NA,NA,"1","4","4","2","2","2",NA,NA,NA,"2","2","2","2","2","2",NA,NA,NA,"2","2","2","2","2","2",NA,NA,NA,"2","4","4","2","2","1",NA,NA,NA,"1","4","4","2","2","2",NA,NA,NA,"2","2","2","2","2","2",NA,NA,NA,"2","4","1","1","2","2",NA,NA,NA,"2","4","4","2","3","3",NA,NA,NA,"2","5","5",NA,NA,NA,"3","3","3","3","4","4","2","2","3",NA,NA,NA,"3","4","4","2","3","3",NA,NA,NA,"3","4","4","3","3","3",NA,NA,NA,"3","5","2","4","21","2",NA,"4","2","7",NA,NA,NA,NA
141,"2","3","3","2","3",NA,NA,NA,"2","3","2","2","2","2",NA,NA,NA,"2","2","2","1","1","1",NA,NA,NA,"2","4","4","4","4","4",NA,NA,NA,"3","3","4","3","3","3",NA,NA,NA,"2","2","3","2","2","2",NA,NA,NA,"2","3","3","2","2","2",NA,NA,NA,"2","4","3","3","3","3",NA,NA,NA,"3","4","5","3","3","3",NA,NA,NA,"4","3","3","2","2","2",NA,NA,NA,"3","4","4","3","3","3",NA,NA,NA,"4","4","4","4","4","4",NA,NA,NA,"3","4","4","3","2","3",NA,NA,NA,"3","4","4","2","2","2",NA,NA,NA,"3","5","5",NA,NA,NA,"3","3","3","3","3","3","4","4","4",NA,NA,NA,"2","5","2","4","37","1",NA,"4","5","7",NA,"145","203","Region #4"
193,"1","1","1","1","1",NA,NA,NA,"1","1","1","1","1","1",NA,NA,NA,"1","1","1","1","1","1",NA,NA,NA,"1","1","3","1","1","1",NA,NA,NA,"1","1","2","1","2","2",NA,NA,NA,"1","1","2","1","1","1",NA,NA,NA,"1","1","1","1","1","1",NA,NA,NA,"1","2","2","1","1","1",NA,NA,NA,"1","3","3","2","3","3",NA,NA,NA,"2","3","3","2","3","3",NA,NA,NA,"3","4","4","3","3","3",NA,NA,NA,"4","4","4","2","3","3",NA,NA,NA,"3","4","4","3","3","3",NA,NA,NA,"4","4","4","3","3","3",NA,NA,NA,"4","4","4","3","3","3",NA,NA,NA,"3","4","4","3","3","3",NA,NA,NA,"4","5","2","4","48","1",NA,"6","5","3",NA,"188","148","Region #6"
89,"3","3","2","2","2",NA,NA,NA,"2","2","2","2","2","3",NA,NA,NA,"2","1","1","1","1","1",NA,NA,NA,"1","3","3","2","2","2",NA,NA,NA,"2","3","3","2","2","2",NA,NA,NA,"2","2","2","2","2","2",NA,NA,NA,"2","2","2","2","2","2",NA,NA,NA,"2","3","3","2","2","2",NA,NA,NA,"2","3","3","2","2","2",NA,NA,NA,"2","3","3","3","3","2",NA,NA,NA,"3","4","4","3","3","3",NA,NA,NA,"3","3","3","2","2","2",NA,NA,NA,"2","4","4","2","3","3",NA,NA,NA,"2","4","4","3","3","3",NA,NA,NA,"2","4","4","3","3","3",NA,NA,NA,"3","4","4","2","3","3",NA,NA,NA,"2","5","2","4","68","2",NA,"7","5","7",NA,"228","125","Region #7"
144,"1","3","2","2","1",NA,NA,NA,"1","3","3","1","1","1",NA,NA,NA,"2","3","2","1","1","1",NA,NA,NA,"2","2","3","1","1","1",NA,NA,NA,"2","3","4","1","1","1",NA,NA,NA,"2","1","1","1","1","1",NA,NA,NA,"1","2","3","2","1","1",NA,NA,NA,"2","1","2","1","1","1",NA,NA,NA,"1","3","4","1","2","1",NA,NA,NA,"2","2","4","2","2","2",NA,NA,NA,"3","3","5","2","2","3",NA,NA,NA,"3","2","4","2","2","2",NA,NA,NA,"3","4","5","3","3","3",NA,NA,NA,"3","3","4","3","2","3",NA,NA,NA,"3","5","5",NA,NA,NA,"4","4","4","4","4","5","2","2","3",NA,NA,NA,"3","5","2","4","33","2",NA,"5","5","7",NA,"222","147","Region #6"
161,"3","5","1","1","1",NA,NA,NA,"2","1","1","1","1","1",NA,NA,NA,"1","1","1","1","1","1",NA,NA,NA,"1","3","3","1","1","1",NA,NA,NA,"2","3","5","3","3","3",NA,NA,NA,"3","5","5",NA,NA,NA,"3","3","3","4","5","5",NA,NA,NA,"3","3","3","4","5","5",NA,NA,NA,"3","3","3","4","5","5",NA,NA,NA,"3","3","3","4","4","4","3","3","3",NA,NA,NA,"5","4","5","3","3","3",NA,NA,NA,"5","5","5",NA,NA,NA,"3","3","3","3","5","5",NA,NA,NA,"3","3","3","5","5","5",NA,NA,NA,"3","3","3","5","5","5",NA,NA,NA,"3","3","3","5","5","5",NA,NA,NA,"3","3","3","5","5","2","4","56","1",NA,"3","3","7",NA,NA,NA,NA
365,"1","2","3","4","3",NA,NA,NA,"1","3","3","2","2","2",NA,NA,NA,"2","2","3","2","2","2",NA,NA,NA,"1","3","3","2","2","2",NA,NA,NA,"2","1","3","1","1","1",NA,NA,NA,"1","1","2","1","1","1",NA,NA,NA,"1","1","1","1","1","1",NA,NA,NA,"1","3","3","2","2","2",NA,NA,NA,"2","4","4","3","2","3",NA,NA,NA,"3","3","3","2","2","2",NA,NA,NA,"2","4","4","2","2","2",NA,NA,NA,"3","5","5",NA,NA,NA,"2","2","2","3","4","4","3","3","3",NA,NA,NA,"4","3","3","2","2","2",NA,NA,NA,"3","3","3","2","2","2",NA,NA,NA,"2","4","5","4","4","4",NA,NA,NA,"3","5","2","4","44","2",NA,"5","5","7",NA,"151","238","Region #3"
148,"3","3","1","1","1",NA,NA,NA,"1","3","3","1","1","1",NA,NA,NA,"1","1","1","1","1","1",NA,NA,NA,"1","3","3","1","1","1",NA,NA,NA,"1","4","5","2","2","2",NA,NA,NA,"2","3","4","2","2","1",NA,NA,NA,"2","5","4",NA,NA,NA,"2","2","2","3","5","5",NA,NA,NA,"4","4","4","2","4","4","2","2","2",NA,NA,NA,"2","3","4","2","2","2",NA,NA,NA,"2","5","5",NA,NA,NA,"5","5","5","5","4","4","2","2","2",NA,NA,NA,"2","5","4",NA,NA,NA,"4","4","4","4","5","5",NA,NA,NA,"2","2","3","2","5","5",NA,NA,NA,"5","5","5","3","5","5",NA,NA,NA,"4","4","4","3","5","2","4","69","2",NA,"7","5","7",NA,"257","127","Region #7"
232,"3","4","1","1","1",NA,NA,NA,"4","3","4","2","2","2",NA,NA,NA,"4","2","3","1","1","1",NA,NA,NA,"2","5","5",NA,NA,NA,"1","2","1","4","1","4","2","2","2",NA,NA,NA,"2","1","2","2","2","2",NA,NA,NA,"1","3","3","1","1","1",NA,NA,NA,"2","2","4","1","1","1",NA,NA,NA,"2","4","4","3","4","4",NA,NA,NA,"4","4","5","4","4","4",NA,NA,NA,"4","5","5",NA,NA,NA,"4","5","4","5","5","5",NA,NA,NA,"3","4","5","5","3","4","2","1","2",NA,NA,NA,"2","5","5",NA,NA,NA,"2","2","3","5","5","5",NA,NA,NA,"3","4","4","5","5","5",NA,NA,NA,"1","2","2","4","5","2","4","43","2",NA,"7","4","7",NA,"167","171","Region #5"
106,"3","4","1","1","2",NA,NA,NA,"2","3","3","1","2","1",NA,NA,NA,"2","2","1","1","1","1",NA,NA,NA,"2","3","4","2","2","2",NA,NA,NA,"2","4","4","2","2","2",NA,NA,NA,"2","2","3","2","2","2",NA,NA,NA,"2","3","3","2","2","2",NA,NA,NA,"2","3","3","2","2","2",NA,NA,NA,"2","3","4","2","2","2",NA,NA,NA,"2","2","4","2","2","2",NA,NA,NA,"3","4","4","2","2","2",NA,NA,NA,"2","3","4","2","2","2",NA,NA,NA,"2","4","4","2","2","3",NA,NA,NA,"2","4","5","3","3","2",NA,NA,NA,"3","4","5","3","3","3",NA,NA,NA,"3","3","4","2","3","3",NA,NA,NA,"2","5","2","4","32","2",NA,"6","2","7",NA,"216","160","Region #6"
179,"2","3","2","2","2",NA,NA,NA,"2","3","2","2","2","2",NA,NA,NA,"2","2","2","1","1","2",NA,NA,NA,"1","1","1","2","2","2",NA,NA,NA,"2","3","3","2","2","2",NA,NA,NA,"2","3","3","2","2","2",NA,NA,NA,"2","3","3","2","2","2",NA,NA,NA,"2","3","3","2","2","2",NA,NA,NA,"2","3","3","2","2","2",NA,NA,NA,"4","3","3","2","2","2",NA,NA,NA,"3","3","4","3","3","3",NA,NA,NA,"3","4","4","2","2","2",NA,NA,NA,"2","5","5",NA,NA,NA,"3","3","3","3","5","5",NA,NA,NA,"3","3","3","3","4","4","3","3","3",NA,NA,NA,"3","5","5",NA,NA,NA,"3","3","3","3","2","2","4","26","1",NA,"1","11","7",NA,"215","131","Region #7"
212,"3","3","1","2","2",NA,NA,NA,"2","1","1","1","1","1",NA,NA,NA,"1","1","1","1","1","1",NA,NA,NA,"1","3","3","1","1","2",NA,NA,NA,"2","4","4","3","3","3",NA,NA,NA,"3","3","3","2","2","2",NA,NA,NA,"3","3","3","2","2","2",NA,NA,NA,"3","3","3","2","2","2",NA,NA,NA,"3","4","4","3","3","3",NA,NA,NA,"5","3","3","2","2","2",NA,NA,NA,"3","4","5","3","3","3",NA,NA,NA,"3","4","5","3","3","3",NA,NA,NA,"3","4","4","3","3","3",NA,NA,NA,"3","4","4","2","2","2",NA,NA,NA,"3","5","5",NA,NA,NA,"3","3","3","3","5","5",NA,NA,NA,"4","4","4","5","5","2","4","54","1",NA,"6","6","7",NA,"235","121","Region #7"
63,"3","4","2","2","2",NA,NA,NA,"2","3","3","2","2","2",NA,NA,NA,"2","3","3","2","2","2",NA,NA,NA,"2","3","3","2","2","2",NA,NA,NA,"2","3","4","2","2","2",NA,NA,NA,"2","3","3","2","2","2",NA,NA,NA,"2","3","3","2","2","2",NA,NA,NA,"2","3","4","2","2","2",NA,NA,NA,"2","3","4","2","2","2",NA,NA,NA,"2","3","3","2","2","2",NA,NA,NA,"2","3","3","2","2","2",NA,NA,NA,"2","3","3","2","2","2",NA,NA,NA,"2","4","5","3","3","3",NA,NA,NA,"2","3","3","2","3","2",NA,NA,NA,"2","3","3","2","3","2",NA,NA,NA,"2","4","4","3","3","2",NA,NA,NA,"2","5","3","4","69","2",NA,"1","2","3",NA,"173","194","Region #5"
273,"3","3","2","2","2",NA,NA,NA,"3","3","3","3","3","3",NA,NA,NA,"2","2","2","2","2","2",NA,NA,NA,"2","3","3","2","2","3",NA,NA,NA,"3","3","3","3","3","3",NA,NA,NA,"3","3","3","3","3","3",NA,NA,NA,"2","2","2","2","3","2",NA,NA,NA,"3","3","3","2","2","2",NA,NA,NA,"2","4","4","3","3","3",NA,NA,NA,"3","4","4","3","3","3",NA,NA,NA,"3","5","5",NA,NA,NA,"3","3","3","3","4","4","3","3","3",NA,NA,NA,"3","5","5",NA,NA,NA,"3","3","3","3","5","5",NA,NA,NA,"3","3","3","3","5","5",NA,NA,NA,"4","4","3","4","5","5",NA,NA,NA,"3","3","3","3","5","2","4","60","2",NA,"5","4","3",NA,"247","124","Region #7"
264,"4","4","3","3","3",NA,NA,NA,"5","1","1","1","1","1",NA,NA,NA,"1","1","1","1","1","1",NA,NA,NA,"1","3","3","2","3","3",NA,NA,NA,"3","4","4","3","3","3",NA,NA,NA,"3","3","3","2","2","2",NA,NA,NA,"2","2","2","3","3","3",NA,NA,NA,"2","3","3","3","3","3",NA,NA,NA,"3","4","4","3","3","3",NA,NA,NA,"3","3","3","3","3","4",NA,NA,NA,"3","3","3","3","3","3",NA,NA,NA,"3","3","3","3","3","3",NA,NA,NA,"3","4","4","5","5","5",NA,NA,NA,"4","4","4","3","3","3",NA,NA,NA,"3","4","4","3","4","3",NA,NA,NA,"3","3","4","3","3","3",NA,NA,NA,"3","5","4","4","30","1",NA,"6","11","7",NA,"217","163","Region #6"
235,"4","4","1","1","1",NA,NA,NA,"2","2","2","1","1","1",NA,NA,NA,"1","1","1","1","1","1",NA,NA,NA,"1","3","3","2","2","2",NA,NA,NA,"2","4","4","2","2","2",NA,NA,NA,"2","2","2","2","2","2",NA,NA,NA,"2","3","3","2","2","2",NA,NA,NA,"2","3","4","2","2","2",NA,NA,NA,"2","5","5",NA,NA,NA,"3","4","4","5","4","4","3","3","3",NA,NA,NA,"3","5","5",NA,NA,NA,"5","5","5","5","5","5",NA,NA,NA,"5","3","5","5","5","5",NA,NA,NA,"5","5","5","5","5","5",NA,NA,NA,"5","5","5","5","5","5",NA,NA,NA,"5","5","5","5","5","5",NA,NA,NA,"5","5","5","5","5","2","4","56","2",NA,"7","5","7",NA,"205","124","Region #7"
321,"1","1","1","1","1",NA,NA,NA,"1","1","1","1","1","1",NA,NA,NA,"1","1","1","1","1","1",NA,NA,NA,"1","1","1","1","1","1",NA,NA,NA,"1","2","2","1","1","1",NA,NA,NA,"1","2","2","1","1","1",NA,NA,NA,"1","2","2","1","1","1",NA,NA,NA,"1","2","2","1","1","1",NA,NA,NA,"1","4","4","3","3","3",NA,NA,NA,"3","3","3","2","2","2",NA,NA,NA,"2","3","3","3","3","3",NA,NA,NA,"3","3","3","2","2","2",NA,NA,NA,"2","5","5",NA,NA,NA,"5","5","5","5","4","4","3","3","4",NA,NA,NA,"5","4","4","5","5","5",NA,NA,NA,"5","4","4","4","4","4",NA,NA,NA,"5","5","2","4","45","2",NA,"6","5","3",NA,"129","216","Region #4"
255,"2","2","5","5","5",NA,NA,NA,"1","5","5",NA,NA,NA,"3","3","3","5","5","5",NA,NA,NA,"3","3","3","5","5","5",NA,NA,NA,"3","3","3","5","5","5",NA,NA,NA,"5","5","5","5","3","4","2","2","3",NA,NA,NA,"2","3","3","2","2","2",NA,NA,NA,"2","3","3","2","2","2",NA,NA,NA,"2","5","5",NA,NA,NA,"5","5","5","4","3","3","2","2","2",NA,NA,NA,"2","3","3","2","2","2",NA,NA,NA,"2","4","4","2","2","2",NA,NA,NA,"2","4","5","5","5","5",NA,NA,NA,"3","4","3","3","2","2",NA,NA,NA,"3","5","4",NA,NA,NA,"2","2","2","3","4","4","3","3","3",NA,NA,NA,"3","5","2","4","66","2",NA,"5","5","2,7",NA,"221","119","Region #7"
227,"1","3","2","2","2",NA,NA,NA,"1","2","2","2","2","2",NA,NA,NA,"2","2","2","2","2","2",NA,NA,NA,"2","2","2","2","2","2",NA,NA,NA,"2","2","3","2","2","2",NA,NA,NA,"2","2","2","2","2","2",NA,NA,NA,"1","2","3","2","2","1",NA,NA,NA,"2","2","3","2","2","2",NA,NA,NA,"2","5","4",NA,NA,NA,"2","3","2","2","4","4","3","3","2",NA,NA,NA,"2","5","5",NA,NA,NA,"3","3","2","3","4","4","3","2","2",NA,NA,NA,"2","5","5",NA,NA,NA,"3","3","3","4","5","5",NA,NA,NA,"3","3","3","4","5","5",NA,NA,NA,"3","3","3","4","5","5",NA,NA,NA,"3","3","3","4","5","2","4","58","2",NA,"5","3","7",NA,"159","183","Region #5"
261,"1","5","3","3","3",NA,NA,NA,"3","1","1","1","1","1",NA,NA,NA,"1","1","1","1","1","1",NA,NA,NA,"1","1","1","1","1","1",NA,NA,NA,"1","5","5",NA,NA,NA,"5","5","5","3","1","1","1","1","1",NA,NA,NA,"1","1","1","1","1","1",NA,NA,NA,"1","1","1","1","1","1",NA,NA,NA,"1","4","4","3","3","3",NA,NA,NA,"3","2","2","2","2","2",NA,NA,NA,"2","2","2","2","2","2",NA,NA,NA,"2","2","2","1","2","2",NA,NA,NA,"2","4","4","3","3","3",NA,NA,NA,"3","3","3","2","2","2",NA,NA,NA,"3","3","3","2","2","2",NA,NA,NA,"3","3","3","3","2","3",NA,NA,NA,"3","5","2","4","31","2",NA,"6","5","7",NA,"194","119","Other"
65,"3","3","2","3","2",NA,NA,NA,"3","3","4","3","3","3",NA,NA,NA,"2","4","4","2","2","2",NA,NA,NA,"2","3","3","3","3","3",NA,NA,NA,"2","3","3","3","3","3",NA,NA,NA,"2","5","4",NA,NA,NA,"3","3","3","3","3","4","3","3","3",NA,NA,NA,"2","5","4",NA,NA,NA,"3","3","3","3","3","3","3","3","3",NA,NA,NA,"3","3","3","3","3","3",NA,NA,NA,"3","3","3","3","3","3",NA,NA,NA,"3","5","5",NA,NA,NA,"3","3","3","3","3","4","3","3","3",NA,NA,NA,"2","3","3","3","3","3",NA,NA,NA,"3","4","4","3","3","3",NA,NA,NA,"3","5","5",NA,NA,NA,"3","3","3","3","3","3","4","58","1",NA,"7","5","4",NA,NA,NA,NA
366,"2","4","2","2","2",NA,NA,NA,"2","2","2","2","2","2",NA,NA,NA,"2","1","2","1","1","1",NA,NA,NA,"1","4","4","3","2","2",NA,NA,NA,"3","1","1","2","2","2",NA,NA,NA,"1","1","2","1","1","2",NA,NA,NA,"1","1","2","2","2","2",NA,NA,NA,"1","3","4","2","2","2",NA,NA,NA,"2","2","3","2","2","2",NA,NA,NA,"2","2","2","2","2","2",NA,NA,NA,"2","2","2","1","2","2",NA,NA,NA,"2","2","3","2","2","3",NA,NA,NA,"2","3","3","2","2","4",NA,NA,NA,"2","4","3","3","3","4",NA,NA,NA,"3","4","3","2","2","4",NA,NA,NA,"3","4","4","3","3","3",NA,NA,NA,"3","5","2","4","66","2",NA,"2","2","3",NA,"276","132","Other"
229,"3","3","3","3","4",NA,NA,NA,"4","2","3","2","1","1",NA,NA,NA,"2","4","3","1","2","1",NA,NA,NA,"1","2","3","2","2","2",NA,NA,NA,"1","3","3","2","2","2",NA,NA,NA,"2","3","4","2","2","2",NA,NA,NA,"2","2","3","2","2","2",NA,NA,NA,"2","3","3","2","2","2",NA,NA,NA,"2","3","4","2","2","2",NA,NA,NA,"2","4","4","2","2","3",NA,NA,NA,"2","3","3","2","2","2",NA,NA,NA,"2","4","4","2","2","2",NA,NA,NA,"2","2","3","2","2","2",NA,NA,NA,"3","4","4","3","1","2",NA,NA,NA,"2","3","4","3","2","2",NA,NA,NA,"2","4","4","2","5","2",NA,NA,NA,"2","5","2","4","36","1",NA,"3","3","7",NA,"144","251","Region #3"
30,"3","3","2","2","2",NA,NA,NA,"1","1","1","1","2","1",NA,NA,NA,"1","1","1","1","1","1",NA,NA,NA,"1","3","3","2","2","1",NA,NA,NA,"1","3","3","2","2","2",NA,NA,NA,"2","2","2","2","2","2",NA,NA,NA,"1","2","2","2","2","2",NA,NA,NA,"1","3","3","2","2","2",NA,NA,NA,"1","5","5",NA,NA,NA,"3","3","3","3","5","5",NA,NA,NA,"3","3","3","3","5","5",NA,NA,NA,"3","3","4","3","5","5",NA,NA,NA,"3","3","3","3","4","4","2","2","3",NA,NA,NA,"3","4","4","2","3","3",NA,NA,NA,"3","5","5",NA,NA,NA,"3","3","3","3","4","4","2","2","3",NA,NA,NA,"3","5","2","4","52","2",NA,"4","3","7",NA,"163","209","Region #4"
11,"4","4","2","2","1",NA,NA,NA,"2","2","2","1","1","2",NA,NA,NA,"1","2","1","1","1","1",NA,NA,NA,"1","3","4","2","2","3",NA,NA,NA,"2","4","4","1","1","1",NA,NA,NA,"2","1","3","1","1","1",NA,NA,NA,"1","1","2","1","1","1",NA,NA,NA,"1","3","4","2","1","1",NA,NA,NA,"1","3","4","2","2","2",NA,NA,NA,"1","2","2","2","2","2",NA,NA,NA,"1","2","2","2","2","2",NA,NA,NA,"2","4","4","2","2","2",NA,NA,NA,"3","5","5",NA,NA,NA,"3","2","3","5","5","5",NA,NA,NA,"3","3","3","4","5","4",NA,NA,NA,"3","3","3","5","4","4","3","3","3",NA,NA,NA,"3","5","2","4","43","2",NA,"5","4","3",NA,"148","182","Other"
111,"1","1","1","2","1",NA,NA,NA,"1","1","2","1","1","1",NA,NA,NA,"1","1","1","1","1","1",NA,NA,NA,"2","1","1","1","1","1",NA,NA,NA,"1","2","1","1","1","1",NA,NA,NA,"1","1","1","2","1","1",NA,NA,NA,"1","1","1","1","1","1",NA,NA,NA,"1","1","1","1","1","1",NA,NA,NA,"1","3","3","3","2","2",NA,NA,NA,"2","2","2","2","2","2",NA,NA,NA,"2","3","2","2","2","2",NA,NA,NA,"2","3","3","2","2","3",NA,NA,NA,"2","3","4","2","3","3",NA,NA,NA,"2","3","3","2","2","3",NA,NA,NA,"2","3","3","2","2","3",NA,NA,NA,"2","4","3","3","3","2",NA,NA,NA,"2","5","2","4","41","2",NA,"5","3","3,4",NA,"169","190","Region #5"
156,"2","3","4","4","4",NA,NA,NA,"2","3","3","2","2","2",NA,NA,NA,"2","3","3","3","3","3",NA,NA,NA,"2","3","3","2","2","2",NA,NA,NA,"2","3","3","2","2","2",NA,NA,NA,"2","3","3","2","2","2",NA,NA,NA,"2","3","3","2","2","2",NA,NA,NA,"2","3","3","2","2","2",NA,NA,NA,"2","3","3","2","2","3",NA,NA,NA,"2","4","4","2","2","2",NA,NA,NA,"4","5","5",NA,NA,NA,"2","2","2","4","4","4","2","2","2",NA,NA,NA,"4","4","4","3","3","3",NA,NA,NA,"4","5","5",NA,NA,NA,"3","3","3","4","4","5","3","3","3",NA,NA,NA,"4","4","4","3","3","3",NA,NA,NA,"4","5","2","4","44","2",NA,"5","5","7",NA,"199","178","Region #5"
79,"2","3","3","3","3",NA,NA,NA,"3","3","3","3","3","3",NA,NA,NA,"3","4","3","3","3","3",NA,NA,NA,"3","3","3","3","3","3",NA,NA,NA,"3","3","3","3","3","3",NA,NA,NA,"3","3","3","3","3","3",NA,NA,NA,"3","3","3","3","3","3",NA,NA,NA,"3","3","3","3","3","3",NA,NA,NA,"3","4","4","3","3","3",NA,NA,NA,"3","3","3","3","3","3",NA,NA,NA,"3","3","3","3","3","3",NA,NA,NA,"3","3","3","3","3","3",NA,NA,NA,"3","5","4",NA,NA,NA,"5","5","4","3","4","4","2","2","3",NA,NA,NA,"2","5","5",NA,NA,NA,"2","2","3","3","4","4","2","2","3",NA,NA,NA,"3","5","2","4","27","1",NA,"6","5","7",NA,"158","178","Region #5"
75,"1","1","2","2","2",NA,NA,NA,"2","1","1","1","1","1",NA,NA,NA,"1","1","1","1","1","1",NA,NA,NA,"1","2","2","2","2","2",NA,NA,NA,"2","1","1","1","1","1",NA,NA,NA,"1","2","1","2","2","2",NA,NA,NA,"2","1","1","1","1","1",NA,NA,NA,"1","1","1","1","1","1",NA,NA,NA,"1","4","4","2","2","2",NA,NA,NA,"2","3","3","1","1","1",NA,NA,NA,"2","1","1","1","1","1",NA,NA,NA,"1","5","5",NA,NA,NA,"2","2","2","4","4","4","3","3","3",NA,NA,NA,"4","3","3","2","2","2",NA,NA,NA,"2","2","2","2","2","2",NA,NA,NA,"2","4","4","2","2","3",NA,NA,NA,"4","5","2","4","37","2",NA,"4","5","7",NA,"167","202","Region #4"
249,"1","1","1","1","1",NA,NA,NA,"1","1","1","1","1","1",NA,NA,NA,"1","1","1","1","1","1",NA,NA,NA,"1","1","1","1","1","1",NA,NA,NA,"1","3","2","2","2","2",NA,NA,NA,"2","2","2","1","1","1",NA,NA,NA,"2","2","2","2","2","3",NA,NA,NA,"1","3","3","2","2","2",NA,NA,NA,"2","5","5",NA,NA,NA,"3","3","3","3","5","5",NA,NA,NA,"3","3","3","3","5","5",NA,NA,NA,"3","3","3","3","5","5",NA,NA,NA,"3","3","3","3","4","4","3","3","3",NA,NA,NA,"5","4","4","3","3","3",NA,NA,NA,"3","5","5",NA,NA,NA,"3","3","3","3","5","5",NA,NA,NA,"2","2","2","3","1","1","4","37","2",NA,"1","2","7",NA,"72","314","Region #1"
266,"3","3","2","2","2",NA,NA,NA,"3","1","1","2","2","2",NA,NA,NA,"1","1","1","1","1","1",NA,NA,NA,"1","1","1","1","2","2",NA,NA,NA,"2","2","4","1","2","2",NA,NA,NA,"1","2","2","2","2","2",NA,NA,NA,"2","1","1","1","1","1",NA,NA,NA,"1","3","3","1","1","1",NA,NA,NA,"1","5","4",NA,NA,NA,"4","5","4","4","3","3","2","2","2",NA,NA,NA,"2","5","5",NA,NA,NA,"3","5","4","5","4","5","4","5","5",NA,NA,NA,"4","5","4",NA,NA,NA,"4","5","5","5","5","5",NA,NA,NA,"4","5","5","5","5","5",NA,NA,NA,"4","5","5","5","5","5",NA,NA,NA,"4","5","5","5","5","2","4","54","2",NA,"5","2","4",NA,"214","156","Region #6"
216,"1","1","1","1","1",NA,NA,NA,"1","1","1","1","1","1",NA,NA,NA,"1","1","1","1","1","1",NA,NA,NA,"1","1","1","1","1","1",NA,NA,NA,"1","2","2","2","2","2",NA,NA,NA,"2","2","2","2","2","2",NA,NA,NA,"2","2","2","2","2","2",NA,NA,NA,"2","2","2","2","2","2",NA,NA,NA,"2","3","3","2","2","2",NA,NA,NA,"2","3","3","2","2","2",NA,NA,NA,"2","3","3","2","2","2",NA,NA,NA,"2","3","3","2","2","2",NA,NA,NA,"2","3","3","3","3","3",NA,NA,NA,"3","5","3",NA,NA,NA,"3","3","3","3","3","3","3","3","3",NA,NA,NA,"2","3","3","3","3","3",NA,NA,NA,"2","5","2","4","36","2",NA,"7","6","7",NA,"208","150","Region #6"
26,"5","5",NA,NA,NA,"2","3","2","1","2","1","1","1","1",NA,NA,NA,"1","1","1","1","1","1",NA,NA,NA,"1","5","5",NA,NA,NA,"1","2","2","3","3","3","3","3","2",NA,NA,NA,"3","3","3","2","2","2",NA,NA,NA,"3","3","3","3","3","3",NA,NA,NA,"3","3","3","3","3","3",NA,NA,NA,"3","3","3","3","3","3",NA,NA,NA,"3","3","3","3","3","3",NA,NA,NA,"3","3","3","3","3","3",NA,NA,NA,"3","3","3","3","3","3",NA,NA,NA,"3","5","5",NA,NA,NA,"5","5","5","5","5","5",NA,NA,NA,"5","5","5","5","5","5",NA,NA,NA,"5","5","5","5","5","5",NA,NA,NA,"5","5","5","5","5","3","4","67","1",NA,"5","6","7",NA,"259","92","Region #8"
239,"4","5","3","3","3",NA,NA,NA,"5","1","1","2","2","2",NA,NA,NA,"2","2","1","1","1","1",NA,NA,NA,"1","2","4","3","3","3",NA,NA,NA,"4","3","3","3","3","3",NA,NA,NA,"3","3","3","3","3","3",NA,NA,NA,"3","3","3","3","3","3",NA,NA,NA,"3","3","3","3","3","3",NA,NA,NA,"3","3","3","3","3","3",NA,NA,NA,"3","3","3","3","3","3",NA,NA,NA,"3","3","3","2","3","3",NA,NA,NA,"3","2","4","2","3","3",NA,NA,NA,"3","3","3","3","3","3",NA,NA,NA,"3","3","3","3","3","3",NA,NA,NA,"3","3","3","3","3","3",NA,NA,NA,"3","3","4","3","3","3",NA,NA,NA,"3","5","2","4","33","1",NA,"7","5","3",NA,"182","153","Region #6"
286,"2","3","2","2","2",NA,NA,NA,"2","1","1","1","1","1",NA,NA,NA,"1","1","1","1","1","1",NA,NA,NA,"1","1","1","1","1","1",NA,NA,NA,"1","3","3","3","3","3",NA,NA,NA,"2","2","2","2","3","2",NA,NA,NA,"2","2","1","2","3","2",NA,NA,NA,"2","2","2","2","3","2",NA,NA,NA,"2","3","3","2","2","2",NA,NA,NA,"2","2","2","1","1","1",NA,NA,NA,"2","2","2","2","2","1",NA,NA,NA,"2","3","5","3","3","4",NA,NA,NA,"2","4","5","5","5","5",NA,NA,NA,"3","3","5","3","3","3",NA,NA,NA,"2","4","5","3","3","3",NA,NA,NA,"3","4","5","5","5","5",NA,NA,NA,"4","5","2","4","40","2",NA,"6","5","3,4",NA,"192","199","Region #5"
73,"3","3","2","2","2",NA,NA,NA,"4","3","3","2","2","2",NA,NA,NA,"3","3","3","3","3","3",NA,NA,NA,"2","3","3","1","2","2",NA,NA,NA,"3","2","1","1","1","1",NA,NA,NA,"1","2","2","1","1","1",NA,NA,NA,"1","1","1","1","1","1",NA,NA,NA,"1","2","1","1","1","1",NA,NA,NA,"2","5","5",NA,NA,NA,"5","5","5","5","4","4","4","4","4",NA,NA,NA,"4","5","5",NA,NA,NA,"5","5","5","5","4","4","4","4","4",NA,NA,NA,"4","4","4","5","5","2",NA,NA,NA,"3","4","4","3","3","3",NA,NA,NA,"4","3","3","3","3","3",NA,NA,NA,"3","4","4","3","3","2",NA,NA,NA,"4","5","2","4","22","1",NA,"1","3","7",NA,NA,NA,NA
362,"1","1","1","1","1",NA,NA,NA,"1","1","1","1","1","1",NA,NA,NA,NA,"2","1","1","1","1",NA,NA,NA,"1","1","1","1","1","1",NA,NA,NA,"1","1","2","2","2","2",NA,NA,NA,"1","2","2","2","2","2",NA,NA,NA,"2","2","1","2","2","2",NA,NA,NA,"2","2","2","2","1","2",NA,NA,NA,"2","2","4","1","1","2",NA,NA,NA,"2","2","2","2","1","2",NA,NA,NA,NA,"3","2","2","1","2",NA,NA,NA,"2","1","2","2","1","2",NA,NA,NA,"2","5","3",NA,NA,NA,"3","3","3","3","4","4","4","5","4",NA,NA,NA,"3","3","5","5","5","5",NA,NA,NA,"3","3","4","4","4","4",NA,NA,NA,"5","5","2","4","20","2",NA,"2","2","3",NA,"120","207","Other"
77,"5","4",NA,NA,NA,"4","5","4","5","1","1","1","1","1",NA,NA,NA,"1","1","1","1","1","1",NA,NA,NA,"1","1","2","1","1","1",NA,NA,NA,"1","2","2","2","2","1",NA,NA,NA,"2","2","1","2","2","2",NA,NA,NA,"2","2","2","1","2","1",NA,NA,NA,"2","2","1","2","2","2",NA,NA,NA,"2","3","3","2","2","2",NA,NA,NA,"1","1","2","1","1","1",NA,NA,NA,"1","1","2","1","1","1",NA,NA,NA,"2","2","3","1","1","1",NA,NA,NA,"1","5","4",NA,NA,NA,"5","5","5","4","5","4",NA,NA,NA,"5","5","4","4","5","5",NA,NA,NA,"5","5","5","5","5","5",NA,NA,NA,"5","5","5","4","5","2","4","38","2",NA,"6","6","3",NA,"206","114","Region #7"
258,"2","3","1","1","1",NA,NA,NA,"2","1","2","1","1","1",NA,NA,NA,"2","2","2","1","1","1",NA,NA,NA,"2","3","3","1","1","1",NA,NA,NA,"2","3","3","2","1","2",NA,NA,NA,"3","2","2","2","1","1",NA,NA,NA,"2","3","3","1","1","1",NA,NA,NA,"2","2","2","2","1","1",NA,NA,NA,"2","3","2","2","2","2",NA,NA,NA,"3","3","3","2","1","1",NA,NA,NA,"2","4","4","2","2","2",NA,NA,NA,"3","3","3","2","2","2",NA,NA,NA,"3","4","3","2","2","3",NA,NA,NA,"3","4","4","2","2","3",NA,NA,NA,"3","4","4","4","5","5",NA,NA,NA,"3","4","4","2","2","3",NA,NA,NA,"3","5","2","4","34","2",NA,"5","5","7",NA,"158","221","Region #4"
2,"3","3","3","4","3",NA,NA,NA,"2","3","3","1","1","2",NA,NA,NA,"2","1","1","1","1","1",NA,NA,NA,"1","3","3","2","2","1",NA,NA,NA,"1","4","4","3","3","3",NA,NA,NA,"2","2","2","1","1","1",NA,NA,NA,"1","2","3","2","2","2",NA,NA,NA,"2","2","2","1","1","1",NA,NA,NA,"2","5","5",NA,NA,NA,"3","3","3","4","3","3","1","2","2",NA,NA,NA,"2","4","4","3","3","3",NA,NA,NA,"3","3","3","2","2","3",NA,NA,NA,"2","4","4","3","3","3",NA,NA,NA,"4","3","3","1","1","2",NA,NA,NA,"2","5","5",NA,NA,NA,"3","4","3","5","3","3","2","2","2",NA,NA,NA,"2","5","2","4","27","2",NA,"3","2","7",NA,"136","252","Region #3"
208,"1","3","1","1","1",NA,NA,NA,"2","2","2","1","1","1",NA,NA,NA,"1","2","3","1","1","1",NA,NA,NA,"1","3","3","1","2","1",NA,NA,NA,"1","4","4","2","2","2",NA,NA,NA,"2","4","3","2","2","2",NA,NA,NA,"2","4","4","2","2","2",NA,NA,NA,"2","3","4","2","2","2",NA,NA,NA,"2","5","5",NA,NA,NA,"2","2","3","4","4","4","2","2","3",NA,NA,NA,"2","5","5",NA,NA,NA,"2","2","3","3","4","5","2","2","3",NA,NA,NA,"3","4","4","2","2","3",NA,NA,NA,"4","4","5","2","2","3",NA,NA,NA,"3","5","5",NA,NA,NA,"3","3","4","4","5","4",NA,NA,NA,"2","2","3","3","5","2","4","33","1",NA,"1","3","8",NA,NA,NA,NA
285,"2","3","1","1","1",NA,NA,NA,"1","1","1","1","1","1",NA,NA,NA,"1","1","1","1","1","1",NA,NA,NA,"1","1","1","1","1","1",NA,NA,NA,"1","2","3","1","1","1",NA,NA,NA,"2","1","1","1","1","1",NA,NA,NA,"1","2","2","1","2","1",NA,NA,NA,"1","2","2","1","2","1",NA,NA,NA,"1","4","3","2","2","2",NA,NA,NA,"3","3","3","2","2","2",NA,NA,NA,"3","3","4","2","2","2",NA,NA,NA,"3","4","4","2","2","2",NA,NA,NA,"3","5","5",NA,NA,NA,"3","3","3","3","5","5",NA,NA,NA,"3","3","3","3","5","5",NA,NA,NA,"3","3","3","5","5","5",NA,NA,NA,"3","3","3","3","5","2","4","32","2",NA,"4","6","7",NA,"119","212","Other"
353,"4","4","4","4","4",NA,NA,NA,"3","1","1","1","1","1",NA,NA,NA,"1","1","1","1","1","1",NA,NA,NA,"1","1","1","1","1","1",NA,NA,NA,"1","5","5",NA,NA,NA,"5","5","5","5","1","1","1","1","1",NA,NA,NA,"1","2",NA,"1","1","1",NA,NA,NA,"1","2","2","1","1","1",NA,NA,NA,"1","5","5",NA,NA,NA,"5","5","5","4","3","4","2","2","2",NA,NA,NA,"2","5","5",NA,NA,NA,"3","3","3","4","4","3","3","3","3",NA,NA,NA,"3","3","4","5","5","5",NA,NA,NA,"2","3","4","3","3","3",NA,NA,NA,"3","5","5",NA,NA,NA,"4","4","4","5","3","3","4","4","3",NA,NA,NA,"3","5","2","4","74","2",NA,"7","5","7",NA,"256","122","Region #7"
338,"2","4","1","2","1",NA,NA,NA,"1","1","1","1","1","1",NA,NA,NA,"1","1","1","1","1","1",NA,NA,NA,"1","1","4","1","1","1",NA,NA,NA,"1","3","4","2","2","1",NA,NA,NA,"2","2","2","1","1","1",NA,NA,NA,"1","2","2","1","1","1",NA,NA,NA,"1","3","4","1","1","1",NA,NA,NA,"2","4","5","2","3","3",NA,NA,NA,"4","3","3","2","2","2",NA,NA,NA,"1","5","5",NA,NA,NA,"2","2","2","2","4","4","2","1","2",NA,NA,NA,"2","5","5",NA,NA,NA,"2","4","3","5","4","4","2","2","3",NA,NA,NA,"2","5","5",NA,NA,NA,"2","2","4","4","5","5",NA,NA,NA,"2","3","4","4","5","2","4","32","1",NA,"7","5","7",NA,"261","92","Region #8"
225,"4","4","1","1","1",NA,NA,NA,"2","3","3","1","1","1",NA,NA,NA,"1","2","2","1","1","1",NA,NA,NA,"2","4","4","2","2","1",NA,NA,NA,"1","3","4","3","3","3",NA,NA,NA,"1","2","2","2","2","1",NA,NA,NA,"1","3","2","2","1","1",NA,NA,NA,"2","4","4","3","3","3",NA,NA,NA,"2","5","5",NA,NA,NA,"2","2","3","5","5","5",NA,NA,NA,"2","2","3","3","5","5",NA,NA,NA,"5","5","5","5","5","5",NA,NA,NA,"3","3","3","5","4","4","2","2","3",NA,NA,NA,"3","5","5",NA,NA,NA,"3","3","3","5","5","5",NA,NA,NA,"5","5","5","4","4","4","2","2","3",NA,NA,NA,"3","5","2","4","49","2",NA,"6","5","7",NA,"164","187","Region #5"
246,"3","2","1","2","2",NA,NA,NA,"2","2","2","1","1","1",NA,NA,NA,"1","2","1","1","1","1",NA,NA,NA,"2","2","2","1","1","2",NA,NA,NA,"1","2","3","2","2","2",NA,NA,NA,"2","2","2","2","2","2",NA,NA,NA,"1","2","2","2","2","2",NA,NA,NA,"2","2","2","2","1","2",NA,NA,NA,"2","4","4","2","2","2",NA,NA,NA,"3","3","3","2","2","2",NA,NA,NA,"3","3","3","2","2","2",NA,NA,NA,"3","3","3","2","2","2",NA,NA,NA,"2","5","5",NA,NA,NA,"2","2","2","4","3","3","2","2","3",NA,NA,NA,"3","4","4","3","2","3",NA,NA,NA,"4","3","3","2","2","2",NA,NA,NA,"3","5","2","4","35","1",NA,"1","2","4",NA,"249","90","Region #8"
342,"3","4","3","3","2",NA,NA,NA,"2","1","1","1","1","1",NA,NA,NA,"1","1","1","1","1","1",NA,NA,NA,"1","1","1","2","2","2",NA,NA,NA,"1","3","4","3","3","3",NA,NA,NA,"2","2","2","2","2","2",NA,NA,NA,"2","2","2","2","2","2",NA,NA,NA,"2","2","2","2","2","2",NA,NA,NA,"2","4","4","3","3","3",NA,NA,NA,"3","2","2","2","2","2",NA,NA,NA,"2","3","3","2","2","2",NA,NA,NA,"2","3","3","2","2","2",NA,NA,NA,"2","4","4","3","3","3",NA,NA,NA,"3","3","3","2","2","2",NA,NA,NA,"2","4","4","3","3","3",NA,NA,NA,"3","3","4","3","3","2",NA,NA,NA,"3","5","2","4","36","1",NA,"4","4","2",NA,"151","178","Region #5"
283,"2","3","1","2","1",NA,NA,NA,"2","1","2","2","1","1",NA,NA,NA,"1","1","3","1","1","1",NA,NA,NA,"1","1","1","2","2","2",NA,NA,NA,"1","3","3","2","3","2",NA,NA,NA,"1","2","2","2","2","1",NA,NA,NA,"1","3","3","2","2","2",NA,NA,NA,"1","2","4","1","1","1",NA,NA,NA,"1","4","3","3","3","3",NA,NA,NA,"2","4","4","2","2","2",NA,NA,NA,"2","5","5",NA,NA,NA,"2","2","2","3","4","4","2","2","2",NA,NA,NA,"2","4","3","3","3","3",NA,NA,NA,"2","4","4","2","2","2",NA,NA,NA,"3","5","5",NA,NA,NA,"4","4","4","3","4","4","2","2","2",NA,NA,NA,"2","5","2","4","27","2",NA,"8","5","2",NA,NA,NA,NA
