"PID","RP_Hurt_Experience","RP_Hurt_Expression","RP_Hurt_Conn_Recall","RP_Hurt_Dist_Recall","RP_Hurt_Afrm_Recall","RP_Hurt_Conn_Hyp","RP_Hurt_Dist_Hyp","RP_Hurt_Afrm_Hyp","RP_Hurt_Want","RP_Joys_Experience","RP_Joys_Expression","RP_Joys_Conn_Recall","RP_Joys_Dist_Recall","RP_Joys_Afrm_Recall","RP_Joys_Conn_Hyp","RP_Joys_Dist_Hyp","RP_Joys_Afrm_Hyp","RP_Joys_Want","RP_Love_Experience","RP_Love_Expression","RP_Love_Conn_Recall","RP_Love_Dist_Recall","RP_Love_Afrm_Recall","RP_Love_Conn_Hyp","RP_Love_Dist_Hyp","RP_Love_Afrm_Hyp","RP_Love_Want","RP_Sadn_Experience","RP_Sadn_Expression","RP_Sadn_Conn_Recall","RP_Sadn_Dist_Recall","RP_Sadn_Afrm_Recall","RP_Sadn_Conn_Hyp","RP_Sadn_Dist_Hyp","RP_Sadn_Afrm_Hyp","RP_Sadn_Want","CF_Hurt_Experience","CF_Hurt_Expression","CF_Hurt_Conn_Recall","CF_Hurt_Dist_Recall","CF_Hurt_Afrm_Recall","CF_Hurt_Conn_Hyp","CF_Hurt_Dist_Hyp","CF_Hurt_Afrm_Hyp","CF_Hurt_Want","CF_Joys_Experience","CF_Joys_Expression","CF_Joys_Conn_Recall","CF_Joys_Dist_Recall","CF_Joys_Afrm_Recall","CF_Joys_Conn_Hyp","CF_Joys_Dist_Hyp","CF_Joys_Afrm_Hyp","CF_Joys_Want","CF_Love_Experience","CF_Love_Expression","CF_Love_Conn_Recall","CF_Love_Dist_Recall","CF_Love_Afrm_Recall","CF_Love_Conn_Hyp","CF_Love_Dist_Hyp","CF_Love_Afrm_Hyp","CF_Love_Want","CF_Sadn_Experience","CF_Sadn_Expression","CF_Sadn_Conn_Recall","CF_Sadn_Dist_Recall","CF_Sadn_Afrm_Recall","CF_Sadn_Conn_Hyp","CF_Sadn_Dist_Hyp","CF_Sadn_Afrm_Hyp","CF_Sadn_Want","CC_Hurt_Experience","CC_Hurt_Expression","CC_Hurt_Conn_Recall","CC_Hurt_Dist_Recall","CC_Hurt_Afrm_Recall","CC_Hurt_Conn_Hyp","CC_Hurt_Dist_Hyp","CC_Hurt_Afrm_Hyp","CC_Hurt_Want","CC_Joys_Experience","CC_Joys_Expression","CC_Joys_Conn_Recall","CC_Joys_Dist_Recall","CC_Joys_Afrm_Recall","CC_Joys_Conn_Hyp","CC_Joys_Dist_Hyp","CC_Joys_Afrm_Hyp","CC_Joys_Want","CC_Love_Experience","CC_Love_Expression","CC_Love_Conn_Recall","CC_Love_Dist_Recall","CC_Love_Afrm_Recall","CC_Love_Conn_Hyp","CC_Love_Dist_Hyp","CC_Love_Afrm_Hyp","CC_Love_Want","CC_Sadn_Experience","CC_Sadn_Expression","CC_Sadn_Conn_Recall","CC_Sadn_Dist_Recall","CC_Sadn_Afrm_Recall","CC_Sadn_Conn_Hyp","CC_Sadn_Dist_Hyp","CC_Sadn_Afrm_Hyp","CC_Sadn_Want","SS_Hurt_Experience","SS_Hurt_Expression","SS_Hurt_Conn_Recall","SS_Hurt_Dist_Recall","SS_Hurt_Afrm_Recall","SS_Hurt_Conn_Hyp","SS_Hurt_Dist_Hyp","SS_Hurt_Afrm_Hyp","SS_Hurt_Want","SS_Joys_Experience","SS_Joys_Expression","SS_Joys_Conn_Recall","SS_Joys_Dist_Recall","SS_Joys_Afrm_Recall","SS_Joys_Conn_Hyp","SS_Joys_Dist_Hyp","SS_Joys_Afrm_Hyp","SS_Joys_Want","SS_Love_Experience","SS_Love_Expression","SS_Love_Conn_Recall","SS_Love_Dist_Recall","SS_Love_Afrm_Recall","SS_Love_Conn_Hyp","SS_Love_Dist_Hyp","SS_Love_Afrm_Hyp","SS_Love_Want","SS_Sadn_Experience","SS_Sadn_Expression","SS_Sadn_Conn_Recall","SS_Sadn_Dist_Recall","SS_Sadn_Afrm_Recall","SS_Sadn_Conn_Hyp","SS_Sadn_Dist_Hyp","SS_Sadn_Afrm_Hyp","SS_Sadn_Want","Attn_Check_Never","Attn_Check_Much","Age","Age_4_TEXT","Gender","Gender_5_TEXT","Income","Education","Race","Race_9_TEXT","Community_1_x","Community_1_y","Community"
288,"3","3","3","3","3",NA,NA,NA,"3","1","1","2","1","2",NA,NA,NA,"1","1","1","2","2","2",NA,NA,NA,"2","3","1","2","2","2",NA,NA,NA,"2","4","3","2","3","3",NA,NA,NA,"2","2","2","2","2","2",NA,NA,NA,"2","2","4","2","2","2",NA,NA,NA,"3","3","3","2","2","2",NA,NA,NA,"2","5","5",NA,NA,NA,"3","3","3","5","3","3","3","3","3",NA,NA,NA,"3","5","5",NA,NA,NA,"3","3","3","3","4","4","3","3","3",NA,NA,NA,"3","5","5",NA,NA,NA,"3","3","3","4","3","3","3","3","3",NA,NA,NA,"3","4","4","3","3","3",NA,NA,NA,"3","3","4","3","3","3",NA,NA,NA,"3","5","2","4","49","2",NA,"7","3","7",NA,"245","86","Region #8"
281,"5","5",NA,NA,NA,"2","2","3","2","1","1","1","1","1",NA,NA,NA,"1","1","1","1","1","1",NA,NA,NA,"1","5","5",NA,NA,NA,"2","2","1","2","4","3","2","2","2",NA,NA,NA,"2","1","1","1","2","2",NA,NA,NA,"2","2","3","2","2","2",NA,NA,NA,"2","1","1","2","2","2",NA,NA,NA,"1","3","3","2","3","3",NA,NA,NA,"2","3","3","2","3","2",NA,NA,NA,"3","3","3","3","3","3",NA,NA,NA,"3","3","3","3","3","3",NA,NA,NA,"2","4","4","3","3","3",NA,NA,NA,"3","3","3","3","3","3",NA,NA,NA,"3","3","4","3","3","3",NA,NA,NA,"4","4","4","3","3","3",NA,NA,NA,"3","5","2","4","36","2",NA,"7","5","7",NA,"214","147","Region #6"
98,"3","3","3","4","4",NA,NA,NA,"2","2","2","2","2","2",NA,NA,NA,"2","2","2","2","2","2",NA,NA,NA,"2","2","2","2","2","2",NA,NA,NA,"2","3","3","4","3","3",NA,NA,NA,"2","2","2","2","2","2",NA,NA,NA,"2","2","3","2","2","2",NA,NA,NA,"2","3","3","2","2","2",NA,NA,NA,"2","4","5",NA,NA,NA,"4","4","3","5","2","2","2","2","2",NA,NA,NA,"2","5","5",NA,NA,NA,"3","3","4","4","3","3","2","2","2",NA,NA,NA,"2","4","5",NA,NA,NA,"2","2","2","3","3","3","2","2","2",NA,NA,NA,"2","5","5",NA,NA,NA,"2","2","3","3","3","3","2","2","2",NA,NA,NA,"2","5","2","4","61","2",NA,"4","4","7",NA,"183","158","Region #6"
85,"5","5",NA,NA,NA,"4","4","4","5","2","3","2","2","2",NA,NA,NA,"1","3","3","2","2","2",NA,NA,NA,"1","4","4","3","3","3",NA,NA,NA,"1","5","5",NA,NA,NA,"4","4","3","5","1","1","2","2","1",NA,NA,NA,"2","2","2","2","2","2",NA,NA,NA,"2","2","2","2","2","2",NA,NA,NA,"2","5","5",NA,NA,NA,"5","5","5","5","3","3","3","3","3",NA,NA,NA,"2","4","5",NA,NA,NA,"2","3","3","3","5","5",NA,NA,NA,"3","3","3","3","5","5",NA,NA,NA,"5","5","5","5","3","3","3","3","3",NA,NA,NA,"2","4","4","3","3","3",NA,NA,NA,"3","4","4","3","3","3",NA,NA,NA,"2","5","2","4","39","2",NA,"6","5","3",NA,NA,NA,NA
208,"3","3","3","2","3",NA,NA,NA,"2","1","1","2","2","1",NA,NA,NA,"1","1","1","1","1","2",NA,NA,NA,"1","4","4","2","2","2",NA,NA,NA,"2","3","4","2","2","3",NA,NA,NA,"3","2","3","2","1","2",NA,NA,NA,"2","2","3","2","2","2",NA,NA,NA,"2","3","3","2","2","2",NA,NA,NA,"3","3","3",NA,"3","3",NA,NA,NA,"3","3","4","2","3","2",NA,NA,NA,"3","3","3","2","2","2",NA,NA,NA,"2","3","4","3","2","3",NA,NA,NA,"3","5","5",NA,NA,NA,"4","4","3","4","4","4","3","2","3",NA,NA,NA,"3","4","4","3","3","3",NA,NA,NA,"3","4","4","4","4","4",NA,NA,NA,"5","5","2","4","33","1",NA,"7","6","7",NA,"239","124","Region #7"
356,"4","4","1","1","1",NA,NA,NA,"1","2","2","1","1","1",NA,NA,NA,"1","1","2","1","1","1",NA,NA,NA,"1","3","3","1","1","1",NA,NA,NA,"1","4","4","1","1","1",NA,NA,NA,"1","3","3","1","1","1",NA,NA,NA,"1","2","3","1","1","1",NA,NA,NA,"1","3","3","1","1","1",NA,NA,NA,"1","5","5",NA,NA,NA,"3","3","3","3","3","3","2","2","2",NA,NA,NA,"1","4","5",NA,NA,NA,"2","2","2","3","3","3","2","2","2",NA,NA,NA,"1","5","5",NA,NA,NA,"4","4","4","4","3","3","2","2","2",NA,NA,NA,"2","5","5",NA,NA,NA,"4","4","4","4","3","3","3","2","3",NA,NA,NA,"2","5","2","4","31","1",NA,"6","6","7",NA,"173","187","Region #5"
327,"4","4","1","1","1",NA,NA,NA,"1","1","1","1","1","1",NA,NA,NA,"1","1","1","1","1","1",NA,NA,NA,"1","3","3","1","1","1",NA,NA,NA,"1","5","5",NA,NA,NA,"3","3","3","5","5","2","2","2","2",NA,NA,NA,"2","2","2","2","2","2",NA,NA,NA,"2","5","5",NA,NA,NA,"3","3","3","5","5","5",NA,NA,NA,"3","3","3","5","3","3","2","2","2",NA,NA,NA,"2","3","3","2","2","2",NA,NA,NA,"2","4","5",NA,NA,NA,"3","3","3","5","5","5",NA,NA,NA,"3","3","3","5","5","5",NA,NA,NA,"3","3","3","5","5","5",NA,NA,NA,"3","3","3","5","5","5",NA,NA,NA,"3","3","3","5","5","2","4","22","2",NA,"5","3","7",NA,"121","216","Other"
306,"4","2","2","3","2",NA,NA,NA,"2","2","2","2","2","2",NA,NA,NA,"2","1","1","1","1","1",NA,NA,NA,"1","4","3","2","2","2",NA,NA,NA,"2","5","3","2","3","2",NA,NA,NA,"3","2","2","2","1","2",NA,NA,NA,"2","3","4","2","2","2",NA,NA,NA,"2","3","3","2","2","2",NA,NA,NA,"2","5","5",NA,NA,NA,"3","3","3","5","3","3","3","2","3",NA,NA,NA,"2","5","5",NA,NA,NA,"2","2","2","3","4","4","3","3","3",NA,NA,NA,"5","5","5",NA,NA,NA,"5","5","3","5","4","5",NA,NA,NA,"4","3","3","3","5","5",NA,NA,NA,"2","2","3","5","3","5",NA,NA,NA,"2","2","3","4","5","2","4","22","2",NA,"1","5","2",NA,"160","218","Region #4"
83,"1","1","2","2","1",NA,NA,NA,"1","1","1","1","1","1",NA,NA,NA,"1","1","1","1","1","1",NA,NA,NA,"1","2","2","1","1","1",NA,NA,NA,"1","3","4","2","2","2",NA,NA,NA,"3","1","1","2","2","2",NA,NA,NA,"1","1","1","2","2","2",NA,NA,NA,"1","3","2","2","2","3",NA,NA,NA,"2","2","4","4","4","3",NA,NA,NA,"3","2","2","2","1","2",NA,NA,NA,"1","4","4","3","3","3",NA,NA,NA,"3","3","3","2","2","2",NA,NA,NA,"3","4","3","5","4","4",NA,NA,NA,"4","2","3","2","2","2",NA,NA,NA,"2","4","4","3","3","3",NA,NA,NA,"3","3","4","3","3","3",NA,NA,NA,"3","5","2","4","32","2",NA,"6","4","7",NA,NA,NA,NA
109,"3","4","4","4","3",NA,NA,NA,"2","1","2","1","1","1",NA,NA,NA,"1","1","1","1","1","1",NA,NA,NA,"1","2","3","2","2","2",NA,NA,NA,"2","3","4","4","4","4",NA,NA,NA,"4","2","3","2","2","2",NA,NA,NA,"1","3","4","2","2","2",NA,NA,NA,"2","3","4","2","2","2",NA,NA,NA,"2","4","4","4","4","4",NA,NA,NA,"3","3","4","2","2","2",NA,NA,NA,"2","4","4","3","3","4",NA,NA,NA,"3","4","4","2","2","3",NA,NA,NA,"2","4","5",NA,NA,NA,"5","5","5","5","3","3","3","2","2",NA,NA,NA,"2","5","5",NA,NA,NA,"3","3","3","3","3","4","2","2","2",NA,NA,NA,"2","5","2","4","30","2",NA,"5","5","7",NA,"115","248","Region #3"
290,"3","3","1","2","1",NA,NA,NA,"1","1","1","1","1","1",NA,NA,NA,"1","2","2","1","1","2",NA,NA,NA,"1","2","2","1","1","1",NA,NA,NA,"1","3","3","2","2","2",NA,NA,NA,"1","3","1","1","1","1",NA,NA,NA,"1","1","1","1","2","1",NA,NA,NA,"2","2","2","1","1","1",NA,NA,NA,"2","4","4","3","3","2",NA,NA,NA,"3","2","2","2","2","2",NA,NA,NA,"2","3","3","2","3","2",NA,NA,NA,"2","3","3","2","2","2",NA,NA,NA,"2","4","4","3","3","3",NA,NA,NA,"3","4","4","3","3","3",NA,NA,NA,"3","4","4","3","3","3",NA,NA,NA,"3","4","4","3","3","3",NA,NA,NA,"3","5","2","4","51","1",NA,"7","2","7",NA,"248","100","Region #8"
8,"4","4","2","1","1",NA,NA,NA,"2","3","1","2","3","2",NA,NA,NA,"2","1","1","1","1","1",NA,NA,NA,"1","3","4","2","3","3",NA,NA,NA,"3","4","4","2","2","2",NA,NA,NA,"2","1","1","1","1","1",NA,NA,NA,"1","1","1","1","1","1",NA,NA,NA,"1","4","4","2","2","2",NA,NA,NA,"2","5","5",NA,NA,NA,"3","3","3","4","3","4","3","3","3",NA,NA,NA,"4","3","4","3","3","3",NA,NA,NA,"3","4","5",NA,NA,NA,"3","3","3","4","4","5",NA,NA,NA,"2","2","2","5","2","3","2","2","2",NA,NA,NA,"3","3","3","2","2","2",NA,NA,NA,"3","4","4","2","3","2",NA,NA,NA,"3","5","2","4","34","2",NA,"5","3","7",NA,"171","153","Other"
194,"3","4","4","4","3",NA,NA,NA,"3","4","4","3","3","3",NA,NA,NA,"3","3","3","3","3","3",NA,NA,NA,"3","3","3","3","3","3",NA,NA,NA,"3","5","5",NA,NA,NA,"3","4","3","5","4","2","2","2","2",NA,NA,NA,"2","2","2","2","2","2",NA,NA,NA,"2","5","5",NA,NA,NA,"2","2","2","2","5","5",NA,NA,NA,"5","5","5","3","3","3","3","3","3",NA,NA,NA,"3","3","3","3","3","3",NA,NA,NA,"2","5","5",NA,NA,NA,"3","3","3","5","5","5",NA,NA,NA,"5","5","5","5","3","3","3","3","3",NA,NA,NA,"3","5","5",NA,NA,NA,"3","3","3","4","4","4","3","3","3",NA,NA,NA,"3","5","2","4","51","2",NA,"5","5","7",NA,NA,NA,NA
118,"4","4","2","2","2",NA,NA,NA,"2","1","1","1","1","1",NA,NA,NA,"1","1","1","1","1","1",NA,NA,NA,"1","3","3","2","1","2",NA,NA,NA,"1","4","3","2","2","2",NA,NA,NA,"2","1","1","1","1","1",NA,NA,NA,"1","1","2","1","1","1",NA,NA,NA,"1","4","3","2","2","2",NA,NA,NA,"2","5","5",NA,NA,NA,"3","3","3","3","3","4","2","3","3",NA,NA,NA,"2","5","5",NA,NA,NA,"3","3","3","3","4","5",NA,NA,NA,"3","3","3","3","5","5",NA,NA,NA,"3","3","3","5","4","5",NA,NA,NA,"3","3","4","4","5","5",NA,NA,NA,"3","3","4","5","4","5",NA,NA,NA,"4","3","4","4","5","2","4","39","2",NA,"5","2","7",NA,"175","153","Region #6"
111,"4","2","1","2","2",NA,NA,NA,"2","1","1","1","1","1",NA,NA,NA,"1","1","1","1","1","1",NA,NA,NA,"1","3","3","2","2","2",NA,NA,NA,"2","4","3","2","2","2",NA,NA,NA,"1","2","2","2","2","2",NA,NA,NA,"1","2","3","2","2","2",NA,NA,NA,"1","3","2","2","2","2",NA,NA,NA,"2","5","5",NA,NA,NA,"3","3","3","4","3","3","3","3","3",NA,NA,NA,"2","5","5",NA,NA,NA,"3","3","3","4","3","3","3","3","3",NA,NA,NA,"2","5","5",NA,NA,NA,"3","3","3","5","3","4","3","3","3",NA,NA,NA,"2","5","5",NA,NA,NA,"3","3","3","5","4","5",NA,NA,NA,"3","3","3","5","5","2","4","35","2",NA,"6","2","7",NA,NA,NA,NA
2,"4","4","2","1","1",NA,NA,NA,"1","1","1","1","1","1",NA,NA,NA,"1","1","1","1","1","1",NA,NA,NA,"1","1","1","1","1","1",NA,NA,NA,"1","4","3","2","2","2",NA,NA,NA,"2","1","1","1","1","1",NA,NA,NA,"1","2","2","1","1","1",NA,NA,NA,"1","1","1","1","1","1",NA,NA,NA,"1","4","3","3","2","2",NA,NA,NA,"3","3","2","2","2","2",NA,NA,NA,"1","5","5",NA,NA,NA,"3","3","3","4","3","3","2","1","2",NA,NA,NA,"2","4","4","3","3","3",NA,NA,NA,"4","3","3","2","3","3",NA,NA,NA,"2","5","5",NA,NA,NA,"3","3","5","5","3","3","2","3","3",NA,NA,NA,"2","5","2","4","44","2",NA,"7","5","7",NA,"217","84","Region #8"
6,"4","4","1","2","2",NA,NA,NA,"1","1","2","1","1","1",NA,NA,NA,"1","1","1","1","1","1",NA,NA,NA,"1","3","3","1","2","2",NA,NA,NA,"1","4","3","1","1","1",NA,NA,NA,"2","3","3","2","2","2",NA,NA,NA,"2","1","2","1","1","1",NA,NA,NA,"1","3","4","1","1","1",NA,NA,NA,"2","3","3","2","2","2",NA,NA,NA,"2","2","2","2","2","2",NA,NA,NA,"2","3","3","2","2","2",NA,NA,NA,"1","4","4","2","2","1",NA,NA,NA,"2","4","4","3","2","2",NA,NA,NA,"3","3","4","3","3","3",NA,NA,NA,"3","5","4","3","2","3",NA,NA,NA,"4","3","3","3","2","3",NA,NA,NA,"2","5","2","4","61","1",NA,"3","5","7",NA,"215","124","Region #7"
173,"3","3","4","4","3",NA,NA,NA,"1","1","1","1","1","1",NA,NA,NA,"1","1","2","1","1","1",NA,NA,NA,"2","3","2","2","1","1",NA,NA,NA,"2","4","4","4","3","3",NA,NA,NA,"2","2","1","2","2","3",NA,NA,NA,"2","2","1","1","1","1",NA,NA,NA,"1","2","1","2","2","1",NA,NA,NA,"1","3","4","4","4","4",NA,NA,NA,"4","2","2","2","2","2",NA,NA,NA,"2","4","4","3","3","3",NA,NA,NA,"4","3","3","2","2","3",NA,NA,NA,"2","4","5",NA,NA,NA,"3","4","3","4","4","5",NA,NA,NA,"2","2","3","3","5","5",NA,NA,NA,"3","4","5","5","3","4","2","2","3",NA,NA,NA,"2","5","2","4","27","3",NA,"1","11","1,7",NA,"138","251","Region #3"
104,"3","3","2","2","2",NA,NA,NA,"2","1","1","1","1","1",NA,NA,NA,"1","1","1","1","1","1",NA,NA,NA,"1","2","2","1","1","1",NA,NA,NA,"1","4","4","4","4","4",NA,NA,NA,"4","2","2","1","1","1",NA,NA,NA,"1","1","2","1","1","1",NA,NA,NA,"1","3","3","1","1","1",NA,NA,NA,"1","4","4","4","4","4",NA,NA,NA,"4","3","3","2","2","2",NA,NA,NA,"2","3","3","2","2","2",NA,NA,NA,"4","3","3","2","2","2",NA,NA,NA,"2","3","4","5","5","5",NA,NA,NA,"5","4","4","3","3","3",NA,NA,NA,"3","4","5",NA,NA,NA,"2","2","3","4","3","5",NA,NA,NA,"3","2","2","3","5","2","4","37","2",NA,"6","6","7",NA,"225","155","Region #6"
217,"3","3","3","4","4",NA,NA,NA,"1","1","1","1","1","1",NA,NA,NA,"1","1","1","1","1","1",NA,NA,NA,"1","1","1","1","1","1",NA,NA,NA,"1","3","5",NA,NA,NA,"4","4","5","4","1","2","1","1","1",NA,NA,NA,"1","2","4","1","2","1",NA,NA,NA,"2","2","2","2","2","1",NA,NA,NA,"1","3","5",NA,NA,NA,"4","4","4","4","3","3","1","1","2",NA,NA,NA,"1","4","5",NA,NA,NA,"2","2","3","4","2","3","2","2","2",NA,NA,NA,"2","4","5",NA,NA,NA,"4","4","4","3","4","5",NA,NA,NA,"2","2","4","3","5","5",NA,NA,NA,"3","3","3","5","3","5",NA,NA,NA,"3","3","4","4","5","2","4","37","2",NA,"2","6","2",NA,"138","203","Region #4"
235,"4","3","2","2","2",NA,NA,NA,"3","2","2","2","2","2",NA,NA,NA,"2","1","1","2","2","2",NA,NA,NA,"1","2","2","2","2","2",NA,NA,NA,"2","4","3","2","2","2",NA,NA,NA,"2","1","1","1","1","1",NA,NA,NA,"1","1","1","1","1","1",NA,NA,NA,"1","1","1","2","2","2",NA,NA,NA,"1","3","4","3","4","4",NA,NA,NA,"4","2","3","2","2","2",NA,NA,NA,"2","3","4","2","2","2",NA,NA,NA,"2","3","3","2","2","2",NA,NA,NA,"2","4","4","5","5","3",NA,NA,NA,"4","3","4","2","2","3",NA,NA,NA,"3","4","5",NA,NA,NA,"3","2","3","3","4","3","2","3","3",NA,NA,NA,"2","5","2","4","47","2",NA,"7","4","3",NA,"148","221","Region #4"
61,"4","3","4","4","4",NA,NA,NA,"1","2","2","2","2","2",NA,NA,NA,"2","1","1","1","1","1",NA,NA,NA,"1","4","4","2","2","2",NA,NA,NA,"2","3","3","2","2","2",NA,NA,NA,"2","4","4","2","2","2",NA,NA,NA,"2","4","4","1","1","1",NA,NA,NA,"2","4","4","2","1","2",NA,NA,NA,"2","4","4","4","4","3",NA,NA,NA,"2","4","4","2","2","2",NA,NA,NA,"2","5","5",NA,NA,NA,"3","3","3","4","4","4","2","2","2",NA,NA,NA,"2","4","5",NA,NA,NA,"4","3","3","3","4","5",NA,NA,NA,"4","3","4","4","5","5",NA,NA,NA,"5","5","5","5","4","5",NA,NA,NA,"4","3","4","3","5","2","4","35","1",NA,"6","3","7",NA,"189","191","Region #5"
105,"5","5",NA,NA,NA,"5","5","4","5","2","2","3","2","2",NA,NA,NA,"2","1","1","1","1","1",NA,NA,NA,"1","4","3","2","2","2",NA,NA,NA,"2","1","1","1","1","3",NA,NA,NA,"1","1","1","3","2","4",NA,NA,NA,"3","1","1","1","2","1",NA,NA,NA,"1","1","1","1","1","2",NA,NA,NA,"1","5","5",NA,NA,NA,"4","5","5","4","2","2","1","1","1",NA,NA,NA,"3","1","1","1","1","1",NA,NA,NA,"1","4","3","5","3","4",NA,NA,NA,"5","4","2","4","4","4",NA,NA,NA,"4","1","1","1","1","1",NA,NA,NA,"1","3","1","1","1","1",NA,NA,NA,"1","1","1","4","4","3",NA,NA,NA,"3","1","1","4","28","1",NA,"7","6","7",NA,"196","161","Region #6"
231,"4","4","3","3","4",NA,NA,NA,"2","2","2","1","1","1",NA,NA,NA,"1","1","2","1","1","1",NA,NA,NA,"1","3","3","2","2","2",NA,NA,NA,"1","4","4","3","3","3",NA,NA,NA,"2","2","2","1","2","1",NA,NA,NA,"1","1","2","1","2","1",NA,NA,NA,"1","3","2","2","2","2",NA,NA,NA,"1","3","3","3","3","3",NA,NA,NA,"3","3","3","2","2","2",NA,NA,NA,"2","3","3","2","2","2",NA,NA,NA,"2","3","3","2","2","2",NA,NA,NA,"2","4","5",NA,NA,NA,"4","4","4","4","4","4","3","3","3",NA,NA,NA,"3","5","5",NA,NA,NA,"3","3","3","4","4","4","3","3","3",NA,NA,NA,"3","5","2","4","30","2",NA,"6","5","7",NA,"262","127","Region #7"
177,"4","2","2","2","2",NA,NA,NA,"2","2","2","1","1","2",NA,NA,NA,"1","1","1","1","1","1",NA,NA,NA,"1","2","2","1","1","1",NA,NA,NA,"2","4","5",NA,NA,NA,"2","3","2","4","2","3","2","1","2",NA,NA,NA,"3","3","3","2","2","2",NA,NA,NA,"3","2","3","1","2","2",NA,NA,NA,"3","4","5",NA,NA,NA,"3","4","4","4","4","4","3","3","3",NA,NA,NA,"3","5","5",NA,NA,NA,"3","3","3","3","3","4","3","3","3",NA,NA,NA,"4","4","5",NA,NA,NA,"3","3","3","5","4","4","3","3","3",NA,NA,NA,"4","5","5",NA,NA,NA,"4","4","3","5","4","5",NA,NA,NA,"3","3","3","4","5","2","4","27","1",NA,"2","5","7",NA,"199","180","Region #5"
310,"3","4","2","2","2",NA,NA,NA,"4","1","1","1","1","1",NA,NA,NA,"1","1","1","1","1","1",NA,NA,NA,"1","4","4","2","2","2",NA,NA,NA,"4","5","5",NA,NA,NA,"3","3","3","4","1","1","1","1","1",NA,NA,NA,"1","1","2","2","2","2",NA,NA,NA,"2","5","5",NA,NA,NA,"2","2","2","4","5","5",NA,NA,NA,"3","4","3","4","1","1","1","1","1",NA,NA,NA,"1","2","2","1","2","1",NA,NA,NA,"1","3","4","2","2","2",NA,NA,NA,"2","4","4","2","2","2",NA,NA,NA,"4","2","2","2","2","2",NA,NA,NA,"2","5","5",NA,NA,NA,"3","3","3","4","3","4","2","2","2",NA,NA,NA,"4","5","2","4","36","1",NA,"2","4","4",NA,"105","276","Region #2"
84,"4","4","1","1","1",NA,NA,NA,"1","1","1","1","1","1",NA,NA,NA,"1","1","2","1","1","1",NA,NA,NA,"1","1","2","1","1","1",NA,NA,NA,"1","5","3","1","2","2",NA,NA,NA,"2","1","1","1","1","1",NA,NA,NA,"1","3","4","2","2","1",NA,NA,NA,"2","2","1","1","2","2",NA,NA,NA,"1","5","5",NA,NA,NA,"3","3","3","4","1","1","2","2","2",NA,NA,NA,"1","4","4","2","2","2",NA,NA,NA,"2","1","1","2","2","2",NA,NA,NA,"1","5","5",NA,NA,NA,"4","5","3","5","2","1","3","3","3",NA,NA,NA,"1","4","5",NA,NA,NA,"2","2","3","4","1","1","2","2","3",NA,NA,NA,"1","5","2","4","45","2",NA,"6","2","7",NA,"96","245","Other"
3,"4","3","4","4","3",NA,NA,NA,"3","1","1","1","3","1",NA,NA,NA,"1","1","1","1","1","1",NA,NA,NA,"1","2","3","2","4","2",NA,NA,NA,"2","2","4","3","3","2",NA,NA,NA,"3","2","5",NA,NA,NA,"3","3","2","2","3","2","2","1","2",NA,NA,NA,"2","2","2","3","2","5",NA,NA,NA,"4","3","2","3","3","1",NA,NA,NA,"4","3","3","3","3","4",NA,NA,NA,"3","3","3","3","3","3",NA,NA,NA,"3","3","3","4","3","4",NA,NA,NA,"3","3","4","3","3","3",NA,NA,NA,"2","3","2","3","3","3",NA,NA,NA,"3","5","5",NA,NA,NA,"3","3","3","3","3","4","4","3","4",NA,NA,NA,"2","5","2","4","23","2",NA,"5","3","4,7",NA,"159","100","Other"
116,"4","3","3","4","2",NA,NA,NA,"1","2","2","2","2","2",NA,NA,NA,"1","1","1","1","1","1",NA,NA,NA,"1","4","4","1","2","1",NA,NA,NA,"1","4","4","2","2","2",NA,NA,NA,"3","2","2","2","2","2",NA,NA,NA,"1","2","2","2","2","1",NA,NA,NA,"2","3","3","2","2","1",NA,NA,NA,"2","4","4","2","2","3",NA,NA,NA,"3","3","3","2","2","3",NA,NA,NA,"2","5","5",NA,NA,NA,"3","2","3","4","4","4","3","2","3",NA,NA,NA,"4","5","5",NA,NA,NA,"3","3","2","4","3","4","2","2","2",NA,NA,NA,"2","5","5",NA,NA,NA,"3","3","3","4","4","4","2","2","2",NA,NA,NA,"2","5","2","4","40","2",NA,"7","6","7",NA,"254","122","Region #7"
124,"3","3","4","4","4",NA,NA,NA,"3","3","3","3","2","2",NA,NA,NA,"2","4","4","3","2","3",NA,NA,NA,"4","2","2","3","3","2",NA,NA,NA,"2","4","4","5","5","5",NA,NA,NA,"4","2","3","2","2","2",NA,NA,NA,"1","3","3","2","2","3",NA,NA,NA,"3","3","3","2","2","2",NA,NA,NA,"2","5","5",NA,NA,NA,"5","4","5","4","2","2","2","2","2",NA,NA,NA,"1","3","4","3","3","3",NA,NA,NA,"4","3","3","2","2","2",NA,NA,NA,"1","5","5",NA,NA,NA,"3","3","3","5","2","2","3","3","3",NA,NA,NA,"1","5","5",NA,NA,NA,"5","5","5","5","3","3","4","3","3",NA,NA,NA,"1","5","2","4","56","2",NA,"7","5","7",NA,"272","89","Region #8"
269,"1","1","5","4","4",NA,NA,NA,"4","1","1","1","1","1",NA,NA,NA,"1","1","1","1","1","1",NA,NA,NA,"1","1","1","1","1","1",NA,NA,NA,"2","4","4","3","3","3",NA,NA,NA,"2","2","2","1","1","1",NA,NA,NA,"1","2","2","1","1","1",NA,NA,NA,"1","3","3","1","1","1",NA,NA,NA,"1","5","5",NA,NA,NA,"3","3","3","3","3","3","2","2","2",NA,NA,NA,"3","5","5",NA,NA,NA,"3","3","3","3","3","4","2","2","2",NA,NA,NA,"3","4","5",NA,NA,NA,"3","3","3","4","4","5",NA,NA,NA,"3","3","3","2","4","5",NA,NA,NA,"3","3","3","4","4","4","3","3","3",NA,NA,NA,"3","5","2","4","27","2",NA,"3","2","7",NA,"91","281","Region #2"
99,"3","2","3","4","1",NA,NA,NA,"2","4","2","4","4","5",NA,NA,NA,"4","2","3","4","4","2",NA,NA,NA,"3","3","5",NA,NA,NA,"3","3","4","2","4","3","5","2","2",NA,NA,NA,"3","2","2","4","2","2",NA,NA,NA,"4","2","4","2","4","2",NA,NA,NA,"4","3","2","2","4","2",NA,NA,NA,"2","2","4","2","4","3",NA,NA,NA,"2","3","2","4","2","4",NA,NA,NA,"4","2","4","3","3","2",NA,NA,NA,"2","2","4","5","2","3",NA,NA,NA,"2","4","4","2","3","3",NA,NA,NA,"4","4","4","3","3","3",NA,NA,NA,"4","3","2","4","2","2",NA,NA,NA,"4","3","2","2","4","2",NA,NA,NA,"4","2","2","4","25","2",NA,"1","5","7",NA,"122","305","Region #1"
55,"2","2","1","1",NA,NA,NA,NA,"2","1","1","1","1","1",NA,NA,NA,"1","1","1","1","1","1",NA,NA,NA,"1","2","2","1","1","1",NA,NA,NA,"1","3","3","2","2","1",NA,NA,NA,"2","2","2","2","2","1",NA,NA,NA,"2","3","4","2","2","2",NA,NA,NA,"4","2","3","1","2","2",NA,NA,NA,"2","5","5",NA,NA,NA,"2","2","3","5","2","3","2","2","2",NA,NA,NA,"2","5","5",NA,NA,NA,"2","2","4","5","3","3","2","2","2",NA,NA,NA,"3","5","5",NA,NA,NA,"2","2","4","5","3","4","2","2","2",NA,NA,NA,"4","5","5",NA,NA,NA,"2","2","5","5","2","4","2","2","4",NA,NA,NA,"4","5","2","4","26","2",NA,"6","6","7",NA,"235","111","Other"
122,"4","1","1","1","1",NA,NA,NA,"1","1","1","1","1","1",NA,NA,NA,"1","1","1","1","1","1",NA,NA,NA,"1","1","1","1","1","1",NA,NA,NA,"1","5","3","2","1","1",NA,NA,NA,"2","1","1","1","1","1",NA,NA,NA,"1","2","4","2","2","1",NA,NA,NA,"4","2","1","1","1","1",NA,NA,NA,"1","5","5",NA,NA,NA,"3","4","3","5","2","2","2","2","2",NA,NA,NA,"2","4","5",NA,NA,NA,"2","2","2","5","3","3","3","3","2",NA,NA,NA,"2","3","5",NA,NA,NA,"4","4","3","5","3","3","3","2","3",NA,NA,NA,"2","5","5",NA,NA,NA,"3","3","3","5","4","4","2","2","3",NA,NA,NA,"2","5","2","4","24","2",NA,"4","4","2",NA,NA,NA,NA
136,"3","3","3","4","3",NA,NA,NA,"3","2","1","1","2","1",NA,NA,NA,"1","1","2","1","1","1",NA,NA,NA,"1","2","2","1","1","1",NA,NA,NA,"1","4","5",NA,NA,NA,"2","3","3","2","2","2","1","2","1",NA,NA,NA,"1","5","5",NA,NA,NA,"4","4","4","4","3","3","1","1","3",NA,NA,NA,"2","4","5",NA,NA,NA,"3","2","3","3","2","2","2","2","2",NA,NA,NA,"1","5","5",NA,NA,NA,"4","5","5","4","3","3","3","3","3",NA,NA,NA,"2","5","5",NA,NA,NA,"3","3","3","5","2","2","2","2","2",NA,NA,NA,"1","5","5",NA,NA,NA,"4","4","5","4","5","5",NA,NA,NA,"3","3","2","4","5","2","4","35","1",NA,"6","13","4,7",NA,NA,NA,NA
89,"2","2","2","2","2",NA,NA,NA,"2","2","2","2","2","2",NA,NA,NA,"1","1","2","1","1","1",NA,NA,NA,"1","3","3","2","2","2",NA,NA,NA,"1","3","3","2","2","2",NA,NA,NA,"1","2","1","2","2","2",NA,NA,NA,"1","2","3","2","2","2",NA,NA,NA,"2","3","3","2","2","2",NA,NA,NA,"1","4","5",NA,NA,NA,"2","2","3","4","3","2","2","3","2",NA,NA,NA,"1","4","4","2","2","3",NA,NA,NA,"2","3","3","2","2","3",NA,NA,NA,"2","4","5",NA,NA,NA,"3","3","3","4","2","2","2","3","3",NA,NA,NA,"2","4","4","2","3","3",NA,NA,NA,"3","2","4","3","3","3",NA,NA,NA,"3","5","2","4","25","2",NA,"7","6","4,7",NA,"252","92","Region #8"
261,"3","2","1","1","1",NA,NA,NA,"1","1","1","1","1","1",NA,NA,NA,"1","1","1","1","1","1",NA,NA,NA,"1","1","1","1","1","1",NA,NA,NA,"1","3","3","1","2","1",NA,NA,NA,"2","2","1","1","1","1",NA,NA,NA,"1","2","3","1","1","1",NA,NA,NA,"1","2","1","1","1","1",NA,NA,NA,"1","1","5",NA,NA,NA,"5","5","1","5","3","2","2","2","2",NA,NA,NA,"2","5","5",NA,NA,NA,"1","1","5","5","3","3","2","2","3",NA,NA,NA,"2","2","5",NA,NA,NA,"5","1","5","5","3","1","2","3","3",NA,NA,NA,"1","5","5",NA,NA,NA,"1","1","5","5","4","2","2","3","3",NA,NA,NA,"1","5","2","4","23","2",NA,"1","2","1,5,7",NA,"73","310","Region #1"
354,"1","1","5","4","4",NA,NA,NA,"2","4","4","2","2","2",NA,NA,NA,"4","3","3","2","3","2",NA,NA,NA,"4","5","4","3","2","3",NA,NA,NA,"4","3","2","2","2","2",NA,NA,NA,"2","1","1","1","1","1",NA,NA,NA,"1","1","1","1","1","1",NA,NA,NA,"1","1","1","1","1","1",NA,NA,NA,"1","3","4","3","3","3",NA,NA,NA,"5","2","2","3","3","3",NA,NA,NA,"2","4","4","2","2","2",NA,NA,NA,"3","3","2","3","3","3",NA,NA,NA,"3","5","5",NA,NA,NA,"3","2","3","5","4","4","3","4","3",NA,NA,NA,"2","5","5",NA,NA,NA,"5","3","3","5","3","3","3","3","3",NA,NA,NA,"2","3","2","4","42","2",NA,"1","13","2,7",NA,"184","185","Region #5"
168,"4","4","4","4","3",NA,NA,NA,"5","2","2","1","1","1",NA,NA,NA,"1","1","1","1","1","1",NA,NA,NA,"1","4","4","1","1","1",NA,NA,NA,"1","5","5",NA,NA,NA,"3","3","3","5","4","4","2","2","2",NA,NA,NA,"3","5","5",NA,NA,NA,"3","3","3","3","4","4","3","3","3",NA,NA,NA,"3","5","5",NA,NA,NA,"3","2","2","5","4","4","2","2","2",NA,NA,NA,"2","5","5",NA,NA,NA,"3","3","3","5","5","5",NA,NA,NA,"3","3","3","3","5","5",NA,NA,NA,"5","5","3","5","4","4","3","2","3",NA,NA,NA,"2","4","4","3","3","3",NA,NA,NA,"3","4","4","3","3","3",NA,NA,NA,"3","5","2","4","54","2",NA,"7","3","7",NA,"249","94","Region #8"
226,"1","1","1","1","1",NA,NA,NA,"1","1","1","1","1","1",NA,NA,NA,"1","1","1","1","1","1",NA,NA,NA,"1","1","1","1","1","1",NA,NA,NA,"1","1","1","1","1","1",NA,NA,NA,"1","1","1","1","1","1",NA,NA,NA,"1","1","1","1","1","1",NA,NA,NA,"1","1","1","1","1","1",NA,NA,NA,"1","1","1","1","1","1",NA,NA,NA,"1","1","1","1","1","1",NA,NA,NA,"1","1","1","1","1","1",NA,NA,NA,"1","1","1","1","1","1",NA,NA,NA,"1","3","3","2","2","1",NA,NA,NA,"2","2","1","1","1","1",NA,NA,NA,"1","2","3","1","1","1",NA,NA,NA,"1","1","2","1","1","2",NA,NA,NA,"1","1","1","4","55","2",NA,"5","13","7",NA,NA,NA,NA
100,"3","2","2","2","2",NA,NA,NA,"1","2","1","1","1","1",NA,NA,NA,"1","2","2","1","1","1",NA,NA,NA,"1","2","2","2","2","2",NA,NA,NA,"1","4","4","3","3","3",NA,NA,NA,"4","2","2","1","1","2",NA,NA,NA,"1","3","3","2","2","2",NA,NA,NA,"2","4","4","3","3","3",NA,NA,NA,"4","5","5",NA,NA,NA,"3","3","3","5","5","5",NA,NA,NA,"3","3","3","5","5","5",NA,NA,NA,"3","3","3","5","5","5",NA,NA,NA,"3","3","3","5","4","5",NA,NA,NA,"5","5","5","5","4","5",NA,NA,NA,"3","3","3","5","5","5",NA,NA,NA,"3","3","3","5","5","5",NA,NA,NA,"3","3","3","5","5","2","4","30","2",NA,"5","5","3",NA,"152","188","Region #5"
78,"2","2","1","1","1",NA,NA,NA,"2","1","1","1","1","1",NA,NA,NA,"1","1","1","1","1","1",NA,NA,NA,"1","1","1","1","1","1",NA,NA,NA,"1","4","4","2","2","2",NA,NA,NA,"3","2","1","1","1","1",NA,NA,NA,"1","1","1","1","1","1",NA,NA,NA,"1","3","2","1","1","1",NA,NA,NA,"1","4","4","2","2","2",NA,NA,NA,"3","2","3","2","1","1",NA,NA,NA,"1","3","4","2","2","2",NA,NA,NA,"3","3","3","2","2","2",NA,NA,NA,"2","3","5",NA,NA,NA,"3","3","3","4","3","3","2","2","2",NA,NA,NA,"1","5","5",NA,NA,NA,"2","2","3","3","3","3","2","2","2",NA,NA,NA,"2","5","2","4","59","2",NA,"7","4","7",NA,"210","117","Region #7"
9,"4","1","1","1","1",NA,NA,NA,"1","1","1","1","1","1",NA,NA,NA,"1","1","1","1","1","1",NA,NA,NA,"1","1","1","1","1","1",NA,NA,NA,"1","4","5",NA,NA,NA,"4","4","4","4","2","2","2","2","2",NA,NA,NA,"2","3","3","2","2","2",NA,NA,NA,"3","3","4","2","2","2",NA,NA,NA,"2","4","5",NA,NA,NA,"5","5","5","4","2","2","1","1","1",NA,NA,NA,"2","4","4","2","2","2",NA,NA,NA,"3","3","3","2","2","2",NA,NA,NA,"2","1","5",NA,NA,NA,"5","5","5","5","1","1","3","3","3",NA,NA,NA,"2","5","5",NA,NA,NA,"3","3","3","4","1","3","3","3","3",NA,NA,NA,"3","5","2","4","25","2",NA,"5","5","2",NA,"175","158","Region #6"
163,"4","1","1","1","1",NA,NA,NA,"1","1","1","1","1","1",NA,NA,NA,"1","1","1","1","1","1",NA,NA,NA,"1","3","1","1","1","1",NA,NA,NA,"1","4","2","3","2","2",NA,NA,NA,"2","1","1","1","1","1",NA,NA,NA,"1","1","1","1","1","1",NA,NA,NA,"1","2","1","1","1","1",NA,NA,NA,"1","5","4","4","4","4",NA,NA,NA,"5","3","3","2","2","2",NA,NA,NA,"2","4","5",NA,NA,NA,"3","3","3","5","3","3","2","2","2",NA,NA,NA,"2","3","3","4","4","3",NA,NA,NA,"4","2","3","2","2","1",NA,NA,NA,"2","3","3","2","2","2",NA,NA,NA,"2","1","1","1","1","1",NA,NA,NA,"1","5","2","4","33","3",NA,"1","3","7",NA,"120","253","Region #3"
332,"4","4","2","2","2",NA,NA,NA,"1","2","1","1","1","1",NA,NA,NA,"1","1","1","1","1","1",NA,NA,NA,"1","2","1","1","1","1",NA,NA,NA,"1","4","4","3","3","3",NA,NA,NA,"2","2","1","1","1","1",NA,NA,NA,"1","2","1","1","1","1",NA,NA,NA,"1","2","1","1","1","1",NA,NA,NA,"1","4","5",NA,NA,NA,"5","5","5","5","3","2","1","1","1",NA,NA,NA,"2","5","5",NA,NA,NA,"5","5","5","5","3","3","1","1","1",NA,NA,NA,"2","4","5",NA,NA,NA,"4","4","4","4","4","5",NA,NA,NA,"3","3","3","3","5","5",NA,NA,NA,"3","3","3","5","4","4","2","3","3",NA,NA,NA,"3","5","2","4","28","1",NA,"4","5","6,7",NA,NA,NA,NA
312,"3","3","2","3","2",NA,NA,NA,"2","2","1","1","1","1",NA,NA,NA,"1","2","2","1","1","1",NA,NA,NA,"1","1","1","1","1","1",NA,NA,NA,"2","3","4","3","3","3",NA,NA,NA,"3","2","2","2","2","2",NA,NA,NA,"1","4","4","2","2","2",NA,NA,NA,"2","3","3","2","2","2",NA,NA,NA,"1","3","4","4","4","2",NA,NA,NA,"4","2","2","3","2","2",NA,NA,NA,"1","5","5",NA,NA,NA,"5","4","2","5","3","3","3","3","2",NA,NA,NA,"2","5","5",NA,NA,NA,"5","5","1","4","4","4","4","2","4",NA,NA,NA,"3","5","5",NA,NA,NA,"4","3","3","5","4","4","2","2","4",NA,NA,NA,"4","5","2","4","26","2",NA,"6","5","2",NA,"200","157","Region #6"
181,"4","3","1","1","1",NA,NA,NA,"1","1","1","1","1","1",NA,NA,NA,"1","1","1","1","1","1",NA,NA,NA,"1","1","1","1","1","1",NA,NA,NA,"1","4","3","1","1","1",NA,NA,NA,"3","1","1","1","1","1",NA,NA,NA,"1","1","1","1","1","1",NA,NA,NA,"1","1","1","1","1","1",NA,NA,NA,"1","3","4","3","3","3",NA,NA,NA,"3","3","3","2","2","2",NA,NA,NA,"2","3","3","2","2","2",NA,NA,NA,"2","3","3","2","2","2",NA,NA,NA,"2","4","5",NA,NA,NA,"3","3","3","3","3","3","2","2","3",NA,NA,NA,"2","4","5",NA,NA,NA,"3","3","3","3","3","3","2","2","3",NA,NA,NA,"2","5","2","4","59","2",NA,"5","2","7",NA,"199","188","Region #5"
299,"4","3","1","1","2",NA,NA,NA,"1","1","1","1","1","1",NA,NA,NA,"1","1","1","1","1","1",NA,NA,NA,"1","3","3","2","1","1",NA,NA,NA,"1","5","5",NA,NA,NA,"2","2","2","3","2","2","2","2","1",NA,NA,NA,"2","3","3","2","2","1",NA,NA,NA,"2","3","3","1","2","2",NA,NA,NA,"2","5","5",NA,NA,NA,"2","2","3","4","4","4","3","3","3",NA,NA,NA,"3","4","5",NA,NA,NA,"3","2","2","4","4","5",NA,NA,NA,"3","3","3","3","5","5",NA,NA,NA,"4","4","3","5","4","5",NA,NA,NA,"3","3","3","4","5","5",NA,NA,NA,"2","2","4","5","4","4","4","4","1",NA,NA,NA,"3","5","2","4","33","2",NA,"7","3","7",NA,"197","133","Other"
303,"2","2","1","1","1",NA,NA,NA,"1","1","1","1","1","1",NA,NA,NA,"1","1","1","1","1","1",NA,NA,NA,"1","1","1","1","1","1",NA,NA,NA,"1","3","3","1","1","1",NA,NA,NA,"1","1","1","1","1","1",NA,NA,NA,"1","2","2","1","1","1",NA,NA,NA,"1","2","2","1","1","1",NA,NA,NA,"1","5","5",NA,NA,NA,"1","2","2","1","1","1","1","1","1",NA,NA,NA,"1","2","2","1","1","1",NA,NA,NA,"1","5","5",NA,NA,NA,"1","1","1","1","5","5",NA,NA,NA,"3","3","3","2","3","3","2","2","2",NA,NA,NA,"1","5","5",NA,NA,NA,"3","3","3","3","3","3","3","2","2",NA,NA,NA,"2","5","2","4","39","1",NA,"5","3","7",NA,"146","184","Other"
106,"3","4","4","4","3",NA,NA,NA,"2","2","3","1","1","2",NA,NA,NA,"1","1","1","1","1","1",NA,NA,NA,"1","3","4","1","2","1",NA,NA,NA,"2","2","5",NA,NA,NA,"2","3","3","5","3","3","3","1","2",NA,NA,NA,"2","5","5",NA,NA,NA,"3","3","1","3","4","3","3","3","2",NA,NA,NA,"3","5","5",NA,NA,NA,"3","5","4","5","4","5",NA,NA,NA,"3","3","2","2","5","5",NA,NA,NA,"3","4","4","5","5","5",NA,NA,NA,"2","3","3","5","5","5",NA,NA,NA,"3","5","5","5","4","4","2","3","3",NA,NA,NA,"2","5","5",NA,NA,NA,"3","5","5","5","4","3","2","2","3",NA,NA,NA,"2","5","2","4","40","1",NA,"5","2","7",NA,"175","218","Region #4"
228,"1","2","4","5","5",NA,NA,NA,"2","1","1","1","2","2",NA,NA,NA,"1","1","1","1","4","4",NA,NA,NA,"1","1","2","2","5","4",NA,NA,NA,"2","4","3","2","2","2",NA,NA,NA,"1","1","1","1","1","1",NA,NA,NA,"1","1","3","1","4","2",NA,NA,NA,"2","2","2","1","2","2",NA,NA,NA,"1","4","5",NA,NA,NA,"4","2","2","4","3","3","4","4","2",NA,NA,NA,"2","5","5",NA,NA,NA,"5","2","4","4","4","2","4","2","2",NA,NA,NA,"2","4","5",NA,NA,NA,"5","4","4","5","2","3","2","2","2",NA,NA,NA,"2","3","2","2","2","4",NA,NA,NA,"2","1","1","2","4","4",NA,NA,NA,"2","5","2","4","31","3",NA,"3","3","7",NA,"187","187","Region #5"
314,"1","1","1","1","1",NA,NA,NA,"1","1","1","1","1","1",NA,NA,NA,"1","1","1","1","1","1",NA,NA,NA,"1","1","1","1","1","1",NA,NA,NA,"1","1","4","3","1","1",NA,NA,NA,"4","1","1",NA,"1","1",NA,NA,NA,"1","1","1","1","1","1",NA,NA,NA,"1","1","1","1","1","1",NA,NA,NA,"2","1","1","1","1","1",NA,NA,NA,"1","2","1","1","1","1",NA,NA,NA,"1","1","1","1","1","1",NA,NA,NA,"1","1","1","1","2","1",NA,NA,NA,"1","3","3","4","3","3",NA,NA,NA,"4","4","5",NA,NA,NA,"4","4","1","4","3","3","3","4","4",NA,NA,NA,"4","4","5",NA,NA,NA,"4","4","4","3","5","2","4","42","1",NA,"7","6","7",NA,NA,NA,NA
128,"4","3","2","2","2",NA,NA,NA,"2","2","2","2","2","2",NA,NA,NA,"2","2","2","1","1","1",NA,NA,NA,"1","3","3","2","2","2",NA,NA,NA,"2","3","3","3","4","3",NA,NA,NA,"2","3","3","2","2","2",NA,NA,NA,"2","3","3","2","3","2",NA,NA,NA,"2","3","3","2","3","3",NA,NA,NA,"2","4","4","3","4","4",NA,NA,NA,"3","3","3","3","3","3",NA,NA,NA,"2","4","5",NA,NA,NA,"3","4","4","4","4","3","2","3","3",NA,NA,NA,"3","3","3","4","4","3",NA,NA,NA,"2","3","3","2","2","3",NA,NA,NA,"2","4","4","2","2","3",NA,NA,NA,"3","3","3","2","2","3",NA,NA,NA,"2","5","2","4","50","2",NA,"5","5","7",NA,"147","249","Region #3"
16,"3","2","1","1","1",NA,NA,NA,"1","1","1","1","1","1",NA,NA,NA,"1","1","1","1","1","1",NA,NA,NA,"1","3","2","1","1","1",NA,NA,NA,"1","4","3","1","1","1",NA,NA,NA,"4","1","1","1","1","1",NA,NA,NA,"1","1","1","1","1","1",NA,NA,NA,"1","2","2","1","1","1",NA,NA,NA,"1","4","5",NA,NA,NA,"1","2","2","4","1","1","2","2","1",NA,NA,NA,"1","3","5",NA,NA,NA,"2","2","2","4","3","2","2","1","1",NA,NA,NA,"1","3","5",NA,NA,NA,"3","3","3","5","3","4","2","2","2",NA,NA,NA,"2","3","5",NA,NA,NA,"2","3","3","4","2","3","2","2","2",NA,NA,NA,"3","5","2","4","32","3",NA,"5","5","4,7",NA,"129","239","Region #3"
343,"3","4","3","3","3",NA,NA,NA,"3","2","1","1","1","2",NA,NA,NA,"1","2","2","1","2","1",NA,NA,NA,"1","3","2","2","1","1",NA,NA,NA,"1","3","3","2","2","2",NA,NA,NA,"3","3","3","2","2","2",NA,NA,NA,"2","2","3","2","2","2",NA,NA,NA,"2","3","3","2","2","2",NA,NA,NA,"2","4","4","2","1","1",NA,NA,NA,"4","2","2","2","2","2",NA,NA,NA,"1","3","3","2","1","1",NA,NA,NA,"2","3","3","2","3","2",NA,NA,NA,"3","5","5",NA,NA,NA,"4","4","4","5","3","3","3","3","2",NA,NA,NA,"2","3","4","2","3","3",NA,NA,NA,"3","3","3","3","3","2",NA,NA,NA,"3","5","2","4","73","2",NA,"4","3","7",NA,"181","157","Region #6"
267,"4","4","1","2","2",NA,NA,NA,"2","1","1","1","1","1",NA,NA,NA,"1","2","3","1","1","1",NA,NA,NA,"1","3","3","2","1","1",NA,NA,NA,"2","4","4","1","2","2",NA,NA,NA,"2","2","2","1","1","1",NA,NA,NA,"1","4","4","2","2","2",NA,NA,NA,"2","4","4","2","2","1",NA,NA,NA,"2","4","5",NA,NA,NA,"2","2","1","4","3","2","2","2","1",NA,NA,NA,"2","5","5",NA,NA,NA,"3","3","3","5","4","4","2","2","2",NA,NA,NA,"3","5","5",NA,NA,NA,"2","2","2","5","3","3","2","2","2",NA,NA,NA,"2","5","5",NA,NA,NA,"2","2","2","5","4","4","2","3","2",NA,NA,NA,"4","5","2","4","38","1",NA,"7","5","7",NA,NA,NA,NA
251,"1","1","1","1","1",NA,NA,NA,"1","1","1","1","1","1",NA,NA,NA,"1","1","1","1","1","1",NA,NA,NA,"1","1","1","1","1","1",NA,NA,NA,"1","2","2","1","2","2",NA,NA,NA,"1","1","1","1","1","1",NA,NA,NA,"1","1","1","1","1","1",NA,NA,NA,"1","1","1","1","1","1",NA,NA,NA,"1","4","4","3","3","3",NA,NA,NA,"2","2","2","1","1","1",NA,NA,NA,"1","2","3","2","2","2",NA,NA,NA,"1","2","2","2","1","2",NA,NA,NA,"2","4","5",NA,NA,NA,"3","3","3","4","3","3","3","3","3",NA,NA,NA,"3","5","5",NA,NA,NA,"3","3","3","3","3","3","3","3","3",NA,NA,NA,"3","1","1","4","47","2",NA,"6","6","7",NA,"259","92","Region #8"
263,"4","4","4","4","4",NA,NA,NA,"3","3","3","2","2","2",NA,NA,NA,"2","3","3","2","2","2",NA,NA,NA,"2","4","5",NA,NA,NA,"3","3","3","2","5","5",NA,NA,NA,"3","3","3","5","3","3","2","3","2",NA,NA,NA,"2","3","3","2","2","2",NA,NA,NA,"1","4","5",NA,NA,NA,"3","3","3","4","5","5",NA,NA,NA,"3","3","3","4","4","4","2","2","2",NA,NA,NA,"2","4","4","2","3","2",NA,NA,NA,"2","4","4","3","3","3",NA,NA,NA,"2","5","5",NA,NA,NA,"4","4","3","5","4","4","3","3","3",NA,NA,NA,"3","4","4","3","3","3",NA,NA,NA,"2","4","4","3","3","3",NA,NA,NA,"2","5","2","4","75","1",NA,"6","5","7",NA,"283","94","Region #8"
249,"1","1","1","1","1",NA,NA,NA,"2","2","2","1","2","2",NA,NA,NA,"2",NA,"2","2","2","2",NA,NA,NA,"2","2","2","2","2","2",NA,NA,NA,"2","2","2","2","2","2",NA,NA,NA,"2","2","2","2","2","2",NA,NA,NA,"2","2","2","2","2","2",NA,NA,NA,"2","2","2","2","2","2",NA,NA,NA,"2","2","3","3","3","3",NA,NA,NA,"2","2","2","2","2","2",NA,NA,NA,"2","3","3","3","3","3",NA,NA,NA,"3","2","2","3","3","3",NA,NA,NA,"2","3","3","3","3","3",NA,NA,NA,"3","3","3","3","3","3",NA,NA,NA,"2","4","4","3","3","3",NA,NA,NA,"4","3","3","3","3","3",NA,NA,NA,"3","5","2","4","52","2",NA,"5","5","7",NA,"177","189","Region #5"
96,"1","1","1","1","1",NA,NA,NA,"1","1","1","1","1","1",NA,NA,NA,"1","1","1","1","1","1",NA,NA,NA,"1","1","1","1","1","1",NA,NA,NA,"1","5","3","2","2","2",NA,NA,NA,"2","1","1","1","1","1",NA,NA,NA,"1","1","1","1","1","1",NA,NA,NA,"1","1","1","1","1","1",NA,NA,NA,"1","5","5",NA,NA,NA,"4","5","4","5","3","3","2","3","3",NA,NA,NA,"2","3","3","3","4","4",NA,NA,NA,"2","3","3","3","4","4",NA,NA,NA,"2","4","5",NA,NA,NA,"5","5","5","5","3","3","3","4","5",NA,NA,NA,"4","5","5",NA,NA,NA,"5","5","5","3","1","2","3","3","5",NA,NA,NA,"2","5","2","4","43","2",NA,"7","4","3",NA,NA,NA,NA
254,"4","3","1","1","1",NA,NA,NA,"2","1","1","1","1","1",NA,NA,NA,"1","1","1","1","1","1",NA,NA,NA,"1","3","3","2","2","2",NA,NA,NA,"1","4","4","2","2","2",NA,NA,NA,"2","1","1","1","1","1",NA,NA,NA,"1","1","1","1","1","1",NA,NA,NA,"1","1","1","2","2","2",NA,NA,NA,"1","3","5",NA,NA,NA,"4","4","3","5","3","2","2","2","2",NA,NA,NA,"2","5","5",NA,NA,NA,"5","5","5","5","3","4","3","4","3",NA,NA,NA,"4","4","4","5","5","5",NA,NA,NA,"5","3","3","2","2","2",NA,NA,NA,"2","4","4","4","3","3",NA,NA,NA,"4","3","3","3","4","2",NA,NA,NA,"3","5","2","4","25","2",NA,"1","2","7",NA,"80","277","Other"
279,"1","1","1","1","1",NA,NA,NA,"1","1","1","1","1","1",NA,NA,NA,"1","1","1","1","1","1",NA,NA,NA,"1","1","1","1","1","1",NA,NA,NA,"1","1","1","1","1","1",NA,NA,NA,"1","1","1","1","1","1",NA,NA,NA,"1","2","2","2","1","1",NA,NA,NA,"1","1","1","1","1","1",NA,NA,NA,"1","4","4","4","4","4",NA,NA,NA,"4","3","3","2","2","2",NA,NA,NA,"2","4","4","4","3","4",NA,NA,NA,"4","2","3","2","2","3",NA,NA,NA,"4","4","4","4","3","3",NA,NA,NA,"4","4","4","3","2","3",NA,NA,NA,"4","4","4","3","3","3",NA,NA,NA,"4","4","4","4","4","4",NA,NA,NA,"4","5","2","4","28","2",NA,"1","4","3",NA,"267","82","Region #8"
75,"4","4","1","1","1",NA,NA,NA,"1","1","1","1","1","1",NA,NA,NA,"1","1","1","1","1","1",NA,NA,NA,"1","1","1","1","1","1",NA,NA,NA,"1","4","3","1","1","1",NA,NA,NA,"1","2","2","1","1","1",NA,NA,NA,"1","2","2","1","1","1",NA,NA,NA,"1","2","2","1","1","1",NA,NA,NA,"1","4","4","2","2","3",NA,NA,NA,"3","2","2","2","2","3",NA,NA,NA,"2","4","4","2","2","3",NA,NA,NA,"3","2","2","2","2","3",NA,NA,NA,"2","3","5",NA,NA,NA,"2","2","3","4","3","3","2","2","3",NA,NA,NA,"2","4","4","2","2","3",NA,NA,NA,"3","3","3","2","2","2",NA,NA,NA,"2","5","2","4","41","2",NA,"3","2","7",NA,NA,NA,NA
43,"3","4","3","2","2",NA,NA,NA,"2","1","1","1","1","1",NA,NA,NA,"1","1","1","1","1","1",NA,NA,NA,"1","2","1","1","1","1",NA,NA,NA,"1","3","4","2","2","2",NA,NA,NA,"2","2","2","2","3","2",NA,NA,NA,"1","1","2","2","1","1",NA,NA,NA,"1","1","2","2","3","2",NA,NA,NA,"2","2","5",NA,NA,NA,"5","5","3","5","2","2","3","3","3",NA,NA,NA,"3","5","5",NA,NA,NA,"2","2","2","2","3","3","2","3","3",NA,NA,NA,"2","4","5",NA,NA,NA,"3","3","3","5","4","3","3","3","3",NA,NA,NA,"3","5","5",NA,NA,NA,"3","3","3","5","3","3","3","3","3",NA,NA,NA,"3","5","2","4","32","3",NA,"4","2","2",NA,"137","212","Region #4"
28,"4","4","2","1","1",NA,NA,NA,"1","1","1","1","1","1",NA,NA,NA,"1","1","2","1","1","1",NA,NA,NA,"1","3","3","1","1","1",NA,NA,NA,"1","3","3","2","2","2",NA,NA,NA,"2","1","2","2","1","1",NA,NA,NA,"2","2","3","2","2","2",NA,NA,NA,"2","3","3","2","2","2",NA,NA,NA,"2","4","5",NA,NA,NA,"3","4","3","4","4","4","2","2","2",NA,NA,NA,"2","5","5",NA,NA,NA,"4","5","5","5","5","5",NA,NA,NA,"2","2","2","2","5","5",NA,NA,NA,"3","3","3","4","4","4","2","2","2",NA,NA,NA,"4","5","5",NA,NA,NA,"5","5","5","5","4","4","3","3","3",NA,NA,NA,"4","5","2","4","24","2",NA,"6","5","4,7",NA,"211","151","Region #6"
274,"4","4","2","2","2",NA,NA,NA,"4","1","1","2","2","2",NA,NA,NA,"1","1","1","2","2","2",NA,NA,NA,"2","4","4","2","2","2",NA,NA,NA,"4","4","4","1","1","1",NA,NA,NA,"2","2","2","1","1","1",NA,NA,NA,"1","3","3","1","1","1",NA,NA,NA,"1","4","4","1","1","1",NA,NA,NA,"2","5","5",NA,NA,NA,"2","2","2","4","4","4","1","1","2",NA,NA,NA,"2","4","4","2","2","2",NA,NA,NA,"4","5","5",NA,NA,NA,"2","2","2","3","3","3","3","3","3",NA,NA,NA,"2","4","4","3","3","3",NA,NA,NA,"4","4","4","3","3","3",NA,NA,NA,"4","3","3","3","3","3",NA,NA,NA,"2","5","2","4","28","1",NA,"5","5","7",NA,"170","192","Region #5"
113,"4","4","2","3","3",NA,NA,NA,"2","2","2","2","2","2",NA,NA,NA,"1","2","2","2","2","2",NA,NA,NA,"1","4","4","3","2","3",NA,NA,NA,"1","3","3","2","2","2",NA,NA,NA,"3","2","2","2","2","2",NA,NA,NA,"2","1","3","2","2","2",NA,NA,NA,"2","2","2","3","3","3",NA,NA,NA,"1","4","4","2","3","3",NA,NA,NA,"3","3","3","2","2","2",NA,NA,NA,"2","3","3","2","2","2",NA,NA,NA,"2","3","3","2","2","3",NA,NA,NA,"2","4","4","4","4","4",NA,NA,NA,"5","3","4","2","3","3",NA,NA,NA,"2","4","4","3","3","3",NA,NA,NA,"4","4","4","3","3","4",NA,NA,NA,"5","5","2","4","33","2",NA,"6","5","7",NA,"149","180","Other"
152,"4","4","3","4","4",NA,NA,NA,"4","3","3","3","3","3",NA,NA,NA,"3","4","5",NA,NA,NA,"4","3","3","4","4","4","4","3","3",NA,NA,NA,"4","4","4","2","3","2",NA,NA,NA,"4","1","1","2","2","2",NA,NA,NA,"1","2","2","2","2","2",NA,NA,NA,"1","1","1","2","2","2",NA,NA,NA,"1","4","5",NA,NA,NA,"3","4","3","4","3","3","2","3","3",NA,NA,NA,"2","5","5",NA,NA,NA,"3","3","4","4","3","3","2","3","2",NA,NA,NA,"2","5","5",NA,NA,NA,"4","4","3","5","3","3","2","2","3",NA,NA,NA,"2","5","5",NA,NA,NA,"4","4","3","5","3","3","2","2","3",NA,NA,NA,"3","5","2","4","51","2",NA,"4","2","7",NA,"190","223","Region #4"
35,"3","3","3","3","3",NA,NA,NA,"4","1","1","1","1","1",NA,NA,NA,"1","1","1","1","1","1",NA,NA,NA,"1","3","3","3","3","3",NA,NA,NA,"2","4","4","3","3","3",NA,NA,NA,"2","2","2","1","1","2",NA,NA,NA,"2","2","1","2","2","2",NA,NA,NA,"1","3","3","2","2","2",NA,NA,NA,"2","4","5",NA,NA,NA,"4","4","4","5","3","2","2","2","2",NA,NA,NA,"1","4","4","2","2","2",NA,NA,NA,"2","5","5",NA,NA,NA,"3","3","3","3","5","5",NA,NA,NA,"3","3","3","5","3","3","2","3","2",NA,NA,NA,"2","3","3","2","2",NA,NA,NA,NA,"2","3","3","4","4","2",NA,NA,NA,"2","5","2","4","59","2",NA,"4","4","7",NA,"211","158","Region #6"
117,"4","4","3","4","2",NA,NA,NA,"2","2","2","2","1","2",NA,NA,NA,"1","2","2","1","1","1",NA,NA,NA,"1","3","2","2","1","2",NA,NA,NA,"1","3","4","2","2","2",NA,NA,NA,"2","2","2","1","1","2",NA,NA,NA,"1","1","1","1","2","1",NA,NA,NA,"1","3","3","2","2","1",NA,NA,NA,"1","4","4","2","2","2",NA,NA,NA,"2","2","2","2","1","2",NA,NA,NA,"1","2","2","2","2","2",NA,NA,NA,"1","3","3","2","1","2",NA,NA,NA,"1","4","4","3","4","3",NA,NA,NA,"3","3","3","2","2","2",NA,NA,NA,"2","4","3","3","1","2",NA,NA,NA,"2","3","3","3","2","2",NA,NA,NA,"2","5","2","4","52","2",NA,"5","3","7",NA,"171","201","Region #5"
276,"1","2","2","2","2",NA,NA,NA,"1","1","1","1","1","1",NA,NA,NA,"1","1","1","1","1","1",NA,NA,NA,"1","1","1","1","1","1",NA,NA,NA,"1","3","2","2","2","2",NA,NA,NA,"1","2","2","2","2","2",NA,NA,NA,"2","2","2","2","2","2",NA,NA,NA,"2","2","2","2","2","2",NA,NA,NA,"2","4","4","2","2","3",NA,NA,NA,"3","3","3","2","2","2",NA,NA,NA,"2","4","4","3","3","2",NA,NA,NA,"3","3","3","2","2","2",NA,NA,NA,"2","4","4","3","3","3",NA,NA,NA,"3","3","4","2","2","2",NA,NA,NA,"3","4","4","3","3","3",NA,NA,NA,"3","3","3","2","2","2",NA,NA,NA,"3","5","2","4","32","2",NA,"4","2","7",NA,"209","167","Region #6"
225,"3","2","2","2","2",NA,NA,NA,"2","1","2","1","1","1",NA,NA,NA,"1","1","1","1","1","1",NA,NA,NA,"1","1","1","2","2","2",NA,NA,NA,"2","4","3","2","2","2",NA,NA,NA,"2","2","2","2","2",NA,NA,NA,NA,"1","1","3","2","1","2",NA,NA,NA,"2","2","2","2","2","2",NA,NA,NA,"2","4","4","4","4","3",NA,NA,NA,"4","3","3","2","2","2",NA,NA,NA,"2","4","4","3","3","3",NA,NA,NA,"4","3","3","2","2","2",NA,NA,NA,"2","3","4","4","4","4",NA,NA,NA,"4","4","5",NA,NA,NA,"2","3","3","4","4","5",NA,NA,NA,"3","3","3","4","4","4","2","2","2",NA,NA,NA,"4","5","2","4","28","1",NA,"7","6","7",NA,"219","113","Region #7"
265,"3","3","2","2","3",NA,NA,NA,"2","1","1","1","1","1",NA,NA,NA,"1","1","1","1","1","1",NA,NA,NA,"1","4","4","1","1","1",NA,NA,NA,"1","4","4","2","2","2",NA,NA,NA,"2","2","2","1","1","1",NA,NA,NA,"1","1","1","1","1","1",NA,NA,NA,"1","2","3","1","1","1",NA,NA,NA,"1","5","5",NA,NA,NA,"3","3","3","3","3","3","2","2","3",NA,NA,NA,"2","3","3","2","2","2",NA,NA,NA,"2","3","3","3","2","3",NA,NA,NA,"2","4","4","3","3","3",NA,NA,NA,"3","4","3","2","2","2",NA,NA,NA,"3","5","5",NA,NA,NA,"2","2","2","3","3","4","2","3","3",NA,NA,NA,"2","5","2","4","30","2",NA,"7","5","7",NA,"209","156","Region #6"
300,"3","3","2","2","2",NA,NA,NA,"2","1","1","1","1","1",NA,NA,NA,"1","1","1","1","1","1",NA,NA,NA,"1","2","3","2","2","1",NA,NA,NA,"2","4","4","2","2","2",NA,NA,NA,"2","2","2","2","2","2",NA,NA,NA,"2","3","3","2","2","2",NA,NA,NA,"2","3","4","2","2","2",NA,NA,NA,"2","4","5",NA,NA,NA,"3","3","3","4","3","3","3","3","3",NA,NA,NA,"3","5","5",NA,NA,NA,"3","3","3","4","4","5",NA,NA,NA,"3","3","3","3","4","5",NA,NA,NA,"2","3","3","4","4","4","3","3","3",NA,NA,NA,"2","4","4","3","3","3",NA,NA,NA,"3","3","4","3","3","3",NA,NA,NA,"3","5","2","4","38","1",NA,"7","5","7",NA,"215","157","Region #6"
175,"2","2","5","5","3",NA,NA,NA,"2","3","3","2","2","2",NA,NA,NA,"2","1","2","2","2","2",NA,NA,NA,"1","4","4","3","3","3",NA,NA,NA,"2","4","4","2","2","2",NA,NA,NA,"2","2","2","2","2","2",NA,NA,NA,"1","3","3","2","1","1",NA,NA,NA,"1","2","2","2","1","1",NA,NA,NA,"1","5","5",NA,NA,NA,"5","5","5","5","4","4","3","3","3",NA,NA,NA,"2","5","5",NA,NA,NA,"5","5","5","5","5","5",NA,NA,NA,"5","5","5","5","3","5",NA,NA,NA,"5","5","5","5","2","2","3","3","3",NA,NA,NA,"1","3","5",NA,NA,NA,"3","3","3","3","3","3","3","3","3",NA,NA,NA,"2","5","2","4","46","2",NA,"7","5","7",NA,"153","184","Region #5"
97,"2","2","2","3","3",NA,NA,NA,"2","1","2","2","2","2",NA,NA,NA,"1","1","1","1","1","1",NA,NA,NA,"1","1","1",NA,"2","2",NA,NA,NA,NA,"3","3","2","3","3",NA,NA,NA,"3","2","2","2","2","2",NA,NA,NA,"2","2","3","2","2","2",NA,NA,NA,"3","2","2","2","3","2",NA,NA,NA,NA,"3","4","3","2","3",NA,NA,NA,"3","2","3","2","2","3",NA,NA,NA,"3","4","5",NA,NA,NA,"3","4","3","4","2","3","2","2","3",NA,NA,NA,"2","3","4","2","3","3",NA,NA,NA,"3","2","3","2","3","3",NA,NA,NA,"2","3","4","3","3","3",NA,NA,NA,"3","2","3","2","3","3",NA,NA,NA,"2","5","2","4","33","2",NA,"4","4","4,7",NA,"192","163","Region #6"
17,"1","1",NA,"3","3",NA,NA,NA,"3","2","2","3","3","1",NA,NA,NA,"2","2","2","3","2","2",NA,NA,NA,"3","2","2","3","3",NA,NA,NA,NA,"3","4","3","3","3","2",NA,NA,NA,"1","2","2","1","2","3",NA,NA,NA,"3","2","2","3","3","3",NA,NA,NA,"1","2","2","3","3","2",NA,NA,NA,"3","2","2","2","3","3",NA,NA,NA,"3","3","1","3","3","3",NA,NA,NA,"3","2","2","2","5","4",NA,NA,NA,"3","3","3","3","3","3",NA,NA,NA,"3","3","3","3","3","3",NA,NA,NA,"3","2","2","3","3","3",NA,NA,NA,"3","3","2","3","4","3",NA,NA,NA,"3","2","2","3","2","3",NA,NA,NA,"2","5","2","4","40","2",NA,"4","6","7",NA,NA,NA,NA
107,"4","4","2","2","1",NA,NA,NA,"1","1","1","1","1","1",NA,NA,NA,"1","1","1","1","1","1",NA,NA,NA,"1","1","2","1","1","1",NA,NA,NA,"1","4","5",NA,NA,NA,"2","3","2","3","3","2","2","2","2",NA,NA,NA,"2","2","2","1","1","1",NA,NA,NA,"1","3","2","2","2","1",NA,NA,NA,"1","4","5",NA,NA,NA,"3","3","3","4","3","2","2","2","2",NA,NA,NA,"1","3","4","2","2","2",NA,NA,NA,"2","3","3","2","2","2",NA,NA,NA,"1","5","5",NA,NA,NA,"3","4","4","5","3","4","2","2","3",NA,NA,NA,"2","5","5",NA,NA,NA,"3","3","4","5","3","4","2","3","2",NA,NA,NA,"3","5","2","4","39","1",NA,"7","6","7",NA,"283","60","Region #9"
313,"3","4","4","2","3",NA,NA,NA,"3","2","1","2","1","2",NA,NA,NA,"1","1","2","1","1","1",NA,NA,NA,"2","3","3","2","2","2",NA,NA,NA,"1","3","3","3","2","2",NA,NA,NA,"2","2","2","1","2","1",NA,NA,NA,"1","1","2","2","2","2",NA,NA,NA,"1","3","3","2","2","2",NA,NA,NA,"2","4","5",NA,NA,NA,"3","2","2","5","5","4","3","2","2",NA,NA,NA,"2","4","4","2","2","2",NA,NA,NA,"3","4","4","2","2","2",NA,NA,NA,"2","3","5",NA,NA,NA,"2","2","3","5","2","3","2","3","3",NA,NA,NA,"2","5","5",NA,NA,NA,"3","3","4","4","4","5",NA,NA,NA,"2","2","2","4","5","2","4","22","2",NA,"7","3","7",NA,"240","158","Region #6"
227,"5","5",NA,NA,NA,"3","3","3","3","1","1","1","1","1",NA,NA,NA,"1","1","1","1","1","1",NA,NA,NA,"1","2","2","2","2","2",NA,NA,NA,"1","5","5",NA,NA,NA,"3","3","5","3","1","1","1","1","1",NA,NA,NA,"1","2","3","2","2","1",NA,NA,NA,"1","3","2","2","2","1",NA,NA,NA,"1","5","5",NA,NA,NA,"3","3","3","4","3","5",NA,NA,NA,"2","2","2","2","4","5",NA,NA,NA,"3","3","3","3","4","5",NA,NA,NA,"2","2","2","2","5","5",NA,NA,NA,"4","5","5","5","3","4","2","2","2",NA,NA,NA,"3","4","5",NA,NA,NA,"2","2","2","4","1","4","3","3","3",NA,NA,NA,"3","5","2","4","41","2",NA,"6","5","7",NA,"171","186","Region #5"
326,"3","2","1","1","1",NA,NA,NA,"1","1","1","1","1","1",NA,NA,NA,"1","1","1","1","1","1",NA,NA,NA,"1","2","2","1","1","1",NA,NA,NA,"1","3","2","1","1","1",NA,NA,NA,"1","1","1","1","1","1",NA,NA,NA,"1","1","1","1","1","1",NA,NA,NA,"1","2","1","1","1","1",NA,NA,NA,"1","4","4","3","3","3",NA,NA,NA,"3","2","3","2","2","1",NA,NA,NA,"2","5","5",NA,NA,NA,"3","3","3","3","2","2","2","2","1",NA,NA,NA,"1","4","4","3","3","3",NA,NA,NA,"4","3","3","2","2","2",NA,NA,NA,"2","4","4","2","3","2",NA,NA,NA,"4","3","3","2","2","2",NA,NA,NA,"2","5","2","4","23","2",NA,"6","3","7",NA,"238","127","Region #7"
238,"4","3","1","1","1",NA,NA,NA,"1","2","2","2","2","2",NA,NA,NA,"1","1","1","1","1","1",NA,NA,NA,"1","2","1","1","1","1",NA,NA,NA,"1","4","3","1","1","1",NA,NA,NA,"1","1","2","1","1","2",NA,NA,NA,"1","1","2","1","1","2",NA,NA,NA,"2","4","4","2","2","2",NA,NA,NA,"1","5","5",NA,NA,NA,"2","3","3","2","3","3","2","2","2",NA,NA,NA,"2","4","4","2","2","2",NA,NA,NA,"2","3","3","2","3","2",NA,NA,NA,"2","5","5",NA,NA,NA,"3","3","3","3","3","3","2","3","2",NA,NA,NA,"2","4","4","2","3","3",NA,NA,NA,"2","3","3","2","2","2",NA,NA,NA,"2","5","2","4","45","2",NA,"5","4","3",NA,"151","216","Region #4"
350,"4","3","1","1","1",NA,NA,NA,"1","1","1","1","1","1",NA,NA,NA,"1","1","1","1","1","1",NA,NA,NA,"1","4","3","1","1","1",NA,NA,NA,"1","4","4","1","1","1",NA,NA,NA,"1","1","1","1","1","1",NA,NA,NA,"1","1","1","1","1","1",NA,NA,NA,"1","2","2","1","1","1",NA,NA,NA,"1","4","4","3","4","4",NA,NA,NA,"4","3","1","3","1","1",NA,NA,NA,"1","3","1","1","1","1",NA,NA,NA,"1","3","4","2","2","1",NA,NA,NA,"1","4","5",NA,NA,NA,"4","4","2","3","3","3","2","2","1",NA,NA,NA,"1","4","4","3","3","3",NA,NA,NA,"2","3","4","2","2","3",NA,NA,NA,"1","5","2","4","41","2",NA,"7","6","7",NA,"239","110","Other"
367,"3","3","1","1","1",NA,NA,NA,"1","1","1","1","1","1",NA,NA,NA,"1","1","1","1","1","1",NA,NA,NA,"1","4","3","1","1","1",NA,NA,NA,"1","3","4","2","2","2",NA,NA,NA,"2","2","2","1","1","2",NA,NA,NA,"1","5","5",NA,NA,NA,"3","5","5","5","3","4","2","2","2",NA,NA,NA,"2","1","5",NA,NA,NA,"5","5","5","5","4","4","5","5","3",NA,NA,NA,"4","5","5",NA,NA,NA,"5","5","5","5","5","5",NA,NA,NA,"3","3","3","5","4","5",NA,NA,NA,"5","5","5","5","3","3","4","2","3",NA,NA,NA,"3","5","5",NA,NA,NA,"3","3","3","4","5","3","4","2","2",NA,NA,NA,"3","5","2","4","24","1",NA,"4","5","4",NA,"134","207","Region #4"
358,"3","3","3","3","4",NA,NA,NA,"3","1","1","1","1","1",NA,NA,NA,"1","1","1","1","1","1",NA,NA,NA,"1","1","1","2","2","2",NA,NA,NA,"1","4","5",NA,NA,NA,"4","4","4","5","2","1","1","1","1",NA,NA,NA,"2","2","2","1","1","1",NA,NA,NA,"2","3","3","2","2","2",NA,NA,NA,"3","5","5",NA,NA,NA,"4","4","5","5","4","4","2","1","2",NA,NA,NA,"2","5","5",NA,NA,NA,"3","4","3","5","4","4","2","2","2",NA,NA,NA,"2","4","5",NA,NA,NA,"5","5","3","5","5","5",NA,NA,NA,"2","2","2","5","5","5",NA,NA,NA,"2","2","2","5","5","5",NA,NA,NA,"2","3","2","5","5","2","4","25","1",NA,"7","13","7",NA,"163","234","Other"
214,"4","4","2","4","2",NA,NA,NA,"2","1","1","1","1","1",NA,NA,NA,"1","1","1","1","1","1",NA,NA,NA,"1","3","3","2","2","2",NA,NA,NA,"2","4","4","2","3","1",NA,NA,NA,"2","3","3","3","2","2",NA,NA,NA,"2","4","4","3","3","3",NA,NA,NA,"3","4","3","2","2","2",NA,NA,NA,"2","4","5",NA,NA,NA,"3","4","2","4","3","4","3","2","3",NA,NA,NA,"2","5","5",NA,NA,NA,"5","5","5","5","4","4","4","2","3",NA,NA,NA,"4","5","5",NA,NA,NA,"5","5","5","5","4","5",NA,NA,NA,"3","3","2","4","5","5",NA,NA,NA,"4","5","4","5","5","5",NA,NA,NA,"4","2","3","5","5","2","4","38","1",NA,"7","3","7",NA,"203","155","Region #6"
294,"3","2","1","2","3",NA,NA,NA,"2","1","1","1","1","1",NA,NA,NA,"1","1","1","1","1","1",NA,NA,NA,"1","1","1","1","1","1",NA,NA,NA,"1","5","5",NA,NA,NA,"2","2","2","2","2","2","2","1",NA,NA,NA,NA,"1","1","2","2","1","1",NA,NA,NA,"1","1","1","1","1","1",NA,NA,NA,"1","4","5",NA,NA,NA,"3","4","4","3","3","3","3","3","2",NA,NA,NA,"2","4","4","2","2","2",NA,NA,NA,"3","3","3","2","2","2",NA,NA,NA,"2","4","4","3","2","3",NA,NA,NA,"4","3","4","2","2","3",NA,NA,NA,"3","3","4","3","2","3",NA,NA,NA,"2","2","4","2","2","3",NA,NA,NA,"3","5","2","4","28","3",NA,"5","3","7",NA,"140","210","Region #4"
169,"4","5",NA,NA,NA,"4","4","2","4","2","2","2","2","2",NA,NA,NA,"1","1","1","1","1","1",NA,NA,NA,"1","4","3","2","2","2",NA,NA,NA,"2","3","3","4","4","4",NA,NA,NA,"2","3","3","2","2","2",NA,NA,NA,"2","3","3","2","2","2",NA,NA,NA,"2","4","4","2","2","2",NA,NA,NA,"2","4","4","2","3","2",NA,NA,NA,"2","3","3","2","2","2",NA,NA,NA,"2","3","3","2","2","2",NA,NA,NA,"2","4","4","2","2","2",NA,NA,NA,"2","4","4","3","3","3",NA,NA,NA,"3","3","3","2","2","2",NA,NA,NA,"2","4","4","2","2","2",NA,NA,NA,"2","3","3","2","2","2",NA,NA,NA,"2","5","2","4","51","1",NA,"2","4","7",NA,"127","211","Other"
184,"3","5",NA,NA,NA,"4","4","4","5","1","1","1","1","1",NA,NA,NA,"1","1","1","1","1","1",NA,NA,NA,"1","1","1","1","1","1",NA,NA,NA,"1","3","5",NA,NA,NA,"3","3","3","5","1","1","1","1","1",NA,NA,NA,"1","1","1","1","1","1",NA,NA,NA,"1","1","1","1","1","1",NA,NA,NA,"1","3","5",NA,NA,NA,"4","4","3","5","1","3","2","2","3",NA,NA,NA,"3","4","4","2","2","3",NA,NA,NA,"4","1","3","2","2","3",NA,NA,NA,"3","3","5",NA,NA,NA,"4","4","3","5","2","4","2","2","3",NA,NA,NA,"3","4","4","2","2","3",NA,NA,NA,"4","2","3","2","2","3",NA,NA,NA,"3","5","2","4","25","2",NA,"8","5","7",NA,"232","122","Region #7"
273,"1","1","1","1","1",NA,NA,NA,"1","1","1","1","1","1",NA,NA,NA,"1","1","1","1","1","1",NA,NA,NA,"1","1","1","1","1","1",NA,NA,NA,"1","1","1","2","2","2",NA,NA,NA,"2","1","1","1","1","1",NA,NA,NA,"1","2","2","2","2","2",NA,NA,NA,"2","2","2","2","2","2",NA,NA,NA,"2","3","4","4","4","4",NA,NA,NA,"3","3","3","2","2","2",NA,NA,NA,"2","4","5",NA,NA,NA,"2","4","5","4","4","4","2","2","2",NA,NA,NA,"3","4","4","2","2","4",NA,NA,NA,"2","3","3","2","2","4",NA,NA,NA,"2","4","4","3","3","3",NA,NA,NA,"4","4","4","2","2","4",NA,NA,NA,"2","5","2","4","23","1",NA,"4","3","7",NA,"111","257","Region #3"
91,"4","4","4","3","2",NA,NA,NA,"2","2","2","1","1","1",NA,NA,NA,"1","1","2","1","1","1",NA,NA,NA,"1","4","4","1","1","1",NA,NA,NA,"1","4","4","5","4","4",NA,NA,NA,"4","3","3","2","1","1",NA,NA,NA,"2","3","3","2","2","1",NA,NA,NA,"2","3","3","2","2","2",NA,NA,NA,"2","4","4","5","5","4",NA,NA,NA,"5","4","4","3","3","2",NA,NA,NA,"3","5","5",NA,NA,NA,"3","2","2","4","4","4","3","2","2",NA,NA,NA,"4","4","4","5","5","5",NA,NA,NA,"5","5","5",NA,NA,NA,"3","3","3","5","5","5",NA,NA,NA,"3","3","3","5","4","5",NA,NA,NA,"3","3","3","4","5","2","4","44","2",NA,"7","6","7",NA,"197","117","Other"
287,"4","4","2","2","2",NA,NA,NA,"1","1","1","1","1","1",NA,NA,NA,"1","1","1","1","1","1",NA,NA,NA,"1","2","2","1","1","1",NA,NA,NA,"1","3","3","2","2","2",NA,NA,NA,"2","2","2","2","2","2",NA,NA,NA,"2","2","2","2","2","2",NA,NA,NA,"2","2","2","2","2","2",NA,NA,NA,"2","3","4","3","3","3",NA,NA,NA,"3","3","3","3","3","3",NA,NA,NA,"2","5","5",NA,NA,NA,"2","2","2","3","4","4","3","3","3",NA,NA,NA,"3","4","4","3","3","3",NA,NA,NA,"3","4","4","3","2","3",NA,NA,NA,"2","5","5",NA,NA,NA,"3","3","3","3","3","3","2","2","2",NA,NA,NA,"2","5","2","4","45","2",NA,"7","5","7",NA,"175","149","Region #6"
48,"3","3","1","1","1",NA,NA,NA,"1","1","1","1","1","1",NA,NA,NA,"1","1","1","1","1","1",NA,NA,NA,"1","1","1","1","1","1",NA,NA,NA,"1","3","4","3","3","3",NA,NA,NA,"4","2","2","2","2","2",NA,NA,NA,"2","2","2","2","2","2",NA,NA,NA,"2","3","3","2","2","2",NA,NA,NA,"2","4","5",NA,NA,NA,"4","4","4","5","2","2","2","2","2",NA,NA,NA,"2","5","5",NA,NA,NA,"3","3","3","5","4","4","2","3","2",NA,NA,NA,"3","5","5",NA,NA,NA,"3","3","3","5","5","5",NA,NA,NA,"3","3","3","3","4","4","3","3","3",NA,NA,NA,"4","3","3","2","2","2",NA,NA,NA,"3","5","2","4","48","2",NA,"5","3","7",NA,"179","151","Region #6"
22,"4","2","2","2","2",NA,NA,NA,"1","2","1","1","2","1",NA,NA,NA,"1","1","1","1","1","1",NA,NA,NA,"1","2","1","1","2","2",NA,NA,NA,"1","4","4","2","2","2",NA,NA,NA,"2","1","1","1","1","1",NA,NA,NA,"1","1","3","1","2","1",NA,NA,NA,"2","2","2","1","1","1",NA,NA,NA,"1","4","5",NA,NA,NA,"3","2","3","4","3","2","2","2","1",NA,NA,NA,"1","3","4","2","2","2",NA,NA,NA,"4","3","3","2","2","2",NA,NA,NA,"2","4","5",NA,NA,NA,"4","4","4","4","3","4","2","2","3",NA,NA,NA,"2","4","4","2","2","2",NA,NA,NA,"3","3","4","2","2","2",NA,NA,NA,"2","5","2","4","33","2",NA,"7","5","7",NA,"205","125","Region #7"
202,"3","4","4","4","4",NA,NA,NA,"3","2","3","2","2","2",NA,NA,NA,"2","1","3","2","1","1",NA,NA,NA,"1","2","3","2","3","3",NA,NA,NA,"2","3","3","3","2","2",NA,NA,NA,"2","2","2","2","2","2",NA,NA,NA,"2","3","3","2","2","2",NA,NA,NA,"2","2","2","2","2","1",NA,NA,NA,"2","2","4","4","4","4",NA,NA,NA,"4","3","2","2","2","2",NA,NA,NA,"2","3","4","2","2","3",NA,NA,NA,"3","3","2","2","2","2",NA,NA,NA,"2","4","4","3","2","4",NA,NA,NA,"4","2","3","2","2","3",NA,NA,NA,"3","4","4","2","2","4",NA,NA,NA,"4","2","3","2","2","4",NA,NA,NA,"2","5","2","4","65","2",NA,"7","5","7",NA,"198","173","Region #5"
67,"5","5",NA,NA,NA,"1","1","3","1","2","2","1","1","1",NA,NA,NA,"1","1","1","1","1","1",NA,NA,NA,"1","2","2","1","1","1",NA,NA,NA,"1","4","4","2","2","2",NA,NA,NA,"2","3","3","2","2","2",NA,NA,NA,"2","3","3","2","2","2",NA,NA,NA,"2","3","3","2","2","2",NA,NA,NA,"2","4","4","3","3","3",NA,NA,NA,"3","4","3","3","3","3",NA,NA,NA,"3","4","4","3","2","2",NA,NA,NA,"2","3","4","3","3","3",NA,NA,NA,"3","5","5",NA,NA,NA,"3","3","3","4","4","4","3","3","3",NA,NA,NA,"3","5","5",NA,NA,NA,"3","3","3","3","5","5",NA,NA,NA,"3","3","3","3","5","2","4","71","2",NA,"4","5","7",NA,"184","192","Region #5"
255,"3","3","1","1","1",NA,NA,NA,"1","1","1","1","1","1",NA,NA,NA,"1","1","1","1","1","1",NA,NA,NA,"1","3","3","1","1","1",NA,NA,NA,"1","4","4","2","2","1",NA,NA,NA,"2","1","1","1","1","1",NA,NA,NA,"1","1","1","1","1","1",NA,NA,NA,"1","3","3","1","1","1",NA,NA,NA,"1","3","5",NA,NA,NA,"5","5","5","5","3","3","2","2","2",NA,NA,NA,"2","5","5",NA,NA,NA,"2","2","2","4","3","4","3","3","3",NA,NA,NA,"2","2","5",NA,NA,NA,"5","5","5","5","4","4","2","2","2",NA,NA,NA,"2","4","5",NA,NA,NA,"5","4","4","5","3","5",NA,NA,NA,"2","3","2","2","5","2","4","24","2",NA,"5","4","7",NA,"178","187","Region #5"
292,"4","4","2","2","2",NA,NA,NA,"1","1","1","1","1","1",NA,NA,NA,"1","1","1","1","1","1",NA,NA,NA,"1","3","3","1","1","1",NA,NA,NA,"1","4","4","5","4","4",NA,NA,NA,"4","1","1","1","1","1",NA,NA,NA,"1","2","2","2","2","1",NA,NA,NA,"1","2","2","1","1","1",NA,NA,NA,"2","4","4","4","4","4",NA,NA,NA,"2","2","2","2","1","1",NA,NA,NA,"1","3","3","2","2","1",NA,NA,NA,"1","3","3","1","1","2",NA,NA,NA,"1","4","4","4","4","4",NA,NA,NA,"4","2","2","2","2","2",NA,NA,NA,"2","3","4","2","3","2",NA,NA,NA,"2","2","2","2","2","2",NA,NA,NA,"2","5","2","4","27","2",NA,"4","5","7",NA,"173","228","Region #4"
121,"4","4","2","2","3",NA,NA,NA,"3","2","3","1","2","1",NA,NA,NA,"1","1","1","1","1","1",NA,NA,NA,"1","2","2","2","2","2",NA,NA,NA,"2","4","5",NA,NA,NA,"4","4","4","4","2","2","2","2","2",NA,NA,NA,"2","2","5",NA,NA,NA,"2","2","2","4","4","4","3","3","3",NA,NA,NA,"4","4","5",NA,NA,NA,"4","4","4","5","3","4","2","2","2",NA,NA,NA,"4","3","4","3","3","3",NA,NA,NA,"5","3","3","2","2","2",NA,NA,NA,"4","5","5",NA,NA,NA,"3","3","3","5","5","5",NA,NA,NA,"3","3","3","3","4","4","4","4","4",NA,NA,NA,"4","4",NA,"4","4","4",NA,NA,NA,NA,"5","2","4","31","1",NA,"7","6","7",NA,"156","176","Region #5"
212,"3","3","1","1","1",NA,NA,NA,"1","2","2","1","1","1",NA,NA,NA,"1","1","1","1","1","1",NA,NA,NA,"1","2","1","1","1","1",NA,NA,NA,"1","4","4","1","1","1",NA,NA,NA,"1","1","1","1","1","1",NA,NA,NA,"1","1","1","1","1","1",NA,NA,NA,"1","3","3","1","1","1",NA,NA,NA,"1","4","4","4","4","4",NA,NA,NA,"4","2","2","2","2","2",NA,NA,NA,"1","4","4","2","2","2",NA,NA,NA,"4","2","2","2","2","2",NA,NA,NA,"1","4","4","5","2","3",NA,NA,NA,"4","4","3","3","2","3",NA,NA,NA,"2","5","5",NA,NA,NA,"3","2","4","2","2","2","2","2","4",NA,NA,NA,"1","5","2","4","33","3",NA,"7","6","7",NA,"203","159","Region #6"
272,"1","4","4","4","5",NA,NA,NA,"4","3","2","3","2","3",NA,NA,NA,"1","3","1","2","3","3",NA,NA,NA,"1","2","2","2","3","3",NA,NA,NA,"2","3","3","2","2","2",NA,NA,NA,"2","2","2","2","2","2",NA,NA,NA,"1","2","3","1","1","1",NA,NA,NA,"2","3","3","2","2","2",NA,NA,NA,"2","3","5",NA,NA,NA,"4","4","4","5","2","2","2","2","2",NA,NA,NA,"2","4","5",NA,NA,NA,"5","5","4","5","3","3","2","2","2",NA,NA,NA,"2","3","4","3","3","3",NA,NA,NA,"4","3","3","2","2","2",NA,NA,NA,"2","4","5",NA,NA,NA,"3","3","3","4","3","3","2","2","2",NA,NA,NA,"2","5","2","4","46","2",NA,"6","5","7",NA,"221","153","Region #6"
144,"2","2","1","3","3",NA,NA,NA,"2","1","1","1","1","1",NA,NA,NA,"1","1","1","1","1","1",NA,NA,NA,"1","2","2","2","2","2",NA,NA,NA,"1","2","2","4","4","4",NA,NA,NA,"2","1","1","1","1","1",NA,NA,NA,"1","1","1","1","2","2",NA,NA,NA,"1","2","2","2","2","2",NA,NA,NA,"2","4","4","3","4","4",NA,NA,NA,"4","3","2","2","2","2",NA,NA,NA,"2","4","4","3","3","2",NA,NA,NA,"4","3","3","3","2","3",NA,NA,NA,"3","5","5",NA,NA,NA,"3","3","3","5","4","4","3","3","3",NA,NA,NA,"4","5","5",NA,NA,NA,"3","3","3","5","4","4","3","3","3",NA,NA,NA,"3","5","2","4","47","2",NA,"5","13","3",NA,"137","253","Region #3"
125,"1","1","1","1","1",NA,NA,NA,"1","1","1","1","1","1",NA,NA,NA,"1","1","1","1","1","1",NA,NA,NA,"1","1","1","1","1","1",NA,NA,NA,"1","2","2","2","2","2",NA,NA,NA,"2","2","2","2","2","2",NA,NA,NA,"2","2","2","2","2","2",NA,NA,NA,"2","2","2","2","2","2",NA,NA,NA,"2","3","3","3","3","3",NA,NA,NA,"3","3","3","2","2","2",NA,NA,NA,"2","4","4","3","3","3",NA,NA,NA,"3","3","4","2","2","2",NA,NA,NA,"2","4","4","3","3","3",NA,NA,NA,"3","4","4","3","3","3",NA,NA,NA,"3","5","5",NA,NA,NA,"3","3","3","3","4","4","3","3","3",NA,NA,NA,"3","5","2","4","22","1",NA,"5","3","2",NA,"160","219","Region #4"
10,"3","4","3","3","3",NA,NA,NA,"3","2","2","2","2","2",NA,NA,NA,"2","2","2","1","1","1",NA,NA,NA,"1","3","3","2","3","2",NA,NA,NA,"2","3","3","3","3","3",NA,NA,NA,"3","3","4","2","2","2",NA,NA,NA,"2","4","5",NA,NA,NA,"3","3","3","4","3","3","2","2","2",NA,NA,NA,"2","3","3","2","2","2",NA,NA,NA,"2","3","3","2","2","2",NA,NA,NA,"2","5","5",NA,NA,NA,"3","3","3","5","3","3","3","3","3",NA,NA,NA,"3","5","5",NA,NA,NA,"3","3","3","4","4","4","3","3","3",NA,NA,NA,"3","5","5",NA,NA,NA,"3","3","3","5","5","5",NA,NA,NA,"3","3","3","5","5","2","4","36","1",NA,"7","6","7",NA,"206","124","Region #7"
252,"4","4","3","3","3",NA,NA,NA,"3","3","3","2","2","2",NA,NA,NA,"1","2","2","1","1","1",NA,NA,NA,"1","3","3","3","3","3",NA,NA,NA,"2","4","5",NA,NA,NA,"4","3","3","5","4","5",NA,NA,NA,"2","1","1","4","3","4","2","1","1",NA,NA,NA,"3","4","4","3","3","2",NA,NA,NA,"2","5","5",NA,NA,NA,"3","3","3","5","4","4","2","2","2",NA,NA,NA,"3","4","5",NA,NA,NA,"3","2","3","5","4","4","2","2","2",NA,NA,NA,"3","5","5",NA,NA,NA,"4","3","3","5","5","5",NA,NA,NA,"2","2","2","4","5","5",NA,NA,NA,"2","2","2","5","5","5",NA,NA,NA,"3","3","3","4","5","2","4","30","1",NA,"3","2","7",NA,"125","250","Region #3"
198,"3","3","2","2","2",NA,NA,NA,"2","2","2","2","2","1",NA,NA,NA,"1","2","1","2","1","1",NA,NA,NA,"1","1","2","1","1","1",NA,NA,NA,"1","4","3","2","2","1",NA,NA,NA,"2","2","1","2","2","1",NA,NA,NA,"1","2","2","2","1","1",NA,NA,NA,"1","1","1","2","1","1",NA,NA,NA,"1","4","4","4","3","3",NA,NA,NA,"4","3","2","2","1","2",NA,NA,NA,"1","4","4","2","2","3",NA,NA,NA,"3","3","3","3","2","2",NA,NA,NA,"2","4","5",NA,NA,NA,"4","3","4","4","4","4","2","2","4",NA,NA,NA,"2","4","5",NA,NA,NA,"4","2","4","4","3","4","3","2","4",NA,NA,NA,"4","5","2","4","51","2",NA,"2","5","7",NA,"119","285","Region #2"
362,"4","5",NA,NA,NA,"4","3","3","4","3","2","2","2","2",NA,NA,NA,"2","2","1","2","2","2",NA,NA,NA,"2","4","4","2","2","2",NA,NA,NA,"4","4","4","3","3","3",NA,NA,NA,"4","3","3","2","2","2",NA,NA,NA,"2","4","4","2","2","2",NA,NA,NA,"2","4","4","3","3","3",NA,NA,NA,"4","4","5",NA,NA,NA,"3","3","3","4","4","3","2","2","2",NA,NA,NA,"2","4","4","2","1","2",NA,NA,NA,"2","5","5",NA,NA,NA,"3","3","3","5","5","5",NA,NA,NA,"3","3","3","5","5","5",NA,NA,NA,"3","3","3","5","5","5",NA,NA,NA,"3","3","3","5","5","5",NA,NA,NA,"3","3","3","5","5","2","4","37","1",NA,"7","3","7",NA,"214","132","Region #7"
229,"3","3","2","2","3",NA,NA,NA,"1","2","2","2","1","1",NA,NA,NA,"1","1","2","1","1","1",NA,NA,NA,"1","2","2","1","1","1",NA,NA,NA,"1","3","4","2","2","2",NA,NA,NA,"2","1","1","2","2","1",NA,NA,NA,"1","1","1","1","2","1",NA,NA,NA,"1","1","2","1","2","1",NA,NA,NA,"1","4","4","2","3","2",NA,NA,NA,"2","4","4","3","3","3",NA,NA,NA,"2","4","4","2","3","2",NA,NA,NA,"3","3","3","2","3","2",NA,NA,NA,"2","4","5",NA,NA,NA,"3","3","3","4","4","5",NA,NA,NA,"3","3","3","4","5","5",NA,NA,NA,"3","4","3","5","4","4","3","3","3",NA,NA,NA,"4","5","2","4","55","2",NA,"6","5","7",NA,"188","181","Region #5"
95,"4","4","2","2","2",NA,NA,NA,"2","2","2","1","1","1",NA,NA,NA,"1","1","1","1","1","1",NA,NA,NA,"1","3","3","2","2","2",NA,NA,NA,"1","4","4","2","2","2",NA,NA,NA,"2","2","2","2","2","2",NA,NA,NA,"2","3","3","2","2","1",NA,NA,NA,"2","4","4","2","2","2",NA,NA,NA,"2","5","5",NA,NA,NA,"2","2","2","1","2","2","2","2","2",NA,NA,NA,"1","2","2","2","2","2",NA,NA,NA,"1","4","4","2","2","2",NA,NA,NA,"1","5","5",NA,NA,NA,"3","3","3","5","3","3","3","3","3",NA,NA,NA,"2","4","4","2","2","3",NA,NA,NA,"2","4","4","3","3","3",NA,NA,NA,"2","5","2","4","69","2",NA,"3","13","7",NA,"175","191","Region #5"
179,"1","1","1","1","1",NA,NA,NA,"1","1","1","1","1","1",NA,NA,NA,"1","1","1","1","1","1",NA,NA,NA,"1","1","1","1","1","1",NA,NA,NA,"1","1","1","1","1","1",NA,NA,NA,"1","1","1","1","1","1",NA,NA,NA,"1","1","1","1","1","1",NA,NA,NA,"1","1","1","1","2","2",NA,NA,NA,"1","1","1","1","1","1",NA,NA,NA,"1","1","1","1","1","1",NA,NA,NA,"1","1","1","1","1","1",NA,NA,NA,"1","1","1","1","1","1",NA,NA,NA,"1","5","4","2","2","2",NA,NA,NA,"4","5","5",NA,NA,NA,"3","3","4","3","3","3","2","2",NA,NA,NA,NA,"2","5","5",NA,NA,NA,"3",NA,"5","5","5","2","4","49","2",NA,"7","6","3",NA,"201","122","Region #7"
38,"3","4","4","4","2",NA,NA,NA,"4","3","4","2","2","2",NA,NA,NA,"2","1","4","2","2","2",NA,NA,NA,"2","4","4","2","2","2",NA,NA,NA,"3","4","4","3","3","2",NA,NA,NA,"4","3","4","2","2","2",NA,NA,NA,"3","3","4","2","3","2",NA,NA,NA,"4","4","4","2","2","2",NA,NA,NA,"3","4","5",NA,NA,NA,"4","4","3","4","4","4","2","2","2",NA,NA,NA,"4","5","5",NA,NA,NA,"4","5","5","4","4","4","2","2","2",NA,NA,NA,"4","4","5",NA,NA,NA,"3","2","3","5","3","5",NA,NA,NA,"3","2","3","4","5","5",NA,NA,NA,"5","5","5","5","4","5",NA,NA,NA,"3","2","3","5","5","2","4","36","1",NA,"7","6","7",NA,"228","143","Region #6,Region #7"
302,"4","3","4","4","2",NA,NA,NA,"3","1","1","1","1","1",NA,NA,NA,"1","1","1","1","1","1",NA,NA,NA,"1","1","1","1","1","1",NA,NA,NA,NA,"4","4","4","4","4",NA,NA,NA,"4","1","2","2","2","2",NA,NA,NA,"2","2","2","2","2","2",NA,NA,NA,"2","2","2","2","2","2",NA,NA,NA,"1","3","4","3","2","2",NA,NA,NA,"4","2","2","2","2","4",NA,NA,NA,"2","4","4","2","2","2",NA,NA,NA,"4","3","3","1","2","2",NA,NA,NA,"2","4","4","2","2","4",NA,NA,NA,"4","3","3","1","2","4",NA,NA,NA,"2","3","5",NA,NA,NA,"2","2","5","4","3","3","2","2","3",NA,NA,NA,"2","5","2","4","53","2",NA,"4","5","7",NA,"207","153","Region #6"
239,"2","3","2","2","1",NA,NA,NA,"1","1","2","2","1","2",NA,NA,NA,"1","1","1","1","2","2",NA,NA,NA,"1","1","1","2","1","1",NA,NA,NA,"1","3","3","2","2","2",NA,NA,NA,"2","1","1","2","2","2",NA,NA,NA,"1","4","4","2","2","3",NA,NA,NA,"2","2","2","2","1","2",NA,NA,NA,"1","4","4","3","2","4",NA,NA,NA,"4","2","3","2","2","2",NA,NA,NA,"2","4","5",NA,NA,NA,"4","5","5","5","3","3","2","2","2",NA,NA,NA,"2","3","5",NA,NA,NA,"4","4","4","5","3","3","3","2","3",NA,NA,NA,"2","5","5",NA,NA,NA,"4","5","5","5","4","3","2","2","3",NA,NA,NA,"2","5","2","4","25","2",NA,"6","5","7",NA,NA,NA,NA
213,"3","3","2","2","2",NA,NA,NA,"2","1","1","1","1","1",NA,NA,NA,"1","1","1","1","1","1",NA,NA,NA,"1","1","1","1","1","1",NA,NA,NA,"1","5","5",NA,NA,NA,"4","4","4","4","1","1","1","1","1",NA,NA,NA,"1","1","2","1","1","1",NA,NA,NA,"1","2","2","2","2","2",NA,NA,NA,"2","4","4","4","4","3",NA,NA,NA,"4","2","2","2","1","2",NA,NA,NA,"2","2","2","1","1","1",NA,NA,NA,"1","3","3","2","2","2",NA,NA,NA,"2","4","4","3","3","3",NA,NA,NA,"4","3","3","2","3","3",NA,NA,NA,"2","3","3","3","2","3",NA,NA,NA,"2","4","4","2","3","3",NA,NA,NA,"2","5","2","4","22","2",NA,"7","5","3",NA,"243","111","Other"
71,"1","3","1","3","1",NA,NA,NA,"3","3","4","2","1","2",NA,NA,NA,"3","1","3","2","2","1",NA,NA,NA,"2","1","3","1","2","2",NA,NA,NA,"1","1","2","1","3","1",NA,NA,NA,"2","1","2","1","3","1",NA,NA,NA,"4","1","3","2","3","1",NA,NA,NA,"4","1","3","2","1","1",NA,NA,NA,"3","1","3","3","1","1",NA,NA,NA,"2","3","1","3","2","1",NA,NA,NA,"1","2","1","1","1","3",NA,NA,NA,"1","2","1","3","3","1",NA,NA,NA,"1","1","3","1","1","3",NA,NA,NA,"4","1","3","3","1","1",NA,NA,NA,"2","1","4","1","1","3",NA,NA,NA,"4","3","1","3","2","1",NA,NA,NA,"2","3","1","4","44","2",NA,"4","5","7",NA,"243","107","Region #8"
289,"3","4","3","3","3",NA,NA,NA,"4","1","2","2","1","1",NA,NA,NA,"1","2","3","2","1","1",NA,NA,NA,"1","1","1","1","1","1",NA,NA,NA,"1","4","4","2","2","2",NA,NA,NA,"4","3","4","3","3","3",NA,NA,NA,"3","4","4","3","4","4",NA,NA,NA,"4","3","3","2","2","2",NA,NA,NA,"3","5","5",NA,NA,NA,"5","5","5","5","3","4","3","3","3",NA,NA,NA,"3","5","5",NA,NA,NA,"5","5","5","5","4","4","3","3","3",NA,NA,NA,"4","5","5",NA,NA,NA,"5","5","5","5","4","5",NA,NA,NA,"5","5","5","5","5","5",NA,NA,NA,"5","5","5","5","4","5",NA,NA,NA,"5","5","5","5","5","2","4","42","1",NA,"7","6","7",NA,"270","74","Region #9"
210,"4","3","2","2","2",NA,NA,NA,"2","2","2","2","2","2",NA,NA,NA,"1","1","1","2","1","2",NA,NA,NA,"1","3","3","2","2","2",NA,NA,NA,"2","4","4","2","2","2",NA,NA,NA,"2","2","2","2","2","2",NA,NA,NA,"2","2","2","2","2","2",NA,NA,NA,"2","3","3","2","2","2",NA,NA,NA,"2","5","5",NA,NA,NA,"3","3","3","3","5","5",NA,NA,NA,"3","3","3","3","5","5",NA,NA,NA,"3","3","3","3","5","5",NA,NA,NA,"3","3","3","3","5","5",NA,NA,NA,"3","3","3","4","3","3","3","3","3",NA,NA,NA,"2","3","4","3","3","3",NA,NA,NA,"2","3","4","3","3","3",NA,NA,NA,"3","5","2","4","50","2",NA,"1","2","7",NA,"103","286","Region #2"
268,"3","3","2","2","1",NA,NA,NA,"3","2","1","1","1","1",NA,NA,NA,"2","2","1","1","1","1",NA,NA,NA,"2","1","1","1","1","1",NA,NA,NA,"1","4","3","2","2","2",NA,NA,NA,"3","2","2","1","2","1",NA,NA,NA,"2","3","3","2","1","2",NA,NA,NA,"2","1","2","1","2","2",NA,NA,NA,"2","5","5",NA,NA,NA,"3","3","2","5","4","4","3","3","2",NA,NA,NA,"3","5","5",NA,NA,NA,"3","4","4","5","4","3","2","3","4",NA,NA,NA,"5","5","5",NA,NA,NA,"5","3","3","5","3","4","3","2","3",NA,NA,NA,"3","5","5",NA,NA,NA,"5","5","5","5","3","4","3","3","2",NA,NA,NA,"2","5","2","4","53","2",NA,"8","5","8",NA,"235","119","Region #7"
207,"4","3","2","2","2",NA,NA,NA,"1","1","1","2","2","2",NA,NA,NA,"1","1","1","1","1","2",NA,NA,NA,"1","2","3","2","2","2",NA,NA,NA,"1","5","4","2","2","2",NA,NA,NA,"2","2","3","2","3","2",NA,NA,NA,"2","2","3","2","2","2",NA,NA,NA,"2","3","5",NA,NA,NA,"4","3","3","3","5","5",NA,NA,NA,"3","3","4","4","2","3","3","3","3",NA,NA,NA,"2","4","5",NA,NA,NA,"3","3","3","2","5","5",NA,NA,NA,"3","3","3","2","5","5",NA,NA,NA,"3","3","3","4","5","5",NA,NA,NA,"3","3","3","2","5","5",NA,NA,NA,"3","3","3","4","4","5",NA,NA,NA,"2","3","3","2","5","2","4","28","2",NA,"6","5","4",NA,"198","117","Region #7"
93,"1","1","1","1","1",NA,NA,NA,"1","1","1","1","1","1",NA,NA,NA,"1","1","1","1","1","1",NA,NA,NA,"1","1","1","1","1","1",NA,NA,NA,"1","1","1","1","1","1",NA,NA,NA,"1","1","1","1","1","1",NA,NA,NA,"1","1","1","1","1","1",NA,NA,NA,"1","1","1","1","1","1",NA,NA,NA,"1","3","3","2","2","2",NA,NA,NA,"2","2","3","2","2","2",NA,NA,NA,"2","3","3","1","2","2",NA,NA,NA,"1","3","3","1","1","1",NA,NA,NA,"1","4","4","3","3","3",NA,NA,NA,"2","3","3","3","2","3",NA,NA,NA,"3","4","4","2","2","2",NA,NA,NA,"3","4","4","3","3","3",NA,NA,NA,"3","1","1","4","51","2",NA,"2","1","7",NA,"123","283","Region #2"
297,"4","4","1","2","2",NA,NA,NA,"2","3","3","2","1","1",NA,NA,NA,"2","1","3","1","1","1",NA,NA,NA,"2","3","3","2","1","1",NA,NA,NA,"1","3","3","2","2","2",NA,NA,NA,"2","2","2","2","2","2",NA,NA,NA,"2","2","4","2","2","2",NA,NA,NA,"2","3","3","2","2","2",NA,NA,NA,"2","4","5",NA,NA,NA,NA,"5","5","5","3","3","2","2","2",NA,NA,NA,"2","5","5",NA,NA,NA,"2","2","2","5","4","3","2","2","2",NA,NA,NA,"2","3","5",NA,NA,NA,"5","5","3","5","4","4","4","3","3",NA,NA,NA,"3","5","5",NA,NA,NA,"4","2","2","5","3","3","2","2","2",NA,NA,NA,"2","5","2","4","49","2",NA,"6","11","7",NA,"216","157","Region #6"
209,"4","3","1","1","1",NA,NA,NA,"1","1","1","1","1","1",NA,NA,NA,"1","1","1","1","1","1",NA,NA,NA,"1","1","1","1","1","1",NA,NA,NA,"1","3","3","2","2","2",NA,NA,NA,"1","1","1","1","1","1",NA,NA,NA,"1","1","1","1","1","1",NA,NA,NA,"1","2","1","1","1","1",NA,NA,NA,"1","4","4","3","3","3",NA,NA,NA,"2","1","1","1","1","1",NA,NA,NA,"1","4","3","2","2","2",NA,NA,NA,"2","3","3","1","1","1",NA,NA,NA,"1","4","4","3","3","3",NA,NA,NA,"4","2","2","1","1","1",NA,NA,NA,"1","4","4","2","2","2",NA,NA,NA,"4","3","3","2","2","2",NA,NA,NA,"2","5","2","4","29","2",NA,"7","6","7",NA,"216","110","Other"
308,"4","1","1","1","1",NA,NA,NA,"1","1","1","1","1","1",NA,NA,NA,"1","1","1","1","1","1",NA,NA,NA,"1","1","1","1","1","1",NA,NA,NA,"1","4","1","1","1","1",NA,NA,NA,"1","1","1","1","1","1",NA,NA,NA,"1","1","1","1","1","1",NA,NA,NA,"1","1","1","1","1","1",NA,NA,NA,"1","5","5",NA,NA,NA,"3","2","2","4","2","2","2","2","2",NA,NA,NA,"1","4","5",NA,NA,NA,"3","3","3","4","3","3","3","2","1",NA,NA,NA,"2","5","5",NA,NA,NA,"2","2","2","3","3","3","2","2","2",NA,NA,NA,"2","3","3","2","2","2",NA,NA,NA,"2","3","3","3","2","2",NA,NA,NA,"2","5","2","4","25","2",NA,"4","5","7",NA,"183","204","Region #4"
79,"2","2","3","3","3",NA,NA,NA,"1","1","1","1","1","1",NA,NA,NA,"1","1","1","1","1","1",NA,NA,NA,"1","2","2","3","3","3",NA,NA,NA,"1","4","4","2","2","2",NA,NA,NA,"1","1","1","1","2","2",NA,NA,NA,"1","2","2","1","2","2",NA,NA,NA,"1","3","3","2","1","2",NA,NA,NA,"1","5","4","2","2","2",NA,NA,NA,"2","3","3","2","1","1",NA,NA,NA,"1","5","5",NA,NA,NA,"3","2","2","2","4","4","2","2","2",NA,NA,NA,"2","5","5",NA,NA,NA,"5","5","4","5","4","4","3","3","3",NA,NA,NA,"1","5","5",NA,NA,NA,"5","3","4","5","5","5",NA,NA,NA,"5","5","5","5","5","2","4","38","1",NA,"5","3","7",NA,"175","167","Region #6"
188,"3","3","1","1","2",NA,NA,NA,"1","1","1","1","1","1",NA,NA,NA,"1","1","1","1","1","1",NA,NA,NA,"1","3","3","1","1","1",NA,NA,NA,"1","4","3","2","2","2",NA,NA,NA,"3","2","2","1","1","2",NA,NA,NA,"1","2","2","2","2","2",NA,NA,NA,"1","3","4","1","1","2",NA,NA,NA,"1","4","4","3","3","3",NA,NA,NA,"3","3","3","3","3","3",NA,NA,NA,"2","4","4","3","3","3",NA,NA,NA,"3","4","4","3","3","3",NA,NA,NA,"3","4","5",NA,NA,NA,"3","3","4","4","3","3","2","3","3",NA,NA,NA,"2","3","4","2","2","3",NA,NA,NA,"3","3","3","3","2","3",NA,NA,NA,"2","5","2","4","54","2",NA,"4","4","7",NA,"217","177","Region #5"
364,"4","3","2","2","2",NA,NA,NA,"2","1","1","1","1","1",NA,NA,NA,"1","1","1","1","1","1",NA,NA,NA,"1","1","1","1","1","1",NA,NA,NA,"1","3","3","2","2","2",NA,NA,NA,"2","2","2","2","2","2",NA,NA,NA,"2","2","2","2","2","2",NA,NA,NA,"2","3","3","2","2","2",NA,NA,NA,"2","4","4","2","2","2",NA,NA,NA,"3","2","2","2","2","2",NA,NA,NA,"2","3","3","2","2","2",NA,NA,NA,"2","3","3","2","2","2",NA,NA,NA,"2","4","4","3","3","3",NA,NA,NA,"3","3","3","2","2","3",NA,NA,NA,"2","3","3","2","3","2",NA,NA,NA,"2","3","4","3","3","3",NA,NA,NA,"3","5","2","4","33","2",NA,"5","5","7",NA,"154","176","Region #5"
46,"4","4","5","4","4",NA,NA,NA,"4","2","2","1","1","1",NA,NA,NA,"1","1","1","1","1","1",NA,NA,NA,"1","4","4","1","1","1",NA,NA,NA,"1","4","4","4","4","3",NA,NA,NA,"4","2","2","1","1","1",NA,NA,NA,"1","3","3","2","1","1",NA,NA,NA,"2","3","3","1","1","1",NA,NA,NA,"1","3","4","5","5","5",NA,NA,NA,"4","3","2","2","1","1",NA,NA,NA,"1","3","3","2","1","1",NA,NA,NA,"2","3","4","2","2","2",NA,NA,NA,"2","3","3","5","5","5",NA,NA,NA,"1","3","3","2","2","2",NA,NA,NA,"1","5","5",NA,NA,NA,"2","2","2","5","3","5",NA,NA,NA,"2","2","3","5","5","2","4","63","2",NA,"4","5","7",NA,"193","175","Region #5"
284,"4","2","1","1","2",NA,NA,NA,"1","1","2","1","2","1",NA,NA,NA,"1","1","1","1","1","1",NA,NA,NA,"1","2","2","2","1","2",NA,NA,NA,"1","4","3","1","4","2",NA,NA,NA,"2","1","2","2","2","1",NA,NA,NA,"1","2","3","1","2","1",NA,NA,NA,"1","3","2","2","2","2",NA,NA,NA,"1","5","5",NA,NA,NA,"2","2","3","4","3","3","2","3","3",NA,NA,NA,"2","3","3","2","2","2",NA,NA,NA,"3","4","3","2","2","2",NA,NA,NA,"2","3","3","3","4","4",NA,NA,NA,"2","3","3","2","3","3",NA,NA,NA,"3","3","3","3","2","2",NA,NA,NA,"3","4","3","2","2","3",NA,NA,NA,"3","5","2","4","33","2",NA,"7","5","7",NA,"234","126","Region #7"
114,"3","3","1","1","1",NA,NA,NA,"1","1","1","1","1","1",NA,NA,NA,"1","2","1","1","1","1",NA,NA,NA,"1","1","2","1","1","1",NA,NA,NA,"1","4","3","2","2","2",NA,NA,NA,"3","2","2","2","2","2",NA,NA,NA,"1","2","2","2","2","2",NA,NA,NA,"1","3","3","2","2","2",NA,NA,NA,"2","4","3","3","3","2",NA,NA,NA,"3","2","2","2","2","2",NA,NA,NA,"2","3","2","2","2","2",NA,NA,NA,"2","3","2","2","2","2",NA,NA,NA,"2","3","4","2","2","3",NA,NA,NA,"2","2","2","2","2","2",NA,NA,NA,"2","4","4","2","2","2",NA,NA,NA,"2","2","3","2","2","2",NA,NA,NA,"2","5","2","4","45","2",NA,"4","5","7",NA,"179","156","Region #6"
246,"4","4","3","3","2",NA,NA,NA,"1","1","1","1","1","1",NA,NA,NA,"1","1","1","1","1","1",NA,NA,NA,"1","4","4","1","1","1",NA,NA,NA,"1","5","3","1","1","2",NA,NA,NA,"1","1","1","1","1","1",NA,NA,NA,"1","1","1","1","1","1",NA,NA,NA,"1","4","3","1","1","1",NA,NA,NA,"1","5","5",NA,NA,NA,"3","3","3","3","3","3","3","3","3",NA,NA,NA,"2","5","5",NA,NA,NA,"3","3","3","3","4","4","3","3","3",NA,NA,NA,"2","5","5",NA,NA,NA,"3","3","3","3","3","3","3","3","3",NA,NA,NA,"2","5","5",NA,NA,NA,"3","3","3","3","4","4","3","3","3",NA,NA,NA,"2","5","2","4","54","2",NA,"7","2","7",NA,"175","148","Region #6"
160,"1","1","4","5","3",NA,NA,NA,"1","3","4","2","2","3",NA,NA,NA,"1","1","1","2","1","1",NA,NA,NA,"1","3","1","1","1","1",NA,NA,NA,"1","3","5",NA,NA,NA,"5","5","5","5","3","3","2","2","2",NA,NA,NA,"1","3","4","1","1","1",NA,NA,NA,"1","1","2","1","1","1",NA,NA,NA,"1","5","5",NA,NA,NA,"4","5","4","5","3","4","2","2","2",NA,NA,NA,"1","4","5",NA,NA,NA,"4","5","4","5","3","4","2","2","2",NA,NA,NA,"2","4","4","5","3","3",NA,NA,NA,"2","4","4","2","3","3",NA,NA,NA,"4","5","5",NA,NA,NA,"4","4","4","5","3","5",NA,NA,NA,"2","2","3","4","5","2","4","56","2",NA,"7","6","7",NA,"204","119","Region #7"
110,"5","5",NA,NA,NA,"3","3","3","3","1","1","1","1","1",NA,NA,NA,"1","1","1","1","1","1",NA,NA,NA,"1","3","4","2","2","2",NA,NA,NA,"1","5","4","2","2","2",NA,NA,NA,"2","1","1","1","1","1",NA,NA,NA,"1","1","1","1","1","1",NA,NA,NA,"1","1","1","1","1","1",NA,NA,NA,"1","5","5",NA,NA,NA,"3","3","3","5","2","3","2","2","2",NA,NA,NA,"1","3","4","3","3","3",NA,NA,NA,"4","3","4","3","3","3",NA,NA,NA,"2","4","5",NA,NA,NA,"3","3","3","5","3","2","1","2","2",NA,NA,NA,"1","4","4","3","3","3",NA,NA,NA,"4","1","1","1","1","3",NA,NA,NA,"1","5","2","4","26","2",NA,"8","5","4",NA,"206","146","Region #6"
199,"3","3","3","3","4",NA,NA,NA,"2","3","3","1","1","1",NA,NA,NA,"2","2","3","1","1","1",NA,NA,NA,"2","3","3","2","2","1",NA,NA,NA,"2","4","4","2","2","3",NA,NA,NA,"3","2","3","2","2","1",NA,NA,NA,"2","2","3","2","2","2",NA,NA,NA,"2","4","4","2","3","2",NA,NA,NA,"3","5","5",NA,NA,NA,"4","4","4","4","4","4","2","2","2",NA,NA,NA,"2","4","4","2","2","2",NA,NA,NA,"2","4","4","2","2","2",NA,NA,NA,"3","4","4","5","4","5",NA,NA,NA,"4","4","4","2","2","2",NA,NA,NA,"2","4","4","2","2","2",NA,NA,NA,"2","4","4","3","3","3",NA,NA,NA,"4","5","2","4","23","2",NA,"3","5","2",NA,"182","225","Region #4"
130,"3","1","2","2","1",NA,NA,NA,"1","1","1","1","1","1",NA,NA,NA,"1","1","1","1","1","1",NA,NA,NA,"1","1","1","1","1","1",NA,NA,NA,"1","3","3","1","1","1",NA,NA,NA,"1","1","1","1","1","1",NA,NA,NA,"1","1","1","1","1","1",NA,NA,NA,"1","1","1","1","1","1",NA,NA,NA,"1","4","4","3","3","3",NA,NA,NA,"3","2","2","2","2","2",NA,NA,NA,"2","3","3","3","3","3",NA,NA,NA,"3","2","2","2","2","2",NA,NA,NA,"2","4","4","3","3","3",NA,NA,NA,"3","1","1","3","3","3",NA,NA,NA,"1","3","3","2","2","2",NA,NA,NA,"2","1","1","1","1","1",NA,NA,NA,"1","5","2","4","33","2",NA,"5","5","7",NA,"173","190","Region #5"
295,"3","2","4","3","4",NA,NA,NA,"2","1","1","1","1","1",NA,NA,NA,"1","1","1","1","1","1",NA,NA,NA,"1","2","2","1","1","1",NA,NA,NA,"1","2","1","1","1","1",NA,NA,NA,"1","1","1","1","1","1",NA,NA,NA,"1","1","1","1","1","1",NA,NA,NA,"1","1","1","1","1","1",NA,NA,NA,"1","1","4","5","4","3",NA,NA,NA,"5","2","2","1","1","2",NA,NA,NA,"2","5","5",NA,NA,NA,"3","2","5","4","1","2","2","2","2",NA,NA,NA,"1","1","3","5","5","1",NA,NA,NA,"5","1","3","1","1","4",NA,NA,NA,"2","5","5",NA,NA,NA,"4","5","5","5","1","3","1","1","4",NA,NA,NA,"2","5","2","4","27","3",NA,"4","2","7",NA,"136","254","Region #3"
236,"5","4","2","2","2",NA,NA,NA,"1","3","3","1","1","1",NA,NA,NA,"1","1","1","1","1","1",NA,NA,NA,"1","4","4","3","2","2",NA,NA,NA,"1","5","3","1","1","2",NA,NA,NA,"1","3","3","2","1","1",NA,NA,NA,"1","3","3","1","1","1",NA,NA,NA,"1","3","3","2","1","1",NA,NA,NA,"1","5","4","2","3","2",NA,NA,NA,"1","3","3","2","1","1",NA,NA,NA,"1","3","4","1","1","1",NA,NA,NA,"1","4","3","1","1","1",NA,NA,NA,"1","5","3","3","5","1",NA,NA,NA,"1","3","3","1","1","5",NA,NA,NA,"1","5","5",NA,NA,NA,"1","1","5","3","3","3","2","1","2",NA,NA,NA,"1","5","2","4","44","1",NA,"3","3","7",NA,"157","213","Region #4"
243,"3","3","3","2","3",NA,NA,NA,"2","2","2","2","1","1",NA,NA,NA,"1","1","1","1","1","1",NA,NA,NA,"1","2","2","2","2","2",NA,NA,NA,"1","2","2","2","2","2",NA,NA,NA,"2","1","1","1","1","1",NA,NA,NA,"1","1","1","1","1","1",NA,NA,NA,"1","2","2","1","1","1",NA,NA,NA,"1","3","4","4","3","2",NA,NA,NA,"3","2","2","2","5","2",NA,NA,NA,"2","4","4","2","2","2",NA,NA,NA,"3","3","3","2","2","3",NA,NA,NA,"2","3","4","3","3","3",NA,NA,NA,"3","3","3","3","3","3",NA,NA,NA,"2","2","3","2","2","3",NA,NA,NA,"3","3","3","3","3","3",NA,NA,NA,"2","5","2","4","60","2",NA,"5","4","4,7",NA,"169","223","Region #4"
34,"4","3","1","2","2",NA,NA,NA,"1","1","1","1","1","1",NA,NA,NA,"1","1","1","1","1","1",NA,NA,NA,"1","1","1","1","1","1",NA,NA,NA,"1","1","1","2","1","2",NA,NA,NA,"1","1","1","2","1","2",NA,NA,NA,"1","1","1","1","2","2",NA,NA,NA,"1","1","1","1","2","2",NA,NA,NA,"1","3","3","2","2","2",NA,NA,NA,"2","2","2","2","2","2",NA,NA,NA,"2","3","3","2","2","2",NA,NA,NA,"2","3","2","2","2","2",NA,NA,NA,"2","3","4","2","2","2",NA,NA,NA,"3","3","3","2","2","2",NA,NA,NA,"2","3","3","2","2","2",NA,NA,NA,"2","5","5",NA,NA,NA,"2","2","2","3","5","2","4","55","2",NA,"7","4","7",NA,"191","200","Region #5"
222,"1","3","4","3","3",NA,NA,NA,"4","3","1","2","1","2",NA,NA,NA,"2","3","1","1","1","1",NA,NA,NA,"2","3","1","2","2","2",NA,NA,NA,"2","4","5",NA,NA,NA,"3","3","3","5","3","1","2","2","2",NA,NA,NA,"2","2","3","2","2","2",NA,NA,NA,"2","3","1","2","2","2",NA,NA,NA,"2","4","4","4","4","2",NA,NA,NA,"4","3","2","3","2","2",NA,NA,NA,"2","5","5",NA,NA,NA,"2","2","2","3","1","1","2","2","1",NA,NA,NA,"2","4","5",NA,NA,NA,"4","4","3","4","3","1","2","2","2",NA,NA,NA,"2","5","5",NA,NA,NA,"3","3","3","5","3","2","2","3","3",NA,NA,NA,"2","5","2","4","30","2",NA,"1","5","7",NA,"100","243","Other"
137,"3","3","4","3","3",NA,NA,NA,"3","1","2","2","2","2",NA,NA,NA,"1","2","3","2","2","2",NA,NA,NA,"1","2","2","2","2","2",NA,NA,NA,"1","5","5",NA,NA,NA,"3","3","3","2","2","2","2","2","2",NA,NA,NA,"1","4","4","2","2","2",NA,NA,NA,"2","4","4","3","2","2",NA,NA,NA,"2","5","5",NA,NA,NA,"2","2","2","3","1","1","2","2","2",NA,NA,NA,"1","5","5",NA,NA,NA,"2","2","3","3","4","4","2","2","2",NA,NA,NA,"2","5","5",NA,NA,NA,"5","5","5","5","4","4","3","2","2",NA,NA,NA,"3","5","5",NA,NA,NA,"3","3","5","5","3","3","3","2","2",NA,NA,NA,"3","5","2","4","31","2",NA,"5","5","7",NA,NA,NA,NA
253,"3","2","2","2","2",NA,NA,NA,"1","2","2","2","2","2",NA,NA,NA,"2","1","1","2","2","2",NA,NA,NA,"1","2","2","2","2","2",NA,NA,NA,"2","3","3","3","3","2",NA,NA,NA,"3","3","3","2","2","2",NA,NA,NA,"2","3","3","2","2","2",NA,NA,NA,"2","3","3","3","3","3",NA,NA,NA,"3","4","5",NA,NA,NA,"4","4","3","5","4","5",NA,NA,NA,"2","2","2","5","4","5",NA,NA,NA,"5","3","3","5","4","5",NA,NA,NA,"3","3","3","5","4","5",NA,NA,NA,"5","5","5","5","5","5",NA,NA,NA,"5","5","5","5","5","5",NA,NA,NA,"5","5","5","5","5","5",NA,NA,NA,"5","5","5","5","5","2","4","30","1",NA,"7","6","7",NA,"170","149","Other"
352,"4","4","2","4","2",NA,NA,NA,"2","2","3","1","1","1",NA,NA,NA,"2","1","3","1","1","1",NA,NA,NA,"1","4","5",NA,NA,NA,"4","5","5","4","4","5",NA,NA,NA,"2","4","4","3","2","3","2","2","2",NA,NA,NA,"2","2","4","2","1","2",NA,NA,NA,"2","5","5",NA,NA,NA,"4","4","4","4","3","5",NA,NA,NA,"3","4","4","4","4","4","2","2","2",NA,NA,NA,"2","5","5",NA,NA,NA,"3","2","5","4","4","4","4","4","4",NA,NA,NA,"4","4","4","2","5","4",NA,NA,NA,"2","4","4","2","1","1",NA,NA,NA,"2","5","5",NA,NA,NA,"1","1","1","3","4","5",NA,NA,NA,"2","2","2","2","5","2","4","43","2",NA,"7","6","7",NA,"210","123","Region #7"
219,"2","2","2","2","2",NA,NA,NA,"1","1","1","2","2","2",NA,NA,NA,"2","1","1","1","1","1",NA,NA,NA,"1","3","3","2","2","2",NA,NA,NA,"2","3","3","2","2","2",NA,NA,NA,"2","2","2","2","2","2",NA,NA,NA,"2","3","3","2","3","2",NA,NA,NA,"2","2","2","2","2","2",NA,NA,NA,"2","3","4","3","3","3",NA,NA,NA,"2","3","3","2","2","2",NA,NA,NA,"2","4","4","3","3","3",NA,NA,NA,"3","4","4","2","2","3",NA,NA,NA,"2","4","4","5","3","3",NA,NA,NA,"4","4","4","3","3","3",NA,NA,NA,"3","5","5",NA,NA,NA,"3","3","3","4","4","4","3","3","3",NA,NA,NA,"3","5","2","4","35","2",NA,"4","5","2",NA,"155","224","Region #4"
86,"4","4","1","1","1",NA,NA,NA,"1","2","2","1","1","1",NA,NA,NA,"1","1","1","1","1","1",NA,NA,NA,"1","3","3","1","1","1",NA,NA,NA,"1","5","4","2","2","2",NA,NA,NA,"2","2","2","1","2","1",NA,NA,NA,"1","3","3","1","1","1",NA,NA,NA,"1","3","3","2","2","2",NA,NA,NA,"1","4","4","3","3","2",NA,NA,NA,"2","3","3","3","3","2",NA,NA,NA,"1","4","4","2","3","2",NA,NA,NA,"2","4","4","2","3","2",NA,NA,NA,"2","5","5",NA,NA,NA,"3","3","4","4","4","4","2","2","4",NA,NA,NA,"1","5","5",NA,NA,NA,"2","2","4","4","4","5",NA,NA,NA,"3","3","3","2","5","2","4","32","2",NA,"4","4","7",NA,"98","250","Other"
234,"4","4","2","2","2",NA,NA,NA,"2","1","1","1","1","1",NA,NA,NA,"1","1","1","1","1","1",NA,NA,NA,"1","2","2","2","2","2",NA,NA,NA,"2","4","5",NA,NA,NA,"3","3","3","3","3","3","2","2","2",NA,NA,NA,"3","2","3","2","2","2",NA,NA,NA,"2","4","4","2","2","2",NA,NA,NA,"3","5","5",NA,NA,NA,"3","3","3","3","4","4","2","2","2",NA,NA,NA,"3","4","4","2","2","2",NA,NA,NA,"3","4","4","2","2","2",NA,NA,NA,"3","4","5",NA,NA,NA,"3","3","3","3","4","5",NA,NA,NA,"3","3","3","3","5","5",NA,NA,NA,"3","3","3","3","4","5",NA,NA,NA,"3","3","3","3","5","2","4","44","1",NA,"7","11","4,7",NA,"183","156","Region #6"
277,"3","3","1","1","1",NA,NA,NA,"2","2","2","1","1","1",NA,NA,NA,"1","1","1","1","1","1",NA,NA,NA,"2","4","4","3","3","3",NA,NA,NA,"3","4","4","3","3","3",NA,NA,NA,"3","2","2","2","2","2",NA,NA,NA,"2","2","2","2","2","2",NA,NA,NA,"2","3","3","2","2","2",NA,NA,NA,"2","5","5",NA,NA,NA,"3","3","3","4","4","4","3","3","3",NA,NA,NA,"3","5","5",NA,NA,NA,"3","3","3","4","5","5",NA,NA,NA,"3","3","3","4","5","5",NA,NA,NA,"2","2","3","4","5","5",NA,NA,NA,"3","3","3","5","5","5",NA,NA,NA,"3","3","3","5","5","5",NA,NA,NA,"2","2","3","4","5","2","4","39","2",NA,"7","5","3",NA,"254","137","Region #7"
271,"4","2","1","1","1",NA,NA,NA,"2","1","1","1","1","1",NA,NA,NA,"1","1","1","1","1","1",NA,NA,NA,"1","1","2","1","1","1",NA,NA,NA,"1","5","3","2","3","3",NA,NA,NA,"2","2","2","3","3","3",NA,NA,NA,"2","2","2","2","2","2",NA,NA,NA,"1","3","3","3","3","3",NA,NA,NA,"2","4","4","3","3","3",NA,NA,NA,"4","3","3","3","3","3",NA,NA,NA,"2","3","3","3","3","2",NA,NA,NA,"2","3","3","3","3","3",NA,NA,NA,"2","5","5",NA,NA,NA,"3","3","3","4","5","5",NA,NA,NA,"3","3","3","4","5","5",NA,NA,NA,"3","3","3","4","5","5",NA,NA,NA,"3","3","3","4","5","2","4","47","2",NA,"3","2","7",NA,NA,NA,NA
132,"3","2","2","2","2",NA,NA,NA,"1","1","1","1","1","1",NA,NA,NA,"1","1","1","1","1","1",NA,NA,NA,"1","2","2","1","2","1",NA,NA,NA,"2","4","3","2","2","1",NA,NA,NA,"1","1","1","1","1","1",NA,NA,NA,"1","1","1","1","1","1",NA,NA,NA,"1","3","4","3","3","2",NA,NA,NA,"2","4","4","2","4","2",NA,NA,NA,"4","3","2","2","1","2",NA,NA,NA,"1","3","3","2","1","1",NA,NA,NA,"3","2","4","4","4","4",NA,NA,NA,"4","2","5",NA,NA,NA,"5","5","5","5","3","3","3","3","2",NA,NA,NA,"2","2","4","2","2","4",NA,NA,NA,"4","2","4","2","2","4",NA,NA,NA,"4","5","2","4","36","1",NA,"6","6","7",NA,"150","223","Region #4"
195,"3","3","4","3","4",NA,NA,NA,"3","3","2","2","2","1",NA,NA,NA,"1","2","3","2","2","1",NA,NA,NA,"2","3","4","2","2","2",NA,NA,NA,"2","4","4","4","4","4",NA,NA,NA,"4","2","1","1","2","1",NA,NA,NA,"1","3","3","2","2","2",NA,NA,NA,"2","2","2","1","2","2",NA,NA,NA,"1","3","4","4","4","4",NA,NA,NA,"4","3","3","2","2",NA,NA,NA,NA,"2","5","5",NA,NA,NA,"4","4","4","4","4","4","3","2","2",NA,NA,NA,"2","5","5",NA,NA,NA,"3","2","4","4","4","4","2","2","2",NA,NA,NA,"2","5","5",NA,NA,NA,"3","4","5","5","3","4","2","2","2",NA,NA,NA,"2","5","2","4","50","2",NA,"7","6","2",NA,NA,NA,NA
5,"4","4","1","1","1",NA,NA,NA,"1","1","1","1","1","1",NA,NA,NA,"1","1","1","1","1","1",NA,NA,NA,"1","1","1","1","1","1",NA,NA,NA,"1","4","4","1","1","1",NA,NA,NA,"1","1","1","1","1","1",NA,NA,NA,"1","1","1","1","1","1",NA,NA,NA,"1","1","1","1","1","1",NA,NA,NA,"1","4","4","4","4","4",NA,NA,NA,"2","1","1","2","2","2",NA,NA,NA,"1","2","2","2","2","2",NA,NA,NA,"2","1","1","2","2","2",NA,NA,NA,"2","4","5",NA,NA,NA,"4","4","4","5","3","3","2","2","2",NA,NA,NA,"2","2","3","2","2","2",NA,NA,NA,"2","1","3","2","2","2",NA,NA,NA,"2","5","2","4","61","2",NA,"3","4","7",NA,"135","211","Region #4"
162,"3","4","4","4","3",NA,NA,NA,"4","2","2","2","2","2",NA,NA,NA,"1","2","2","2","2","1",NA,NA,NA,"2","2","2","2","2","2",NA,NA,NA,"2","4","4","3","2","2",NA,NA,NA,"2","2","2","2","2","2",NA,NA,NA,"2","1","2","2","2","2",NA,NA,NA,"2","2","2","2","2","2",NA,NA,NA,"1","4","4","2","3","3",NA,NA,NA,"2","3","3","3","2","2",NA,NA,NA,"1","3","3","3","3","3",NA,NA,NA,"2","3","3","3","2","3",NA,NA,NA,"2","3","5",NA,NA,NA,"5","5","5","5","5","5",NA,NA,NA,"4","3","3","3","4","4","3","3","3",NA,NA,NA,"2","4","5",NA,NA,NA,"2","2","3","3","5","2","4","43","3",NA,"5","4","7",NA,"179","149","Region #6"
283,"2","3","2","2","2",NA,NA,NA,"2","1","1","1","1","1",NA,NA,NA,"1","1","1","1","1","1",NA,NA,NA,"1","3","3","2","2","1",NA,NA,NA,"1","5","5",NA,NA,NA,"2","3","3","4","2","2","1","2","2",NA,NA,NA,"2","3","3","2","3","2",NA,NA,NA,"2","4","4","2","2","3",NA,NA,NA,"2","5","5",NA,NA,NA,"4","3","5","5","3","3","2","2","2",NA,NA,NA,"2","4","5",NA,NA,NA,"3","3","4","5","3","3","2","2","2",NA,NA,NA,"2","4","5",NA,NA,NA,"4","4","5","5","3","3","2","2","3",NA,NA,NA,"2","4","3","2","2","4",NA,NA,NA,"4","4","4","2","2","4",NA,NA,NA,"3","5","2","4","46","1",NA,"6","2","4",NA,"226","138","Region #7"
311,"3","2","1","1","1",NA,NA,NA,"1","1","1","1","1","1",NA,NA,NA,"1","1","1","1","1","1",NA,NA,NA,"1","2","2","1","2","2",NA,NA,NA,"1","3","4","2","4","4",NA,NA,NA,"4","1","1","1","1","1",NA,NA,NA,"1","1","1","1","1","1",NA,NA,NA,"2","3","3","2","2","2",NA,NA,NA,"2","3","4","2","4","4",NA,NA,NA,"4","3","3","2","2","2",NA,NA,NA,"1","3","3","2","2","2",NA,NA,NA,"2","3","3","2","2","2",NA,NA,NA,"2","3","5",NA,NA,NA,"2","2","2","4","3","2","2","2","2",NA,NA,NA,"2","4","5",NA,NA,NA,"2","3","2","4","2","4","2","2","2",NA,NA,NA,"4","5","2","4","26","2",NA,"7","6","7",NA,"202","188","Region #5"
258,"3","3","2","2","2",NA,NA,NA,"2","1","1","2","2","2",NA,NA,NA,"1","1","1","2","2","2",NA,NA,NA,"2","1","1","1","1","1",NA,NA,NA,"1","2","2","2","3","2",NA,NA,NA,"2","2","3","2","2","2",NA,NA,NA,"2","2","4","2","2","2",NA,NA,NA,"2","2","2","2","2","2",NA,NA,NA,"2","2","2","2","2","2",NA,NA,NA,"2","2","2","2","2","2",NA,NA,NA,"2","1","1","2","2","2",NA,NA,NA,"2","2","2","2","2","2",NA,NA,NA,"2","5","5",NA,NA,NA,"4","4","4","5","1","1","3","3","3",NA,NA,NA,"2","4","5",NA,NA,NA,"3","3","3","3","3","3","3","3","3",NA,NA,NA,"2","5","2","4","25","2",NA,"3","3","3",NA,"165","258","Region #3"
315,"3","2","2","2","2",NA,NA,NA,"2","2","2","1","1","2",NA,NA,NA,"1","1","2","1","1","1",NA,NA,NA,"2","2","4","3","2","4",NA,NA,NA,"3","3","4","4","4","3",NA,NA,NA,"4","3","3","1","2","2",NA,NA,NA,"2","2","4","2","2","2",NA,NA,NA,"2","3","2","2","2","4",NA,NA,NA,"3","3","5",NA,NA,NA,"3","4","2","5","4","2","2","1","2",NA,NA,NA,"2","4","4","2","2","2",NA,NA,NA,"4","4","4","2","3","4",NA,NA,NA,"4","5","5",NA,NA,NA,"3","3","3","5","4","5",NA,NA,NA,"2","2","2","4","4","4","2","2","3",NA,NA,NA,"3","3","4","2","4","4",NA,NA,NA,"4","5","2","4","21","2",NA,"8","3","7",NA,"159","184","Region #5"
336,"4","2","1","1","1",NA,NA,NA,"2","1","2","1","1","1",NA,NA,NA,"1","1","1","1","1","1",NA,NA,NA,"1","4","2","1","1","1",NA,NA,NA,"2","3","4","3","2","3",NA,NA,NA,"3","2","2","2","2","2",NA,NA,NA,"2","1","3","1","2","2",NA,NA,NA,"2","3","3","2","2","2",NA,NA,NA,"2","4","4","2","2","1",NA,NA,NA,"2","2","3","1","2","2",NA,NA,NA,"1","4","4","2","2","1",NA,NA,NA,"2","3","4","2","2","2",NA,NA,NA,"2","4","4","3","3","3",NA,NA,NA,"4","2","4","2","3","3",NA,NA,NA,"3","5","5",NA,NA,NA,"4","4","4","4","2","4","2","3","3",NA,NA,NA,"3","5","2","4","23","2",NA,"6","6","4,7",NA,"92","233","Other"
140,"1","3","4","5","5",NA,NA,NA,"3","3","3","3","3","3",NA,NA,NA,"1","4","2","3","1","2",NA,NA,NA,"1","3","3","3","2","2",NA,NA,NA,"1","5","5",NA,NA,NA,"3","2","2","1","1","1","1","1","1",NA,NA,NA,"1","1","1","1","1","1",NA,NA,NA,"1","3","3","1","1","1",NA,NA,NA,"1","3","5",NA,NA,NA,"5","5","5","5","4","4","4","3","3",NA,NA,NA,"4","5","5",NA,NA,NA,"5","5","5","5","4","4","3","2","2",NA,NA,NA,"2","5","5",NA,NA,NA,"5","5","5","5","5","5",NA,NA,NA,"5","5","5","5","5","5",NA,NA,NA,"5","5","5","5","5","5",NA,NA,NA,"5","5","5","5","5","2","4","19","1",NA,"3","3","3,7",NA,"151","223","Region #4"
174,"4","5",NA,NA,NA,"4","4","3","4","2","2","1","1","1",NA,NA,NA,"1","2","3","1","2","1",NA,NA,NA,"2","3","2","2","2","1",NA,NA,NA,"2","5","5",NA,NA,NA,"2","2","2","3","1","1","1","1","2",NA,NA,NA,"1","3","3","2","1","1",NA,NA,NA,"2","2","2","2","1","2",NA,NA,NA,"2","5","4","3","2","3",NA,NA,NA,"3","1","1","1","2","1",NA,NA,NA,"1","4","5",NA,NA,NA,"3","3","2","3","3","2","2","2","2",NA,NA,NA,"2","4","5",NA,NA,NA,"4","3","3","4","2","2","1","1","1",NA,NA,NA,"1","4","4","2","1","1",NA,NA,NA,"2","3","3","2","2","3",NA,NA,NA,"1","5","2","4","58","2",NA,"5","5","7",NA,"211","124","Region #7"
357,"3","2","2","2","2",NA,NA,NA,"3","2","2","2","2","2",NA,NA,NA,"1","1","1","1","1","1",NA,NA,NA,"1","3","3","2","2","2",NA,NA,NA,"2","3","3","2","2","3",NA,NA,NA,"3","3","3","2","2","2",NA,NA,NA,"2","3","3","3","3","2",NA,NA,NA,"3","4","4","3","3","3",NA,NA,NA,"3","3","4","3","4","4",NA,NA,NA,"4","3","3","2","2","2",NA,NA,NA,"2","4","4","3","2","2",NA,NA,NA,"3","3","3","3","3","3",NA,NA,NA,"3","4","5",NA,NA,NA,"5","4","4","5","5","5",NA,NA,NA,"5","5","5","5","5","5",NA,NA,NA,"5","5","5","5","4","5",NA,NA,NA,"4","4","4","4","5","2","4","36","2",NA,"6","11","7",NA,"181","155","Region #6"
88,"4","4","1","2","1",NA,NA,NA,"1","1","1","1","1","1",NA,NA,NA,"1","1","1","1","1","1",NA,NA,NA,"1","4","4","1","1","1",NA,NA,NA,"1","4","5",NA,NA,NA,"1","1","2","2","2","2","1","1","1",NA,NA,NA,"1","1","1","1","1","1",NA,NA,NA,"1","3","3","1","1","1",NA,NA,NA,"1","4","4","2","3","2",NA,NA,NA,"2","3","3","2","2","2",NA,NA,NA,"2","4","4","3","3","3",NA,NA,NA,"2","3","3","3","2","2",NA,NA,NA,"2","4","5",NA,NA,NA,"3","3","3","5","4","4","3","2","2",NA,NA,NA,"2","4","4","2","2","2",NA,NA,NA,"2","4","4","3","3","3",NA,NA,NA,"2","5","2","4","50","2",NA,"3","3","7",NA,"89","243","Other"
57,"3","2","3","3","2",NA,NA,NA,"2","3","3","2","1","2",NA,NA,NA,"2","2","2","3","3","3",NA,NA,NA,"2","1","3","2","2","3",NA,NA,NA,"2","3","3","3","2","3",NA,NA,NA,"3","4","3","2","3","3",NA,NA,NA,"2","3","3","2","4","3",NA,NA,NA,"3","2","3","4","5","3",NA,NA,NA,"3","2","3","3","3","3",NA,NA,NA,"4","3","3","4","3","4",NA,NA,NA,"3","4","3","3","3","4",NA,NA,NA,"3","3","3","5","3","1",NA,NA,NA,"3","3","3","4","3","2",NA,NA,NA,"2","3","3","2","3","3",NA,NA,NA,"4","3","2","3","2","4",NA,NA,NA,"3","3","3","3","2","2",NA,NA,NA,"3","5","2","4","43","1",NA,"7","5","3",NA,"215","150","Region #6"
13,"2","2","5","5","4",NA,NA,NA,"1","4","4","3","3","3",NA,NA,NA,"4","3","3","3","3","3",NA,NA,NA,"3","4","4","4","4","3",NA,NA,NA,"4","3","2","2","2","2",NA,NA,NA,"1","4","4","4","3","3",NA,NA,NA,"3","3","3","2","3","2",NA,NA,NA,"2","2","2","2","1","2",NA,NA,NA,"2","3","3","2","3","2",NA,NA,NA,"2","4","4","4","4","4",NA,NA,NA,"4","5","4","2","3","3",NA,NA,NA,"5","3","3","2","3","3",NA,NA,NA,"2","4","4","4","5","3",NA,NA,NA,"4","3","3","3","3","3",NA,NA,NA,"2","5","5",NA,NA,NA,"3","3","3","5","3","4","2","2","2",NA,NA,NA,"2","5","2","7",NA,"2",NA,"8","3","7",NA,"141","249","Region #3"
4,"5","5",NA,NA,NA,"2","2","3","2","2","2","1","1","1",NA,NA,NA,"1","2","2","1","1","1",NA,NA,NA,"1","4","4","2","1","1",NA,NA,NA,"2","4","4","2","2","2",NA,NA,NA,"2","3","3","2","2","2",NA,NA,NA,"2","3","3","2","2","2",NA,NA,NA,"2","4","4","1","2","2",NA,NA,NA,"2","4","5",NA,NA,NA,"3","3","3","3","4","5",NA,NA,NA,"3","3","3","3","5","5",NA,NA,NA,"3","3","3","4","3","4","3","3","3",NA,NA,NA,"4","5","5",NA,NA,NA,"4","3","3","5","5","5",NA,NA,NA,"3","3","3","4","5","5",NA,NA,NA,"3","3","3","4","5","5",NA,NA,NA,"3","3","3","4","5","2","4","50","1",NA,"6","3","3",NA,"170","224","Region #4"
211,"3","3","2","2","2",NA,NA,NA,"2","2","2","2","2","2",NA,NA,NA,"2","2","3","2","2","2",NA,NA,NA,"2","3","3","2","2","2",NA,NA,NA,"2","4","4","2","2","2",NA,NA,NA,"2","3","3","3","2","3",NA,NA,NA,"3","2","2","2","2","2",NA,NA,NA,"2","3","4","2","2","2",NA,NA,NA,"2","4","4","3","3","3",NA,NA,NA,"4","3","3","2","2","2",NA,NA,NA,"2","3","4","3","2","2",NA,NA,NA,"3","4","4","2","2","2",NA,NA,NA,"2","4","5",NA,NA,NA,"2","3","4","4","4","4","3","3","3",NA,NA,NA,"4","5","5",NA,NA,NA,"2","3","3","4","4","4","2","2","4",NA,NA,NA,"3","5","2","4","35","1",NA,"7","5","7",NA,"192","127","Other"
321,"4","2","2","2","2",NA,NA,NA,"2","2","2","2","2","2",NA,NA,NA,"2","2","1","1","1","1",NA,NA,NA,"1","3","3","2","2","2",NA,NA,NA,"2","3","3","2","2","2",NA,NA,NA,"2","2","2","2","2","2",NA,NA,NA,"2","2","2","2","2","2",NA,NA,NA,"2","2","2","2","2","2",NA,NA,NA,"2","4","4","3","3","3",NA,NA,NA,"3","3","3","2","2","2",NA,NA,NA,"2","4","4","3","3","3",NA,NA,NA,"3","3","3","2","2","2",NA,NA,NA,"2","5","5",NA,NA,NA,"3","3","3","3","3","3","1","2","2",NA,NA,NA,"2","5","4","3","3","3",NA,NA,NA,"3","3","3","2","2","2",NA,NA,NA,"2","5","2","4","68","2",NA,"7","6","7",NA,"218","119","Region #7"
115,"3","2","1","2","3",NA,NA,NA,"2","2","3","1","2","1",NA,NA,NA,"1","1","1","1","1","1",NA,NA,NA,"1","3","3","1","1","1",NA,NA,NA,"1","3","3","2","2","2",NA,NA,NA,"2","3","3","2","2","2",NA,NA,NA,"2","3","3","2","2","2",NA,NA,NA,"2","3","3","2","2","2",NA,NA,NA,"2","4","4","2","2","2",NA,NA,NA,"2","3","3","2","2","2",NA,NA,NA,"2","4","4","2","2","2",NA,NA,NA,"4","3","3","2","2","2",NA,NA,NA,"2","3","4","2","2","4",NA,NA,NA,"3","4","4","2","2","3",NA,NA,NA,"3","4","5",NA,NA,NA,"2","1","4","4","3","4","2","2","4",NA,NA,NA,"3","5","2","4","38","2",NA,"4","4","7",NA,"103","245","Region #3"
185,"3","4","4","5","5",NA,NA,NA,"2","2","3","2","2","2",NA,NA,NA,"3","2","2","2","2","1",NA,NA,NA,"2","3","3","2","2","2",NA,NA,NA,"2","4","4","3","4","4",NA,NA,NA,"2","2","3","2","2","1",NA,NA,NA,"2","2","4","2","3","3",NA,NA,NA,"3","4","4","4","3","3",NA,NA,NA,"3","5","5",NA,NA,NA,"5","5","5","5","5","4","3","3","3",NA,NA,NA,"3","5","5",NA,NA,NA,"5","4","5","5","5","5",NA,NA,NA,"4","5","5","5","5","5",NA,NA,NA,"3","3","3","5","5","5",NA,NA,NA,"3","3","3","5","5","5",NA,NA,NA,"3","3","3","5","5","5",NA,NA,NA,"3","3","3","3","5","2","4","48","2",NA,"7","3","7",NA,"218","167","Region #6"
1,"4","3","2","2","2",NA,NA,NA,"2","1","1","1","1","1",NA,NA,NA,"1","1","1","1","1","1",NA,NA,NA,"1","2","2","1","2","1",NA,NA,NA,"1","5","4","1","2","1",NA,NA,NA,"2","1","1","1","1","1",NA,NA,NA,"1","1","1","1","1","1",NA,NA,NA,"1","3","3","2","2","2",NA,NA,NA,"2","4","5",NA,NA,NA,"5","4","5","3","3","3","2","2","3",NA,NA,NA,"3","3","3","2","2","2",NA,NA,NA,"2","3","2","1","2","1",NA,NA,NA,"2","5","5",NA,NA,NA,"3","2","3","5","4","4","2","3","3",NA,NA,NA,"4","4","5",NA,NA,NA,"3","2","3","3","4","4","3","2","3",NA,NA,NA,"3","5","2","4","24","1",NA,"5","2","7",NA,"112","247","Region #3"
257,"4","4","2","2","2",NA,NA,NA,"3","1","1","1","1","1",NA,NA,NA,"1","1","1","1","1","1",NA,NA,NA,"1","3","3","1","1","1",NA,NA,NA,"3","5","4","2","2","2",NA,NA,NA,"3","3","2","1","1","1",NA,NA,NA,"1","1","1","1","1","1",NA,NA,NA,"1","4","4","2","2","2",NA,NA,NA,"3","5","5",NA,NA,NA,"4","4","3","4","3","3","2","2","2",NA,NA,NA,"2","4","4","3","2","3",NA,NA,NA,"3","4","4","2","2","2",NA,NA,NA,"3","5","5",NA,NA,NA,"2","2","2","4","5","5",NA,NA,NA,"2","2","2","3","5","5",NA,NA,NA,"2","2","2","3","4","4","2","2","2",NA,NA,NA,"3","5","2","4","40","2",NA,"6","5","7",NA,"169","177","Region #5"
335,"1","1","1","1","1",NA,NA,NA,"1","1","1","1","1","1",NA,NA,NA,"1","1","1","1","1","1",NA,NA,NA,"1","1","1","1","1","1",NA,NA,NA,"1","1","2","2","2","2",NA,NA,NA,"1","1","1","1","1","1",NA,NA,NA,"1","1","1","1","1","1",NA,NA,NA,"1","1","1","1","1","1",NA,NA,NA,"1","5","4","2","2","2",NA,NA,NA,"2","2","2","1","1","1",NA,NA,NA,"1","2","2","2","2","2",NA,NA,NA,"2","3","3","1","2","1",NA,NA,NA,"2","5","5",NA,NA,NA,"4","4","3","2","2","2","2","2","2",NA,NA,NA,"2","4","4","4","4","3",NA,NA,NA,"4","3","4","3","4","3",NA,NA,NA,"3","5","2","4","25","2",NA,"6","5","2",NA,"166","227","Region #4"
101,"3","4","4","4","3",NA,NA,NA,"2","2","3","2","1","2",NA,NA,NA,"2","1","1","1","1","1",NA,NA,NA,"1","4","3","3","3","3",NA,NA,NA,"2","3","3","2","3","2",NA,NA,NA,"4","2","2","2","2","2",NA,NA,NA,"2","3","3","2","2","2",NA,NA,NA,"4","3","4","2","2","3",NA,NA,NA,"3","5","5",NA,NA,NA,"3","3","3","3","3","3","3","2","3",NA,NA,NA,"3","4","4","3","3","3",NA,NA,NA,"5","4","4","3","3","3",NA,NA,NA,"4","4","4","3","3","3",NA,NA,NA,"3","3","3","2","2","2",NA,NA,NA,"2","5","5",NA,NA,NA,"2","3","3","5","4","4","3","3","3",NA,NA,NA,"2","5","2","4","25","1",NA,"6","5","7",NA,"260","84","Region #8"
25,"1","1","1","1","1",NA,NA,NA,"1","1","1","1","1","2",NA,NA,NA,"1","1","1","1","1","1",NA,NA,NA,"1","1","1","1","1","1",NA,NA,NA,"1","1","2","1","1","1",NA,NA,NA,"1","1","1","2","1","1",NA,NA,NA,"1","1","1","1","2","1",NA,NA,NA,"1","1","1","1","1","1",NA,NA,NA,"2","3","2","2","2","2",NA,NA,NA,"2","1","1","1","1","1",NA,NA,NA,"1","1","1","1","1","1",NA,NA,NA,"1","1","1","1","1","1",NA,NA,NA,"1","4","4","3","2","3",NA,NA,NA,"3","3","3","2","2","3",NA,NA,NA,"2","4","4","3","3","2",NA,NA,NA,"3","3","3","3","2","3",NA,NA,NA,"3","5","1","4","52","2",NA,"5","3","7",NA,NA,NA,NA
341,"3","2","1","2","2",NA,NA,NA,"1","1","1","1","1","1",NA,NA,NA,"1","1","1","1","1","1",NA,NA,NA,"1","1","1","1","1","1",NA,NA,NA,"1","3","4","2","2","2",NA,NA,NA,"2","1","2","2","2","2",NA,NA,NA,"1","3","2","1","1","1",NA,NA,NA,"1","2","3","2","2","2",NA,NA,NA,"2","3","3","2","4","2",NA,NA,NA,"2","2","2","1","1","1",NA,NA,NA,"1","3","2","1","2","1",NA,NA,NA,"1","3","3","2","2","2",NA,NA,NA,"2","3","4","4","4","3",NA,NA,NA,"4","3","3","3","2","2",NA,NA,NA,"2","4","4","3","3","3",NA,NA,NA,"2","3","4","2","3","2",NA,NA,NA,"2","5","2","4","43","2",NA,"6","5","3,7,9","West Indo-Caribbean","174","192","Region #5"
20,"1","1","2","2","2",NA,NA,NA,"1","1","1","1","1","1",NA,NA,NA,"1","1","1","1","1","1",NA,NA,NA,"1","1","1","1","1","1",NA,NA,NA,"1","1","1","1","2","1",NA,NA,NA,"1","1","1","1","1","1",NA,NA,NA,"1","1","3","2","2","1",NA,NA,NA,"1","1","1","1","1","1",NA,NA,NA,"1","3","3","2","2","2",NA,NA,NA,"2","2","2","2","1","1",NA,NA,NA,"1","1","3","2","2","2",NA,NA,NA,"2","2","2","1","1","1",NA,NA,NA,"1","4","5",NA,NA,NA,"3","5","5","4","3","4","3","3","3",NA,NA,NA,"2","2","5",NA,NA,NA,"3","4","5","2","3","4","2","3","3",NA,NA,NA,"2","5","2","4","30","2",NA,"1","3","7",NA,NA,NA,NA
37,"3","3","1","1","1",NA,NA,NA,"1","1","1","1","1","1",NA,NA,NA,"1","1","1","1","1","1",NA,NA,NA,"1","2","3","1","1","1",NA,NA,NA,"1","3","2","1","1","1",NA,NA,NA,"1","1","2","1","1","1",NA,NA,NA,"1","2","2","1","1","1",NA,NA,NA,"1","2","2","1","1","1",NA,NA,NA,"1","3","3","2","2","2",NA,NA,NA,"2","3","3","2","2","2",NA,NA,NA,"2","3","2","1","1","2",NA,NA,NA,"2","3","3","2","2","2",NA,NA,NA,"2","3","3","3","3","3",NA,NA,NA,"3","3","3","2","2","3",NA,NA,NA,"3","4","3","2","2","3",NA,NA,NA,"3","3","3","2","1","4",NA,NA,NA,"2","5","2","4","40","2",NA,"3","2","7",NA,"87","277","Region #2"
342,"3","3","2","2","2",NA,NA,NA,"2","1","2","1","1","1",NA,NA,NA,"2","1","2","1","1","1",NA,NA,NA,"1","2","2","2","2","2",NA,NA,NA,"2","4","4","2","2","2",NA,NA,NA,"2","1","2","2","2","2",NA,NA,NA,"2","1","3","2","2","2",NA,NA,NA,"2","2","3","2","2","2",NA,NA,NA,"2","5","5",NA,NA,NA,"4","4","3","5","2","3","2","2","2",NA,NA,NA,"2","4","5",NA,NA,NA,"2","2","2","3","3","4","2","2","2",NA,NA,NA,"3","5","5",NA,NA,NA,"4","3","3","5","3","5",NA,NA,NA,"2","2","4","4","5","5",NA,NA,NA,"2","2","4","5","4","5",NA,NA,NA,"2","2","4","4","5","2","4","30","2",NA,"6","6","5",NA,"199","146","Region #6"
309,"3","3","2","2","2",NA,NA,NA,"2","2","2","2","2","2",NA,NA,NA,"1","1","1","1","1","1",NA,NA,NA,"1","2","3","2","2","2",NA,NA,NA,"2","3","3","2","2","2",NA,NA,NA,"3","2","2","2","2","2",NA,NA,NA,"2","3","4","2","2","2",NA,NA,NA,"3","3","3","2","2","2",NA,NA,NA,"2","4","4","3","3","3",NA,NA,NA,"4","2","2","2","2","2",NA,NA,NA,"2","4","4","4","4","4",NA,NA,NA,"5","2","3","2","2","2",NA,NA,NA,"4","4","4","5","4","4",NA,NA,NA,"5","4","4","3","3","3",NA,NA,NA,"3","5","5",NA,NA,NA,"5","5","5","5","4","4","4","4","4",NA,NA,NA,"5","5","2","4","71","1",NA,"7","6","7",NA,"284","101","Region #8"
221,"4","3","2","2","2",NA,NA,NA,"3","2","2","3","3","2",NA,NA,NA,"3","1","2","3","2","2",NA,NA,NA,"2","1","2","1","1","1",NA,NA,NA,"2","4","5",NA,NA,NA,"1","5","1","5","1","1","1","1","1",NA,NA,NA,"1","3","3","3","3","3",NA,NA,NA,"2","2","3","1","3","1",NA,NA,NA,"1","5","5",NA,NA,NA,"3","3","3","5","3","3","3","3","3",NA,NA,NA,"3","5","5",NA,NA,NA,"3","3","3","5","4","4","3","3","3",NA,NA,NA,"5","4","4","3","3","3",NA,NA,NA,"3","3","3","3","3","3",NA,NA,NA,"3","5","5",NA,NA,NA,"3","3","3","5","3","3","3","3","3",NA,NA,NA,"3","5","2","4","53","2",NA,"7","2","7",NA,"257","124","Region #7"
259,"3","3","4","3","3",NA,NA,NA,"2","2","1","2","2","1",NA,NA,NA,"1","1","1","1","1","1",NA,NA,NA,"1","3","3","3","2","2",NA,NA,NA,"2","4","3","3","3","2",NA,NA,NA,"2","2","1","2","2","2",NA,NA,NA,"1","3","3","2","2","2",NA,NA,NA,"2","2","2","3","2","2",NA,NA,NA,"1","4","4","4","3","4",NA,NA,NA,"3","3","3","2","2","2",NA,NA,NA,"2","4","4","3","3","3",NA,NA,NA,"2","3","3","3","2","3",NA,NA,NA,"2","4","4","4","4","4",NA,NA,NA,"3","3","4","3","3","3",NA,NA,NA,"2","4","4","3","3","3",NA,NA,NA,"3","3","4","3","3","3",NA,NA,NA,"2","5","2","4","43","2",NA,"7","2","7",NA,"199","139","Region #7"
317,"4","4","2","2","2",NA,NA,NA,"2","1","1","1","1","1",NA,NA,NA,"1","1","2","1","1","1",NA,NA,NA,"1","1","1","1","1","1",NA,NA,NA,"1","3","3","2","3","2",NA,NA,NA,"1","1","1","1","1","1",NA,NA,NA,"1","2","2","1","1","1",NA,NA,NA,"1","1","1","1","1","1",NA,NA,NA,"1","4","4","4","4","4",NA,NA,NA,"4","3","3","2","2","2",NA,NA,NA,"2","4","5",NA,NA,NA,"5","4","5","5","3","3","2","3","2",NA,NA,NA,"2","3","4","4","4","4",NA,NA,NA,"4","3","3","2","2","3",NA,NA,NA,"2","4","5",NA,NA,NA,"4","5","4","5","3","3","2","2","3",NA,NA,NA,"2","5","2","4","40","2",NA,"6","5","7",NA,NA,NA,NA
316,"4","3","1","1","1",NA,NA,NA,"1","1","1","1","1","1",NA,NA,NA,"1","1","1","1","1","1",NA,NA,NA,"1","1","1","1","1","1",NA,NA,NA,"1","1","1","1","1","1",NA,NA,NA,"1","1","1","1","1","1",NA,NA,NA,"1","1","1","1","1","1",NA,NA,NA,"1","2","2","1","1","1",NA,NA,NA,"1","3","3","2","2","2",NA,NA,NA,"2","1","1","1","1","1",NA,NA,NA,"1","2","2","1","1","1",NA,NA,NA,"1","3","3","2","2","2",NA,NA,NA,"2","4","4","3","3","3",NA,NA,NA,"3","4","4","3","2","3",NA,NA,NA,"3","5","5",NA,NA,NA,"3","3","4","4","4","5",NA,NA,NA,"4","2","4","3","5","2","4","39","1",NA,"7","5","7",NA,"241","139","Region #7"
134,"3","4","1","1","1",NA,NA,NA,"1","1","1","1","1","1",NA,NA,NA,"1","1","1","1","1","1",NA,NA,NA,"1","1","1","1","1","1",NA,NA,NA,"1","5","5",NA,NA,NA,"2","2","3","2","2","2","2","3","3",NA,NA,NA,"2","2","4","2","2","2",NA,NA,NA,"2","2","2","2","2","3",NA,NA,NA,"2","4","4","3","3","3",NA,NA,NA,"3","3","3","3","3","3",NA,NA,NA,"3","5","5",NA,NA,NA,"4","4","5","4","4","4","3","3","3",NA,NA,NA,"3","4","5",NA,NA,NA,"3","3","3","3","4","4","3","3","3",NA,NA,NA,"3","5","5",NA,NA,NA,"3","3","3","3","4","4","3","3","3",NA,NA,NA,"3","5","2","4","55","2",NA,"7","2","7",NA,NA,NA,NA
176,"1","4","5","5","2",NA,NA,NA,"4","1","2","2","1","2",NA,NA,NA,"1","1","3","1","1","1",NA,NA,NA,"1","1","3","1","2","2",NA,NA,NA,"1","3","5",NA,NA,NA,"5","5","5","5","1","2","1","2","2",NA,NA,NA,"1","1","2","1","1","2",NA,NA,NA,"1","1","1","2","1","2",NA,NA,NA,"2","3","4","2","4","4",NA,NA,NA,"5","1","4","1","1","2",NA,NA,NA,"3","4","5",NA,NA,NA,"2","2","3","4","1","4","2","2","2",NA,NA,NA,"3","2","5",NA,NA,NA,"4","5","5","5","2","3","2","2","2",NA,NA,NA,"2","4","4","2","2","2",NA,NA,NA,"3","2","3","1","1","1",NA,NA,NA,"1","5","2","4","37","2",NA,"6","4","7",NA,"217","178","Region #5"
223,"4","4","2","3","3",NA,NA,NA,"3","2","2","1","1","2",NA,NA,NA,"1","1","1","1","2","2",NA,NA,NA,"1","3","3","2","1","2",NA,NA,NA,"1","4","5",NA,NA,NA,"4","4","4","4","2","3","2","2","2",NA,NA,NA,"2","3","4","2","2","2",NA,NA,NA,"3","2","2","2","2","2",NA,NA,NA,"2","4","4","4","4","5",NA,NA,NA,"3","3","3","2","2","2",NA,NA,NA,"2","4","5",NA,NA,NA,"3","5","4","4","4","3","3","3","2",NA,NA,NA,"2","3","5",NA,NA,NA,"5","5","5","4","2","3","2","2","3",NA,NA,NA,"2","3","5",NA,NA,NA,"5","3","4","4","3","4","4","3","3",NA,NA,NA,"3","5","2","4","66","1",NA,"5","6","7",NA,"150","221","Region #4"
63,"3","3","2","1","2",NA,NA,NA,"1","2","2","2","1","2",NA,NA,NA,"2","1","1","1","1","1",NA,NA,NA,"1","3","3","2","2","2",NA,NA,NA,"2","3","2","1","1","1",NA,NA,NA,"1","2","1","1","1","1",NA,NA,NA,"1","2","1","1","1","1",NA,NA,NA,"1","2","2","1","1","1",NA,NA,NA,"1","4","4","2","2","3",NA,NA,NA,"2","2","2","2","1","1",NA,NA,NA,"2","5","5",NA,NA,NA,"2","4","3","4","3","3","2","2","2",NA,NA,NA,"2","4","5",NA,NA,NA,"2","2","2","4","4","4","2","2","2",NA,NA,NA,"2","5","5",NA,NA,NA,"3","4","4","5","4","4","2","2","2",NA,NA,NA,"2","5","2","4","30","2",NA,"7","5","7",NA,"249","155","Region #6"
296,"3","2","1","1","1",NA,NA,NA,"1","1","1","1","1","1",NA,NA,NA,"1","1","1","1","1","1",NA,NA,NA,"1","3","3","1","1","1",NA,NA,NA,"1","4","4","4","4","4",NA,NA,NA,"5","3","3","3","2","2",NA,NA,NA,"2","3","3","3","2","2",NA,NA,NA,"2","4","4","3","2","2",NA,NA,NA,"2","5","5",NA,NA,NA,"3","3","3","5","5","5",NA,NA,NA,"3","2","3","5","5","5",NA,NA,NA,"3","3","3","5","5","5",NA,NA,NA,"3","2","2","5","3","5",NA,NA,NA,"3","3","3","3","3","4","2","3","3",NA,NA,NA,"2","4","5",NA,NA,NA,"2","2","3","3","3","5",NA,NA,NA,"3","3","3","3","5","2","4","25","2",NA,"8","3","2,7",NA,"54","309","Region #1"
153,"2","2","1","1","1",NA,NA,NA,"1","1","1","1","1","1",NA,NA,NA,"1","1","1","1","1","1",NA,NA,NA,"1","2","3","1","1","1",NA,NA,NA,"1","3","3","2","2","2",NA,NA,NA,"2","3","3","2","2","2",NA,NA,NA,"2","2","3","2","2","2",NA,NA,NA,"2","3","4","3","2","2",NA,NA,NA,"3","5","5",NA,NA,NA,"3","3","3","3","4","4","3","3","2",NA,NA,NA,"3","5","5",NA,NA,NA,"3","2","2","4","4","4","3","3","2",NA,NA,NA,"2","5","5",NA,NA,NA,"3","2","3","4","5","5",NA,NA,NA,"2","3","3","3","5","5",NA,NA,NA,"3","2","3","4","4","5",NA,NA,NA,"2","2","3","3","5","2","4","45","1",NA,"6","4","7",NA,"175","183","Region #5"
41,"1","4","5","5","5",NA,NA,NA,"3","1","1","1","1","1",NA,NA,NA,"1","1","1","1","1","1",NA,NA,NA,"1","3","3","2","2","2",NA,NA,NA,"2","5","3","2","2","2",NA,NA,NA,"3","3","3","3","2","2",NA,NA,NA,"1","1","1","1","1","1",NA,NA,NA,"1","5","4","3","3","3",NA,NA,NA,"1","3","3","2","3","2",NA,NA,NA,"3","3","3","1","3","2",NA,NA,NA,"2","4","3","1","2","1",NA,NA,NA,"2","2","3","2","2","2",NA,NA,NA,"2","4","4","4","4","1",NA,NA,NA,"3","2","5",NA,NA,NA,"3","2","3","4","5","5",NA,NA,NA,"1","1","5","5","3","5",NA,NA,NA,"2","2","4","4","5","2","4","38","1",NA,"7","5","2",NA,"197","172","Region #5"
158,"5","5",NA,NA,NA,"1","1","1","2","1","1","1","1","1",NA,NA,NA,"1","1","1","1","1","1",NA,NA,NA,"1","1","1","1","1","1",NA,NA,NA,"1","5","5",NA,NA,NA,"1","1","1","4","1","1","1","3","1",NA,NA,NA,"1","1","1","1","1","1",NA,NA,NA,"1","1","1","1","1","3",NA,NA,NA,"1","5","5",NA,NA,NA,"4","4","4","4","1","1","2","2","2",NA,NA,NA,"1","3","3","2","2","2",NA,NA,NA,"2","1","1","2","2","2",NA,NA,NA,"1","4","4","4","4","3",NA,NA,NA,"4","2","2","2","2","3",NA,NA,NA,"1","3","3","2","2","3",NA,NA,NA,"2","2","2","2","2","3",NA,NA,NA,"1","5","2","4","31","2",NA,"2","5","7",NA,"163","186","Region #5"
197,"3","2","2","1","2",NA,NA,NA,"1","3","3","2","2","2",NA,NA,NA,"1","2","2","2","1","1",NA,NA,NA,"1","4","4","2","1","1",NA,NA,NA,"1","4","4","2","2","2",NA,NA,NA,"3","2","3","2","2","1",NA,NA,NA,"1","3","3","2","2","2",NA,NA,NA,"2","4","4","2","2","2",NA,NA,NA,"2","5","5",NA,NA,NA,"4","4","4","5","3","3","3","3","3",NA,NA,NA,"2","5","5",NA,NA,NA,"3","4","4","5","5","5",NA,NA,NA,"3","3","3","4","5","5",NA,NA,NA,"2","3","3","4","4","4","3","3","3",NA,NA,NA,"3","5","5",NA,NA,NA,"4","3","4","5","5","5",NA,NA,NA,"4","4","4","4","5","2","4","26","2",NA,"4","5","3",NA,"172","190","Region #5"
45,"4","3","3","3","2",NA,NA,NA,"1","3","3","3","2","2",NA,NA,NA,"1","1","1","1","1","1",NA,NA,NA,"1","3","3","2","2","1",NA,NA,NA,"1","4","4","3","3","3",NA,NA,NA,"5","2","2","1","1","1",NA,NA,NA,"1","2","3","2","2","2",NA,NA,NA,"2","3","3","3","3","2",NA,NA,NA,"2","5","5",NA,NA,NA,"3","3","3","4","4","4","3","3","3",NA,NA,NA,"3","5","5",NA,NA,NA,"3","5","5","5","3","4","3","3","3",NA,NA,NA,"4","5","5",NA,NA,NA,"5","5","5","5","4","5",NA,NA,NA,"5","5","5","5","5","5",NA,NA,NA,"5","5","5","5","4","5",NA,NA,NA,"5","5","5","5","5","2","4","19","2",NA,"2","2","7",NA,"132","250","Region #3"
192,"1","1","1","1","1",NA,NA,NA,"1","1","1","1","1","1",NA,NA,NA,"1","1","1","1","1","1",NA,NA,NA,"1","1","1","1","1","1",NA,NA,NA,"1","1","1","1","1","1",NA,NA,NA,"1","1","1","1","1","1",NA,NA,NA,"1","1","1","1","1","1",NA,NA,NA,"1","1","1","1","1","1",NA,NA,NA,"1","2","5",NA,NA,NA,"5","4","4","5","4","4","4","4","4",NA,NA,NA,"4","5","5",NA,NA,NA,"5","5","5","5","4","3","3","4","3",NA,NA,NA,"3","5","5",NA,NA,NA,"3","3","3","3","5","5",NA,NA,NA,"3","3","3","2","3","5",NA,NA,NA,"3","3","3","3","5","5",NA,NA,NA,"3","3","3","3","5","2","4","31","2",NA,"6","3","3",NA,NA,NA,NA
143,"3","4","3","4","3",NA,NA,NA,"4","1","1","1","1","1",NA,NA,NA,"1","2","2","2","2","2",NA,NA,NA,"2","2","1","2","2","2",NA,NA,NA,NA,"4","4","4","4","3",NA,NA,NA,"4","2","2","1","1","2",NA,NA,NA,"2","2","3","2","1","2",NA,NA,NA,"2","2","2","2","2","2",NA,NA,NA,"1","5","5",NA,NA,NA,"3","3","3","5","3","3","3","3","3",NA,NA,NA,"3","4","5",NA,NA,NA,"3","3","3","4","3","4","3","3","3",NA,NA,NA,"3","5","5",NA,NA,NA,"3","3","3","5","4","4","3","3","3",NA,NA,NA,"4","5","5",NA,NA,NA,"3","3","3","5","3","5",NA,NA,NA,"3","3","3","5","5","2","4","68","2",NA,"5","5","7",NA,"223","90","Region #8"
154,"3","3","4","4","3",NA,NA,NA,"3","2","2","2","2","2",NA,NA,NA,"2","3","3","2","2","1",NA,NA,NA,"2","2","3","2","2","2",NA,NA,NA,"2","5","4","2","3","3",NA,NA,NA,"2","1","1","2","2","2",NA,NA,NA,"2","3","3","2","2","2",NA,NA,NA,"2","2","3","2","2","2",NA,NA,NA,"2","5","5",NA,NA,NA,"3","3","3","3","5","5",NA,NA,NA,"3","3","3","3","5","5",NA,NA,NA,"3","3","3","3","5","5",NA,NA,NA,"3","3","3","3","5","5",NA,NA,NA,"3","3","3","5","4","4","3","3","3",NA,NA,NA,"2","5","5",NA,NA,NA,"3","3","2","4","3","3","3","2","3",NA,NA,NA,"3","5","2","4","45","2",NA,"8","6","4",NA,"203","187","Region #5"
183,"4","4","2","2","2",NA,NA,NA,"2","1","1","2","3","2",NA,NA,NA,"2","2","4","1","1","1",NA,NA,NA,"3","3","3","2","2","2",NA,NA,NA,"2","4","4","2","2","2",NA,NA,NA,"3","1","3","2","3","2",NA,NA,NA,"2","3","5",NA,NA,NA,"3","4","3","5","4","4","2","5","2",NA,NA,NA,"2","5","5",NA,NA,NA,"3","3","3","5","3","3","2","3","2",NA,NA,NA,"1","4","5",NA,NA,NA,"3","2","2","4","3","4","3","2","3",NA,NA,NA,"2","5","5",NA,NA,NA,"5","3","3","5","4","4","3","3","3",NA,NA,NA,"3","5","5",NA,NA,NA,"3","5","3","5","4","4","2","2","3",NA,NA,NA,"3","5","2","4","25","2",NA,"4","3","7",NA,"98","251","Other"
148,"4","4","1","2","2",NA,NA,NA,"2","1","1","1","1","1",NA,NA,NA,"1","1","1","1","1","1",NA,NA,NA,"1","3","3","1","2","1",NA,NA,NA,"1","3","3","1","1","1",NA,NA,NA,"1","2","2","1","2","2",NA,NA,NA,"1","1","2","1","1","1",NA,NA,NA,"1","3","3","1","2","2",NA,NA,NA,"1","4","4","3","2","2",NA,NA,NA,"4","3","3","2","2","2",NA,NA,NA,"2","4","4","2","2","3",NA,NA,NA,"4","4","4","2","2","2",NA,NA,NA,"2","4","5",NA,NA,NA,"3","3","3","4","4","5",NA,NA,NA,"3","3","3","3","4","5",NA,NA,NA,"2","2","3","4","4","4","4","3","3",NA,NA,NA,"3","5","2","4","43","2",NA,"3","4","4,7",NA,"255","124","Region #7"
359,"2","2","4","5","5",NA,NA,NA,"3","3","3","3","3","3",NA,NA,NA,"2","2","1","2","3","2",NA,NA,NA,"2","2","3","4","4","4",NA,NA,NA,"2","3","4","4","4","4",NA,NA,NA,"4","3","3","3","3","2",NA,NA,NA,"2","5","5",NA,NA,NA,"3","3","3","4","3","3","4","3","3",NA,NA,NA,"3","4","4","5","5","5",NA,NA,NA,"4","4","4","3","3","3",NA,NA,NA,"3","5","5",NA,NA,NA,"5","5","5","5","3","4","4","4","4",NA,NA,NA,"4","4","5",NA,NA,NA,"5","5","5","5","5","5",NA,NA,NA,"3","3","3","5","5","5",NA,NA,NA,"5","5","5","5","4","4","3","3","3",NA,NA,NA,"4","5","2","4","32","3",NA,"7","3","3,4,7",NA,"116","238","Region #3"
248,"2","2","1","1","1",NA,NA,NA,"1","2","2","2","1","1",NA,NA,NA,"1","1","1","1","1","1",NA,NA,NA,"1","3","3","1","1","1",NA,NA,NA,"1","3","3","2","2","2",NA,NA,NA,"2","1","1","1","1","1",NA,NA,NA,"1","1","1","1","1","1",NA,NA,NA,"1","1","1","1","1","1",NA,NA,NA,"1","4","4","2","2","2",NA,NA,NA,"3","3","3","2","2","2",NA,NA,NA,"1","4","4","2","2","2",NA,NA,NA,"2","4","4","2","2","2",NA,NA,NA,"2","4","5",NA,NA,NA,"3","3","3","4","4","4","2","2","3",NA,NA,NA,"2","4","4","2","2","2",NA,NA,NA,"2","4","4","2","2","3",NA,NA,NA,"2","5","2","4","49","2",NA,"7","6","7",NA,"215","138","Region #7"
50,"4","4","2","2","3",NA,NA,NA,"2","2","3","2","3","3",NA,NA,NA,"2","2","2","2","2","3",NA,NA,NA,"2","4","4","3","3","3",NA,NA,NA,"2","4","4","2","3","3",NA,NA,NA,"2","3","3","2","3","2",NA,NA,NA,"2","3","3","2","3","3",NA,NA,NA,"2","4","3","2","2","3",NA,NA,NA,"3","4","5",NA,NA,NA,"3","4","3","4","3","3","3","2","3",NA,NA,NA,"2","4","4","2","2","3",NA,NA,NA,"3","3","3","3","2","3",NA,NA,NA,"2","5","5",NA,NA,NA,"4","4","3","5","3","4","3","3","3",NA,NA,NA,"2","4","4","3","3","3",NA,NA,NA,"2","4","4","3","3","3",NA,NA,NA,"2","5","2","4","41","2",NA,"5","13","7",NA,NA,NA,NA
139,"4","4","1","1","1",NA,NA,NA,"1","1","1","1","1","1",NA,NA,NA,"1","1","1","1","1","1",NA,NA,NA,"1","4","4","1","1","1",NA,NA,NA,"1","4","4","4","3","4",NA,NA,NA,"4","2","2","1","1","1",NA,NA,NA,"1","2","3","1","1","1",NA,NA,NA,"2","3","3","1","1","1",NA,NA,NA,"2","5","5",NA,NA,NA,"3","3","3","5","4","4","2","2","2",NA,NA,NA,"2","5","5",NA,NA,NA,"3","3","3","5","5","5",NA,NA,NA,"3","3","3","5","4","5",NA,NA,NA,"5","5","5","5","4","4","2","2","3",NA,NA,NA,"2","5","5",NA,NA,NA,"3","3","3","5","4","5",NA,NA,NA,"3","3","3","3","5","2","4","27","2",NA,"5","5","7",NA,"102","251","Other"
47,"3","4","2","2","2",NA,NA,NA,"4","2","3","1","1","1",NA,NA,NA,"1","2","3","1","1","1",NA,NA,NA,"1","3","3","2","2","2",NA,NA,NA,"1","5","4","4","4","3",NA,NA,NA,"4","1","1","1","1","1",NA,NA,NA,"1","1","1","1","1","1",NA,NA,NA,"1","4","4","2","2","2",NA,NA,NA,"2","5","5",NA,NA,NA,"4","3","3","4","4","4","2","2","2",NA,NA,NA,"2","5","5",NA,NA,NA,"2","2","2","3","4","4","3","3","3",NA,NA,NA,"4","4","5",NA,NA,NA,"4","4","3","5","4","4","2","2","2",NA,NA,NA,"3","5","5",NA,NA,NA,"3","3","3","2","4","4","2","2","2",NA,NA,NA,"2","5","2","4","43","2",NA,"5","3","7",NA,"154","232","Other"
19,"4","4","1","1","1",NA,NA,NA,"2","1","1","1","1","1",NA,NA,NA,"1","1","1","1","1","1",NA,NA,NA,"1","3","1","1","1","1",NA,NA,NA,"1","5","5",NA,NA,NA,"3","3","3","3","2","2","1","1","1",NA,NA,NA,"1","2","2","1","1","1",NA,NA,NA,"1","3","3","1","1","1",NA,NA,NA,"1","4","5",NA,NA,NA,"3","3","3","4","3","2","3","2","2",NA,NA,NA,"1","3","4","1","2","2",NA,NA,NA,"2","3","2","2","2","1",NA,NA,NA,"1","5","5",NA,NA,NA,"3","3","3","4","3","3","3","3","3",NA,NA,NA,"1","4","4","2","2","3",NA,NA,NA,"3","3","3","2","2","3",NA,NA,NA,"2","5","2","4","36","2",NA,"5","5","7",NA,"190","188","Region #5"
39,"1","1","3","3","3",NA,NA,NA,"1","3","3","1","1","1",NA,NA,NA,"2","1","3","1","1","1",NA,NA,NA,"1","3","3","1","2","1",NA,NA,NA,"1","4","3","1","1","1",NA,NA,NA,"1","1","1","1","1","1",NA,NA,NA,"1","1","1","1","1","1",NA,NA,NA,"1","3","3","1","1","1",NA,NA,NA,"1","3","3","2","2",NA,NA,NA,NA,"2","2","2","1","1","1",NA,NA,NA,"1","4","4","2","2","2",NA,NA,NA,"2","3","3","2","1","2",NA,NA,NA,"2","4","3","2","2","2",NA,NA,NA,"3","2","2","2","2","2",NA,NA,NA,"2","4","4","2","2","4",NA,NA,NA,"2","3","3","2","2","2",NA,NA,NA,"1","5","2","4","52","2",NA,"7","5","7",NA,NA,NA,NA
80,"3","4","4","4","4",NA,NA,NA,"5","2","2","1","1","1",NA,NA,NA,"1","1","1","1","1","1",NA,NA,NA,"1","3","3","1","1","1",NA,NA,NA,"1","5","5",NA,NA,NA,"5","5","5","5","1","1","1","1","1",NA,NA,NA,"1","1","1","1","1","1",NA,NA,NA,"1","3","3","1","2","2",NA,NA,NA,"1","4","5",NA,NA,NA,"4","4","3","3","3","3","2","2","2",NA,NA,NA,"3","3","3","2","2","2",NA,NA,NA,"3","3","3","2","2","2",NA,NA,NA,"3","5","5",NA,NA,NA,"5","5","5","5","3","3","3","3","3",NA,NA,NA,"3","4","4","2","2","2",NA,NA,NA,"3","3","3","3","3","3",NA,NA,NA,"3","5","2","4","37","2",NA,"7","3","7",NA,"123","212","Other"
286,"4","4","2","2","2",NA,NA,NA,"2","2","2","2","2","2",NA,NA,NA,"2","1","2","2","2","2",NA,NA,NA,"2","5","2","2","2","2",NA,NA,NA,"2","4","4","3","3","3",NA,NA,NA,"3","3","3","3","3","3",NA,NA,NA,"3","4","4","3","3","3",NA,NA,NA,"3","4","4","3","3","3",NA,NA,NA,"3","4","4","3","3","3",NA,NA,NA,"4","3","3","2","2","2",NA,NA,NA,"2","4","4","3","3","3",NA,NA,NA,"3","3","3","3","3","3",NA,NA,NA,"3","5","5",NA,NA,NA,"3","3","3","3","5","5",NA,NA,NA,"3","3","3","3","5","5",NA,NA,NA,"3","3","3","3","5","4","3","3","3",NA,NA,NA,"3","5","2","4","74","2",NA,"6","3","7",NA,"256","173","Other"
244,"3","3","1","1","1",NA,NA,NA,"1","2","3","1","1","1",NA,NA,NA,"1","1","1","1","1","1",NA,NA,NA,"1","3","2","1","1","1",NA,NA,NA,"1","2","3","1","2","1",NA,NA,NA,"1","1","1","1","1","1",NA,NA,NA,"1","1","1","1","1","1",NA,NA,NA,"1","1","2","1","1","1",NA,NA,NA,"1","4","5",NA,NA,NA,"2","2","2","2","3","3","2","2","2",NA,NA,NA,"2","3","3","2","2","2",NA,NA,NA,"2","3","3","2","2","2",NA,NA,NA,"2","5","5",NA,NA,NA,"3","2","4","5","4","3","4","4","2",NA,NA,NA,"2","4","5",NA,NA,NA,"4","4","2","3","4","4","5","4","1",NA,NA,NA,"2","5","2","4","48","2",NA,"5","4","3",NA,"169","171","Region #5"
338,"4","2","2","2","2",NA,NA,NA,"1","2","2","2","2","2",NA,NA,NA,"2","1","2","2","2","2",NA,NA,NA,"2","2","1","2","2","2",NA,NA,NA,"2","1","1","1","1","1",NA,NA,NA,"1","1","1","1","1","1",NA,NA,NA,"1","1","1","1","1","1",NA,NA,NA,"1","1","1","1","1","1",NA,NA,NA,"1","4","4","2","2","3",NA,NA,NA,"4","2","2","2","2","2",NA,NA,NA,"2","2","3","2","2","2",NA,NA,NA,"2","4","4","2","2","2",NA,NA,NA,"2","4","5",NA,NA,NA,"5","5","5","5","5","5",NA,NA,NA,"5","5","5","5","5","5",NA,NA,NA,"5","5","5","5","5","5",NA,NA,NA,"5","5","5","5","5","2","4","33","1",NA,"5","6","2",NA,"213","153","Region #6"
52,"4","4","2","2","3",NA,NA,NA,NA,"1","1","1","1","1",NA,NA,NA,"1","1","1","1","1","1",NA,NA,NA,"1","1","1","2","2","2",NA,NA,NA,"2","5","4","2","2","3",NA,NA,NA,"2","2","2","2","2","2",NA,NA,NA,"1","1","1","2","2","2",NA,NA,NA,"1","3","2","2","3","3",NA,NA,NA,"2","5","4","3","3","3",NA,NA,NA,"3","4","3","3","3","3",NA,NA,NA,"3","4","4","3","3","3",NA,NA,NA,"3","3","3","3","3","3",NA,NA,NA,"3","5","5",NA,NA,NA,"3","3","3","3","4","4","3","3","3",NA,NA,NA,"5","5","5",NA,NA,NA,"4","3","4","4","4","4","3","3","3",NA,NA,NA,"3","5","2","4","36","2",NA,"2","2","4",NA,"164","178","Region #5"
145,"3","4","4","4","4",NA,NA,NA,"4","2","2","1","1","1",NA,NA,NA,"1","1","1","1","1","1",NA,NA,NA,"1","3","3","1","1","1",NA,NA,NA,"1","4","5",NA,NA,NA,"5","5","5","5","1","1","1","1","1",NA,NA,NA,"1","2","3","1","1","1",NA,NA,NA,"1","3","3","1","1","1",NA,NA,NA,"1","4","4","4","4","4",NA,NA,NA,"4","2","2","1","1","1",NA,NA,NA,"1","3","4","2","2","2",NA,NA,NA,"2","3","3","2","2","2",NA,NA,NA,"2","4","4","5","5","5",NA,NA,NA,"4","3","3","2","2","2",NA,NA,NA,"2","4","4","2","2","2",NA,NA,NA,"3","3","3","2","2","2",NA,NA,NA,"2","5","2","4","69","1",NA,"6","6","7",NA,"203","187","Region #5"
285,"3","4","4","4","2",NA,NA,NA,"5","2","2","2","1","2",NA,NA,NA,"2","2","3","2","1","1",NA,NA,NA,"2","3","4","2","2","2",NA,NA,NA,"4","4","5",NA,NA,NA,"2","3","2","4","2","3","1","2","1",NA,NA,NA,"2","3","3","2","1","1",NA,NA,NA,"4","2","2","2","2","1",NA,NA,NA,"2","4","5",NA,NA,NA,"1","1","2","5","4","4","3","2","4",NA,NA,NA,"5","5","5",NA,NA,NA,"1","2","4","5","3","4","2","1","1",NA,NA,NA,"5","5","5",NA,NA,NA,"5","5","5","5","4","5",NA,NA,NA,"2","3","2","4","5","5",NA,NA,NA,"4","5","5","5","3","4","2","2","3",NA,NA,NA,"3","5","2","4","35","1",NA,"7","5","2,7",NA,"200","178","Region #5"
170,"3","3","1","1","1",NA,NA,NA,"1","1","1","1","1","1",NA,NA,NA,"1","1","1","1","1","1",NA,NA,NA,"1","4","4","1","1","1",NA,NA,NA,"1","3","3","1","1","1",NA,NA,NA,"1","2","2","1","1","1",NA,NA,NA,"1","1","3","1","1","1",NA,NA,NA,"1","3","3","1","1","1",NA,NA,NA,"1","3","2","2","2","1",NA,NA,NA,"1","4","4","2","2","2",NA,NA,NA,"2","5","5",NA,NA,NA,"3","2","2","4","4","3","2","2","2",NA,NA,NA,"2","4","5",NA,NA,NA,"3","3","4","5","4","4","2","2","3",NA,NA,NA,"2","5","5",NA,NA,NA,"4","3","4","5","3","3","2","1","5",NA,NA,NA,"1","5","2","4","48","2",NA,"7","11","3",NA,"236","149","Region #6"
102,"4","3","2","2","2",NA,NA,NA,"2","1","1","1","1","1",NA,NA,NA,"1","1","1","1","1","1",NA,NA,NA,"1","3","3","2","2","2",NA,NA,NA,"2","4","3","2","2","2",NA,NA,NA,"1","2","2","2","2","2",NA,NA,NA,"1","1","1","1","1","1",NA,NA,NA,"1","2","2","2","2","2",NA,NA,NA,"2","5","5",NA,NA,NA,"3","3","3","3","3","3","2","2","2",NA,NA,NA,"2","4","5",NA,NA,NA,"3","3","3","3","3","3","2","2","2",NA,NA,NA,"2","5","5",NA,NA,NA,"3","3","3","4","3","3","2","2","2",NA,NA,NA,"2","4","4","3","3","3",NA,NA,NA,"2","3","3","3","3","3",NA,NA,NA,"2","5","2","4","23","3",NA,"3","2","7",NA,"143","218","Region #4"
32,"5","5",NA,NA,NA,"5","5","5","5","1","1","1","1","1",NA,NA,NA,"1","1","1","1","1","1",NA,NA,NA,"1","2","2","1","1","1",NA,NA,NA,"1","4","5",NA,NA,NA,"5","5","5","5","1","1","1","1","1",NA,NA,NA,"1","1","2","1","1","1",NA,NA,NA,"1","1","2","1","1","1",NA,NA,NA,"1","4","5",NA,NA,NA,"5","5","5","5","3","3","2","2","2",NA,NA,NA,"2","4","4","2","2","2",NA,NA,NA,"2","4","4","3","2","3",NA,NA,NA,"2","3","5",NA,NA,NA,"5","5","3","2","3","3","3","2","3",NA,NA,NA,"2","5","5",NA,NA,NA,"3","3","3","5","3","3","3","3","4",NA,NA,NA,"2","5","2","4","47","2",NA,"4","5","7",NA,"210","159","Region #6"
320,"3","2","4","4","4",NA,NA,NA,"2","2","2","1","1","1",NA,NA,NA,"1","1","1","1","1","1",NA,NA,NA,"1","4","3","1","1","1",NA,NA,NA,"1","4","2","2","3","3",NA,NA,NA,"1","1","1","1","1","1",NA,NA,NA,"1","1","1","1","1","1",NA,NA,NA,"1","2","2","1","1","1",NA,NA,NA,"1","4","4","5","5","5",NA,NA,NA,"2","2","2","2","2","1",NA,NA,NA,"1","4","4","2","1","2",NA,NA,NA,"2","3","3","2","1","2",NA,NA,NA,"1","4","5",NA,NA,NA,"5","5","5","4","2","2","2","2","2",NA,NA,NA,"1","5","5",NA,NA,NA,"2","2","2","4","2","3","2","2","3",NA,NA,NA,"1","5","2","4","24","2",NA,"1","4","3,7",NA,"127","268","Region #2"
164,"3","4","4","3","4",NA,NA,NA,"4","2","2","2","2","2",NA,NA,NA,"2","3","3","2","2","2",NA,NA,NA,"2","3","4","2","2","2",NA,NA,NA,"4","5","5",NA,NA,NA,"2","2","2","4","3","4","2","2","2",NA,NA,NA,"2","3","3","2","2","2",NA,NA,NA,"2","3","4","2","2","2",NA,NA,NA,"3","4","5",NA,NA,NA,"3","3","3","4","3","3","2","2","2",NA,NA,NA,"2","4","4","3","3","3",NA,NA,NA,"4","4","3","2","2","2",NA,NA,NA,"2","5","5",NA,NA,NA,"3","3","3","4","4","4","2","3","2",NA,NA,NA,"3","5","5",NA,NA,NA,"2",NA,"2","4","4","4","2","3","2",NA,NA,NA,"3","5","2","4","53","2",NA,"6","4","7",NA,"164","221","Region #4"
201,"4","2","2","2","2",NA,NA,NA,"2","2","2","1","1","1",NA,NA,NA,"1","1","1","1","1","1",NA,NA,NA,"1","3","3","2","2","2",NA,NA,NA,"1","4","4","3","3","3",NA,NA,NA,"2","2","2","1","1","1",NA,NA,NA,"1","1","2","2","1","1",NA,NA,NA,"1","3","3","1","1","1",NA,NA,NA,"1","3","3","3","3","3",NA,NA,NA,"3","3","3","2","2","2",NA,NA,NA,"2","3","3","2","2","2",NA,NA,NA,"2","3","3","2","2","2",NA,NA,NA,"2","4","5",NA,NA,NA,"3","2","4","4","3","3","2","2","2",NA,NA,NA,"2","4","4","3","4","4",NA,NA,NA,"5","3","3","2","2","2",NA,NA,NA,"2","5","2","4","61","2",NA,"7","6","7",NA,"256","94","Region #8"
333,"4","4","3","2","2",NA,NA,NA,"1","1","1","1","1","1",NA,NA,NA,"1","1","1","1","1","1",NA,NA,NA,"1","4","3","1","2","2",NA,NA,NA,"1","5","5",NA,NA,NA,"3","3","3","3","2","2","2","2","2",NA,NA,NA,"1","2","2","2","2","2",NA,NA,NA,"2","3","3","1","2","2",NA,NA,NA,"2","5","5",NA,NA,NA,"3","3","3","4","3","3","2","2","2",NA,NA,NA,"2","5","5",NA,NA,NA,"5","5","5","5","4","4","2","2","2",NA,NA,NA,"2","4","3","5","5","5",NA,NA,NA,"3","3","3","2","2","2",NA,NA,NA,"2","5","5",NA,NA,NA,"3","3","3","5","3","2","2","2","2",NA,NA,NA,"2","5","2","4","60","2",NA,"4","4","7",NA,"140","219","Region #4"
282,"4","4","4","4","2",NA,NA,NA,"2","2","2","2","1","2",NA,NA,NA,"1","1","2","1","1","1",NA,NA,NA,"1","3","3","2","2","2",NA,NA,NA,"1","4","4","1","1","1",NA,NA,NA,"1","1","2","2","2","2",NA,NA,NA,"1","1","1","1","1","1",NA,NA,NA,"1","4","4","1","1","1",NA,NA,NA,"1","5","5",NA,NA,NA,"2","2","2","4","3","3","2","2","2",NA,NA,NA,"2","5","5",NA,NA,NA,"3","4","4","5","3","4","2","2","2",NA,NA,NA,"2","4","5",NA,NA,NA,"2","3","3","2","4","4","3","3","3",NA,NA,NA,"2","5","5",NA,NA,NA,"3","3","3","5","3","3","2","2","2",NA,NA,NA,"2","5","2","4","56","2",NA,"3","3","3",NA,"187","185","Region #5"
363,"4","3","2","3","2",NA,NA,NA,"2","2","1","2","2","1",NA,NA,NA,"2","2","1","1","2","1",NA,NA,NA,"1","2","1","2","1","1",NA,NA,NA,"1","3","5",NA,NA,NA,"4","4","3","4","1","1","2","2","1",NA,NA,NA,"2","5","5",NA,NA,NA,"3","3","3","5","3","2","2","2","1",NA,NA,NA,"2","5","5",NA,NA,NA,"5","5","1","5","3","4","2","3","2",NA,NA,NA,"2","5","5",NA,NA,NA,"5","5","1","5","3","4","2","2","2",NA,NA,NA,"2","5","5",NA,NA,NA,"2","5","1","5","4","3","2","2","4",NA,NA,NA,"4","5","5",NA,NA,NA,"5","5","1","5","4","4","3","2","3",NA,NA,NA,"4","5","2","4","21","2",NA,"4","3","2,7",NA,"193","171","Region #5"
178,"3","4","4","3","2",NA,NA,NA,"4","1","1","2","2","2",NA,NA,NA,"2","1","3","2","2","3",NA,NA,NA,"2","2","2","2","2","2",NA,NA,NA,"1","3","5",NA,NA,NA,"3","4","3","4","2","2","2","2","2",NA,NA,NA,"2","2","3","2","2","2",NA,NA,NA,"3","2","2","2","2","2",NA,NA,NA,"3","3","5",NA,NA,NA,"4","4","3","4","2","4","2","2","1",NA,NA,NA,"3","2","5",NA,NA,NA,"2","2","2","4","2","3","2","2","1",NA,NA,NA,"3","3","5",NA,NA,NA,"4","4","2","4","3","5",NA,NA,NA,"1","2","3","4","3","5",NA,NA,NA,"2","4","3","4","2","5",NA,NA,NA,"1","2","3","4","5","2","4","40","2",NA,"4","5","7",NA,"119","235","Region #3"
18,"4","4","2","3","3",NA,NA,NA,"2","1","1","1","1","1",NA,NA,NA,"1","1","1","1","1","1",NA,NA,NA,"1","3","2","1","1","1",NA,NA,NA,"1","4","4","2","2","2",NA,NA,NA,"2","1","1","1","1","1",NA,NA,NA,"1","2","2","1","1","1",NA,NA,NA,"1","3","3","2","2","2",NA,NA,NA,"2","4","5",NA,NA,NA,"4","4","4","4","3","3","2","2","2",NA,NA,NA,"2","3","3","2","2","2",NA,NA,NA,"2","3","4","2","2","2",NA,NA,NA,"2","4","5",NA,NA,NA,"5","4","5","4","4","4","2","2","2",NA,NA,NA,"2","4","4","2","3","3",NA,NA,NA,"3","4","4","2","2","3",NA,NA,NA,"2","5","2","4","32","2",NA,"5","5","7",NA,"163","170","Region #5"
66,"4","2","1","1","1",NA,NA,NA,"1","1","1","1","1","1",NA,NA,NA,"1","1","1","1","1","1",NA,NA,NA,"1","3","1","1","1","1",NA,NA,NA,"1","4","3","2","2","3",NA,NA,NA,"1","1","1","1","1","2",NA,NA,NA,"1","1","1","1","1","2",NA,NA,NA,"1","3","3","1","1","2",NA,NA,NA,"1","5","4","3","2","3",NA,NA,NA,"3","3","3","3","2","2",NA,NA,NA,"2","5","5",NA,NA,NA,"3","3","3","4","4","4","3","3","3",NA,NA,NA,"2","5","5",NA,NA,NA,"3","3","3","4","3","3","2","2","3",NA,NA,NA,"2","5","5",NA,NA,NA,"3","3","3","4","3","3","2","2","3",NA,NA,NA,"2","5","2","4","35","2",NA,"7","5","7",NA,"184","185","Region #5"
260,"1","1","1","1","1",NA,NA,NA,"1","1","2","1","1","1",NA,NA,NA,"1","1","1","2","2","2",NA,NA,NA,"2","1","1","1","1","1",NA,NA,NA,"1","3","3","2","2","2",NA,NA,NA,"2","2","2","2","2","2",NA,NA,NA,"2","2","2","2","2","2",NA,NA,NA,"2","2","2","2","2","2",NA,NA,NA,"2","5","5",NA,NA,NA,"5","5","5","5","3","5",NA,NA,NA,"4","4","4","5","4","4","4","3","4",NA,NA,NA,"5","3","3","4","4","3",NA,NA,NA,"4","4","5",NA,NA,NA,"2","2","2","4","4","4","2","2","2",NA,NA,NA,"2","5","5",NA,NA,NA,"2","2","2","5","3","3","2","2","2",NA,NA,NA,"2","5","2","4","30","2",NA,"3","6","3",NA,"139","251","Region #3"
33,"2","2","4","2","2",NA,NA,NA,"2","2","2","2","2","2",NA,NA,NA,"2","1","2","1","1","1",NA,NA,NA,"1","3","4","2","2","2",NA,NA,NA,"3","5","4","2","2","3",NA,NA,NA,"2","3","3","2","2","2",NA,NA,NA,"2","3","3","2","2","1",NA,NA,NA,"2","4","4","2","2","3",NA,NA,NA,"3","5","4","3","4","4",NA,NA,NA,"4","3","3","2","2","2",NA,NA,NA,"2","5","5",NA,NA,NA,"2","2","2","4","4","5",NA,NA,NA,"2","2","2","3","5","5",NA,NA,NA,"3","4","4","4","4","4","2","2","2",NA,NA,NA,"2","5","5",NA,NA,NA,"3","4","4","4","4","5",NA,NA,NA,"4","4","3","4","5","2","4","29","2",NA,"3","3","3,7",NA,"178","197","Region #5"
135,"3","4","4","4","4",NA,NA,NA,"4","2","2","2","2","2",NA,NA,NA,"2","1","1","1","1","1",NA,NA,NA,"1","4","4","4","4","4",NA,NA,NA,"3","3","4","4","4","5",NA,NA,NA,"5","1","1","2","1","2",NA,NA,NA,"1","1","2","2","2","2",NA,NA,NA,"1","2","2","2","2","2",NA,NA,NA,"2","4","5",NA,NA,NA,"4","4","4","5","3","4","2","2","2",NA,NA,NA,"4","5","5",NA,NA,NA,"4","4","4","5","5","5",NA,NA,NA,"5","5","5","5","5","5",NA,NA,NA,"5","5","5","5","5","5",NA,NA,NA,"3","3","3","5","5","5",NA,NA,NA,"5","5","5","5","3","5",NA,NA,NA,"2","3","2","5","5","2","4","44","1",NA,"6","5","7",NA,"130","217","Region #4"
204,"1","1","1","1","1",NA,NA,NA,"1","1","1","1","1","1",NA,NA,NA,"1","1","1","1","1","1",NA,NA,NA,"1","1","1","1","1","1",NA,NA,NA,"1","3","2","2","2","2",NA,NA,NA,"1","2","1","2","2","1",NA,NA,NA,"2","1","1","1","1","2",NA,NA,NA,"1","2","3","1","2","1",NA,NA,NA,"1","3","2","2","2","2",NA,NA,NA,"2","3","3","2","2","2",NA,NA,NA,"2","2","2","3","2","2",NA,NA,NA,"2","3","2","3","2","2",NA,NA,NA,"2","2","3","3","3","3",NA,NA,NA,"3","3","3","3","3","3",NA,NA,NA,"3","3","4","3","4","3",NA,NA,NA,"3","2","3","3","3","3",NA,NA,NA,"3","5","2","4","24","1",NA,"7","5","3",NA,"202","184","Region #5"
345,"4","4","3","3","3",NA,NA,NA,"4","3","3","2","2","2",NA,NA,NA,"2","1","1","1","1","1",NA,NA,NA,"1","4","4","2","2","2",NA,NA,NA,"2","4","4","3","3","3",NA,NA,NA,"4","3","3","2","2","2",NA,NA,NA,"2","4","4","2","2","2",NA,NA,NA,"4","4","4","2","2","2",NA,NA,NA,"2","5","5",NA,NA,NA,"5","5","5","5","5","5",NA,NA,NA,"5","5","5","5","5","5",NA,NA,NA,"5","5","5","5","5","5",NA,NA,NA,"5","5","5","5","5","5",NA,NA,NA,"5","5","5","5","5","5",NA,NA,NA,"5","5","5","5","5","5",NA,NA,NA,"5","5","5","5","5","5",NA,NA,NA,"5","5","5","5","5","2","4","33","1",NA,"1","4","7",NA,"74","275","Other"
205,"1","4","5","4","3",NA,NA,NA,"5","4","4","4","3","3",NA,NA,NA,"4","3","4","4","2","3",NA,NA,NA,"4","4","4","4","3","3",NA,NA,NA,"4","4","5",NA,NA,NA,"4","3","3","4","2","2","2","2","2",NA,NA,NA,"1","1","1","2","1","2",NA,NA,NA,"1","2","2","2","2","2",NA,NA,NA,"2","5","5",NA,NA,NA,"3","3","3",NA,"2","2","2","2","2",NA,NA,NA,"2","5","5",NA,NA,NA,"4","5","4","5","2","2","2","2","2",NA,NA,NA,"2","3","5",NA,NA,NA,"3","3","3","3","3","5",NA,NA,NA,"3","3","3","5","5","5",NA,NA,NA,"3","3","3","5","3","5",NA,NA,NA,"3","3","3","5","5","2","4","36","2",NA,"3","5","7",NA,"78","316","Region #1"
147,"3","2","2","2","1",NA,NA,NA,"2","1","1","1","1","1",NA,NA,NA,"1","1","1","1","1","1",NA,NA,NA,"1","1","1","1","1","1",NA,NA,NA,"1","3","1","1","1","1",NA,NA,NA,"2","1","1","2","1","2",NA,NA,NA,"1","1","2","1","1","1",NA,NA,NA,"1","2","2","1","1","1",NA,NA,NA,"2","3","4","2","2","2",NA,NA,NA,"2","2","1","1","2","1",NA,NA,NA,"2","1","3","2","2","2",NA,NA,NA,"1","1","3","2","2","2",NA,NA,NA,"3","3","5",NA,NA,NA,"3","3","3","5","3","2","3","2","3",NA,NA,NA,"3","4","4","3","3","2",NA,NA,NA,"3","4","3","3","3","2",NA,NA,NA,"3","5","2","4","25","2",NA,"7","5","7",NA,NA,NA,NA
81,"4","3","3","4","2",NA,NA,NA,"3","2","3","3","2","2",NA,NA,NA,"2","2","3","2","2","2",NA,NA,NA,"2","3","3","2","2","3",NA,NA,NA,"2","4","5",NA,NA,NA,"4","4","4","4","2","2","2","2","2",NA,NA,NA,"2","3","4","2","2","2",NA,NA,NA,"3","3","3","2","2","2",NA,NA,NA,"2","3","5",NA,NA,NA,"4","4","4","4","3","3","2","2","3",NA,NA,NA,"3","4","4","3","3","3",NA,NA,NA,"4","3","4","3","3","2",NA,NA,NA,"3","5","5",NA,NA,NA,"3","3","5","5","4","5",NA,NA,NA,"3","3","3","4","5","5",NA,NA,NA,"3","3","3","5","4","5",NA,NA,NA,"3","3","3","5","5","2","4","35","2",NA,"8","5","7",NA,"197","188","Region #5"
319,"3","2","2","1","1",NA,NA,NA,"2","1","1","1","1","1",NA,NA,NA,"1","1","1","2","1","1",NA,NA,NA,"1","1","1","1","1","1",NA,NA,NA,"1","1","4","4","4","4",NA,NA,NA,"4","2","2","2","2","2",NA,NA,NA,"1","2","2","2","2","2",NA,NA,NA,"1","2","2","2","2","3",NA,NA,NA,"2","2","5",NA,NA,NA,"5","5","5","5","4","5",NA,NA,NA,"3","3","3","3","4","4","3","3","3",NA,NA,NA,"3","4","4","3","3","3",NA,NA,NA,"3","2","2","5","5","5",NA,NA,NA,"4","3","4","4","3","4",NA,NA,NA,"3","4","4","2","3","3",NA,NA,NA,"2","2","4","5","5","5",NA,NA,NA,"1","5","2","4","29","3",NA,"1","5","7",NA,NA,NA,NA
119,"1","1","1","1","1",NA,NA,NA,"1","1","1","1","1","1",NA,NA,NA,"1","1","1","1","1","1",NA,NA,NA,"1","1","1","1","1","1",NA,NA,NA,"1","4","4","2","2","2",NA,NA,NA,"2","1","1","1","1","1",NA,NA,NA,"1","1","1","1","1","1",NA,NA,NA,"1","1","1","1","2","1",NA,NA,NA,"1","4","4","2","2","2",NA,NA,NA,"2","2","2","2","2","2",NA,NA,NA,"1","3","3","2","2","2",NA,NA,NA,"1","3","4","2","2","2",NA,NA,NA,"2","5","5",NA,NA,NA,"3","3","3","5","5","4","3","3","3",NA,NA,NA,"2","5","5",NA,NA,NA,"3","3","3","2","4","4","3","3","3",NA,NA,NA,"2","5","2","4","43","1",NA,"4","4","7",NA,"149","247","Region #3"
56,"3","3","1","1","1",NA,NA,NA,"1","2","2","1","2","2",NA,NA,NA,"1","1","1","1","1","1",NA,NA,NA,"1","3","3","1","1","1",NA,NA,NA,"1","3","3","2","2","2",NA,NA,NA,"2","3","3","2","2","2",NA,NA,NA,"2","2","2","2","2","2",NA,NA,NA,"1","3","3","2","2","2",NA,NA,NA,"2","3","3","2","2","2",NA,NA,NA,"2","3","3","2","2","2",NA,NA,NA,"2","3","3","2","2","2",NA,NA,NA,"2","3","3","2","2","2",NA,NA,NA,"2","3","3","2","2","2",NA,NA,NA,"2","3","3","2","2","2",NA,NA,NA,"2","2","2","2","2","2",NA,NA,NA,"2","3","3","2","2","2",NA,NA,NA,"2","5","2","4","67","1",NA,"5","3","7",NA,"169","185","Region #5"
233,"3","4","2","1","1",NA,NA,NA,"2","2","3","3","3","2",NA,NA,NA,"2","3","2","3","3","2",NA,NA,NA,"1","2","2","2","3","2",NA,NA,NA,"1","3","3","2","2","2",NA,NA,NA,"1","1","3","3","3","3",NA,NA,NA,"2","1","2","1","2","1",NA,NA,NA,"1","3","3","3","2","3",NA,NA,NA,"1","5","5",NA,NA,NA,"3","4","3","3","3","3","3","2","2",NA,NA,NA,"2","4","4","2","3","2",NA,NA,NA,"2","4","4","3","3","3",NA,NA,NA,"2","4","5",NA,NA,NA,"3","3","3","5","4","4","3","3","3",NA,NA,NA,"2","5","3","3","3","3",NA,NA,NA,"2","3","4","3","2","3",NA,NA,NA,"3","5","2","4","33","3",NA,"2","6","3",NA,"167","228","Region #4"
361,"3","3","3","3","3",NA,NA,NA,"4","1","1","1","1","1",NA,NA,NA,"1","1","2","1","1","1",NA,NA,NA,"1","3","3","1","1","2",NA,NA,NA,"1","4","4","3","3","3",NA,NA,NA,"5","2","3","2","1","1",NA,NA,NA,"1","3","3","1","1","1",NA,NA,NA,"1","3","3","2","2","2",NA,NA,NA,"1","4","4","3","3","3",NA,NA,NA,"4","4","4","2","2","2",NA,NA,NA,"2","4","4","2","3","3",NA,NA,NA,"2","4","4","2","2","2",NA,NA,NA,"3","5","5",NA,NA,NA,"5","5","5","5","4","4","2","2","2",NA,NA,NA,"2","5","5",NA,NA,NA,"1","2","2","4","4","4","2","2","2",NA,NA,NA,"2","5","2","4","59","1",NA,"7","5","7",NA,"213","125","Region #7"
82,"4","4","2","2","2",NA,NA,NA,"2","1","1","1","1","1",NA,NA,NA,"1","1","1","1","1","1",NA,NA,NA,"1","4","3","2","2","2",NA,NA,NA,"2","4","3","2","2","2",NA,NA,NA,"2","1","2","2","2","2",NA,NA,NA,"2","1","3","2","2","2",NA,NA,NA,"2","3","4","3","3","2",NA,NA,NA,"4","4","5",NA,NA,NA,"4","4","3","5","3","4","2","2","3",NA,NA,NA,"3","4","4","3","3","3",NA,NA,NA,"3","4","5",NA,NA,NA,"4","4","3","5","3","4","4","4","3",NA,NA,NA,"4","3","3","2","2","2",NA,NA,NA,"2","4","4","2","2","2",NA,NA,NA,"3","4","4","4","4","4",NA,NA,NA,"5","5","2","4","35","2",NA,"1","2","7",NA,"84","277","Region #2"
355,"2","2","3","2","2",NA,NA,NA,"2","1","1","1","1","1",NA,NA,NA,"1","1","1","1","1","1",NA,NA,NA,"1","1","1","2","2","1",NA,NA,NA,"2","4","2","2","2","2",NA,NA,NA,"1","1","1","1","1","1",NA,NA,NA,"1","1","1","1","1","1",NA,NA,NA,"1","1","1","1","1","1",NA,NA,NA,"1","4","2","2","2","2",NA,NA,NA,"2","1","1","2","2","2",NA,NA,NA,"2","3","3","2","2","2",NA,NA,NA,"2","1","1","1","2","2",NA,NA,NA,"1","5","5",NA,NA,NA,"3","3","3","3","3","3","2","2","2",NA,NA,NA,"2","4","4","3","3","3",NA,NA,NA,"3","3","3","2","2","2",NA,NA,NA,"2","5","2","4","34","2",NA,"5","5","3,7",NA,"173","230","Other"
151,"4","2","2","3","2",NA,NA,NA,"2","1","1","2","2","2",NA,NA,NA,"2","1","2","1","1","1",NA,NA,NA,"1","4","2","2","2","2",NA,NA,NA,"2","4","4","2","2","2",NA,NA,NA,"2","2","2","2","2","2",NA,NA,NA,"1","2","2","1","1","1",NA,NA,NA,"1","4","4","1","1","1",NA,NA,NA,"2","4","4","2","2","2",NA,NA,NA,"2","2","2","2","2","2",NA,NA,NA,"2","4","4","2","2","2",NA,NA,NA,"2","4","4","2","2","2",NA,NA,NA,"2","5","5",NA,NA,NA,"2","2","3","3","3","3","3","2","2",NA,NA,NA,"2","5","5",NA,NA,NA,"2","2","2","3","3","3","2","2","2",NA,NA,NA,"2","5","2","4","63","2",NA,"5","3","7",NA,"100","255","Other"
266,"3","4","5","5","4",NA,NA,NA,"2","2","2","2","2","2",NA,NA,NA,"2","2","2","2","2","2",NA,NA,NA,"1","1","2","2","2","3",NA,NA,NA,"2","4","4","3","3","2",NA,NA,NA,"3","3","3","2","2","2",NA,NA,NA,"2","3","4","3","3","3",NA,NA,NA,"3","1","2","2","2","2",NA,NA,NA,"2","4","4","4","4","4",NA,NA,NA,"3","3","3","3","3","3",NA,NA,NA,"2","4","4","4","4","4",NA,NA,NA,"4","3","3","3","2","3",NA,NA,NA,"2","4","4","4","3","3",NA,NA,NA,"3","3","4","4","3","3",NA,NA,NA,"3","4","4","4","3","3",NA,NA,NA,"3","3","4","4","4","3",NA,NA,NA,"2","5","2","4","41","1",NA,"4","3","7",NA,"74","312","Region #1"
331,"4","4","2","2","2",NA,NA,NA,"2","2","2","1","1","2",NA,NA,NA,"2","1","1","1","1","1",NA,NA,NA,"1","2","2","1","1","1",NA,NA,NA,"2","4","4","3","4","4",NA,NA,NA,"3","3","3","2","2","2",NA,NA,NA,"2","5","5",NA,NA,NA,"2","3","2","4","3","3","3","3","3",NA,NA,NA,"2","5","5",NA,NA,NA,"4","4","4","5","4","4","2",NA,"2",NA,NA,NA,"3","5","5",NA,NA,NA,"4","4","4","5","4","4","2","2","2",NA,NA,NA,"3","5","5",NA,NA,NA,"5","5","5","4","3","3","2","2","2",NA,NA,NA,"2","5","5",NA,NA,NA,"5","5","5","5","4","4","2","2","2",NA,NA,NA,"3","5","2","4","54","2",NA,"6","3","7",NA,"150","183","Region #5"
138,"4","4","4","5","4",NA,NA,NA,"5","1","1","1","1","1",NA,NA,NA,"1","1","2","1","1","1",NA,NA,NA,"1","3","4","1","1","1",NA,NA,NA,"1","4","4","4","4","4",NA,NA,NA,"5","2","2","1","1","1",NA,NA,NA,"1","1","1","1","1","1",NA,NA,NA,"1","2","3","2","2","2",NA,NA,NA,"2","4","4","4","4","5",NA,NA,NA,"5","1","1","1","1","1",NA,NA,NA,"1","3","3","2","2","2",NA,NA,NA,"2","4","4","2","2","2",NA,NA,NA,"2","5","5",NA,NA,NA,"5","5","5","5","5","5",NA,NA,NA,"5","5","5","5","5","5",NA,NA,NA,"5","5","5","5","5","5",NA,NA,NA,"5","5","5","2","5","2","4","52","2",NA,"5","2","7",NA,NA,NA,NA
240,"4","4","2","1","2",NA,NA,NA,"4","1","1","1","1","1",NA,NA,NA,"1","1","1","1","1","1",NA,NA,NA,"1","1","1","1","1","1",NA,NA,NA,"3","3","3","5","4","4",NA,NA,NA,"4","2","2","2","2",NA,NA,NA,NA,"1","1","1","2","1","2",NA,NA,NA,"1","2","3","2","2","2",NA,NA,NA,"2","3","3","2","2","2",NA,NA,NA,"2","2","1","1","1","1",NA,NA,NA,"1","1","1","1","1","1",NA,NA,NA,"1","4","2","2","2","1",NA,NA,NA,"4","5","5",NA,NA,NA,"3","5","5","5","3","3","1","2","2",NA,NA,NA,"2","4","4","2","2","2",NA,NA,NA,NA,"5","4","3","4","3",NA,NA,NA,"4","5","2","4","38","2",NA,"5","6","7",NA,"231","90","Region #8"
298,"3","3","2","2","2",NA,NA,NA,"2","3","3","1","1","1",NA,NA,NA,"1","1","2","1","1","1",NA,NA,NA,"1","3","3","1","1","1",NA,NA,NA,"1","4","4","4","4","4",NA,NA,NA,"4","4","4","2","2","2",NA,NA,NA,"1","3","3","1","1","1",NA,NA,NA,"1","3","4","2","2","2",NA,NA,NA,"2","4","4","3","4","4",NA,NA,NA,"4","3","4","2","2","2",NA,NA,NA,"2","4","4","2","2","2",NA,NA,NA,"2","4","4","2",NA,"2",NA,NA,NA,"2","4","4","4","4","4",NA,NA,NA,"4","4","4","2","2","2",NA,NA,NA,"2","3","4","2","2","2",NA,NA,NA,"2","3","4","2","2","2",NA,NA,NA,"2","5","2","4","53","1",NA,"1","6","7",NA,"187","190","Region #5"
182,"4","4","5","5","5",NA,NA,NA,"5","2","1","1","1","1",NA,NA,NA,"1","1","1","1","1","1",NA,NA,NA,"1","3","3","1","1","1",NA,NA,NA,"1","4","5",NA,NA,NA,"5","5","5","5","1","1","1","1","1",NA,NA,NA,"1","2","2","1","1","1",NA,NA,NA,"1","1","1","1","1","1",NA,NA,NA,"1","4","5",NA,NA,NA,"5","5","5","5","4","4","2","3","2",NA,NA,NA,"3","5","5",NA,NA,NA,"3","3","3","4","4","4","3","3","3",NA,NA,NA,"2","4","5",NA,NA,NA,"5","5","4","4","4","4","2","2","3",NA,NA,NA,"2","4","5",NA,NA,NA,"3","2","2","3","4","4","3","3","3",NA,NA,NA,"2","5","2","4","41","1",NA,"7","5","4",NA,"191","157","Region #6"
59,"1","2","2","1","3",NA,NA,NA,"1","2","2","2","1","3",NA,NA,NA,"1","1","1","1","1","1",NA,NA,NA,"1","4","2","1","2","2",NA,NA,NA,"1","5","4","1","2","2",NA,NA,NA,"2","1","2","1","1","1",NA,NA,NA,"2","2","3","1","1","1",NA,NA,NA,"2","3","2","1","2","3",NA,NA,NA,"2","4","5",NA,NA,NA,"2","3","2","4","3","3","3","2","1",NA,NA,NA,"2","2","3","2","3","2",NA,NA,NA,"3","4","4","3","2","2",NA,NA,NA,"5","5","5",NA,NA,NA,"4","3","3","4","5","5",NA,NA,NA,"3","4","3","4","5","5",NA,NA,NA,"3","4","5","4","4","5",NA,NA,NA,"5","5","4","4","5","2","4","34","1",NA,"3","2","4",NA,"157","175","Region #5"
77,"4","4","4","4","4",NA,NA,NA,"4","1","1","1","1","1",NA,NA,NA,"1","1","1","1","1","1",NA,NA,NA,"1","3","3","2","2","2",NA,NA,NA,"2","5","5",NA,NA,NA,"4","4","4","4","1","1","1","1","1",NA,NA,NA,"1","1","2","1","1","1",NA,NA,NA,"2","3","3","2","2","2",NA,NA,NA,"2","5","5",NA,NA,NA,"5","5","5","5","3","3","2","2","2",NA,NA,NA,"2","5","5",NA,NA,NA,"2","2","2","4","4","4","2","2","2",NA,NA,NA,"3","5","5",NA,NA,NA,"4","4","3","4","4","4","3","3","3",NA,NA,NA,"4","5","5",NA,NA,NA,"3","3","3","5","4","4","4","4","4",NA,NA,NA,"4","5","2","4","28","1",NA,"2","4","7",NA,"141","253","Region #3"
126,"3","4","2","2","2",NA,NA,NA,"2","2","2","1","1","1",NA,NA,NA,"1","1","1","1","1","1",NA,NA,NA,"1","3","3","1","1","1",NA,NA,NA,"1","4","4","2","2","2",NA,NA,NA,"2","2","2","2","2","2",NA,NA,NA,"2","2","2","1","1","1",NA,NA,NA,"1","3","3","2","2","2",NA,NA,NA,"1","3","3","2","2","2",NA,NA,NA,"2","3","3","2","2","2",NA,NA,NA,"2","3","4","2","2","2",NA,NA,NA,"2","3","3","2","2","2",NA,NA,NA,"2","4","4","3","3","3",NA,NA,NA,"3","4","4","3","3","3",NA,NA,NA,"4","5","5",NA,NA,NA,"3","4","4","5","4","4","2","3","3",NA,NA,NA,"3","5","2","4","51","2",NA,"7","2","7",NA,"296","99","Region #8"
157,"4","4","1","1","1",NA,NA,NA,"1","1","1","1","1","1",NA,NA,NA,"1","1","1","1","1","1",NA,NA,NA,"1","3","3","1","1","1",NA,NA,NA,"1","4","4","1","1","1",NA,NA,NA,"1","2","2","1","1","1",NA,NA,NA,"1","1","1","1","1","1",NA,NA,NA,"1","3","3","1","1","1",NA,NA,NA,"1","4","4","1","1","1",NA,NA,NA,"1","3","3","1","1","1",NA,NA,NA,"1","1","1","1","1","1",NA,NA,NA,"1","3","3","1","1","1",NA,NA,NA,"1","4","4","2","2","3",NA,NA,NA,"2","4","4","2","2","3",NA,NA,NA,"2","5","5",NA,NA,NA,"3","4","4","3","4","4","3","2","3",NA,NA,NA,"2","5","2","4","38","1",NA,"6","3","7",NA,"133","247","Region #3"
156,"3","1","1","1","1",NA,NA,NA,"1","1","1","1","1","1",NA,NA,NA,"1","1","1","1","1","1",NA,NA,NA,"1","1","1","1","1","1",NA,NA,NA,"1","4","3","2","2","2",NA,NA,NA,"2","1","2","1","1","2",NA,NA,NA,"2","1","2","2","1","2",NA,NA,NA,"2","2","2","1","1","1",NA,NA,NA,"1","5","4","2","3","2",NA,NA,NA,"4","2","2","2","2","2",NA,NA,NA,"2","4","4","2","2","3",NA,NA,NA,"4","2","4","2","2","2",NA,NA,NA,"2","4","4","3","3","3",NA,NA,NA,"4","3","3","2","2","2",NA,NA,NA,"2","5","5",NA,NA,NA,"3","3","3","5","4","3","2","2","2",NA,NA,NA,"2","5","2","4","35","2",NA,"7","13","7",NA,"158","212","Region #4"
62,"3","3","1","1","1",NA,NA,NA,"2","1","1","1","1","1",NA,NA,NA,"1","1","1","1","1","1",NA,NA,NA,"1","1","1","1","1","1",NA,NA,NA,"1","4","3","2","2","3",NA,NA,NA,"2","2","2","1","1","1",NA,NA,NA,"1","1","1","1","1","1",NA,NA,NA,"1","1","2","1","1","1",NA,NA,NA,"1","4","3","2","3","3",NA,NA,NA,"2","2","3","1","1","1",NA,NA,NA,"1","2","2","1","1","1",NA,NA,NA,"2","1","2","2","2","1",NA,NA,NA,"2","4","4","4","4","4",NA,NA,NA,"3","3","3","2","3","2",NA,NA,NA,"2","4","4","2","2","2",NA,NA,NA,"2","3","3","2","3","3",NA,NA,NA,"2","5","2","4","32","2",NA,"7","3","7",NA,"222","123","Region #7"
36,"3","4","1","2","2",NA,NA,NA,"3","2","2","2","2","3",NA,NA,NA,"1","1","1","1","1","1",NA,NA,NA,"1","2","3","1","2","1",NA,NA,NA,"1","3","4","3","4","3",NA,NA,NA,"4","3","2","2","1","2",NA,NA,NA,"1","2","3","1","3","1",NA,NA,NA,"2","3","2","2","2","2",NA,NA,NA,"2","3","5",NA,NA,NA,"5","5","3","5","4","2","5","3","3",NA,NA,NA,"2","5","5",NA,NA,NA,"4","2","3","5","4","4","5","2","3",NA,NA,NA,"4","3","5",NA,NA,NA,"2","4","4","4","4","4","2","1","3",NA,NA,NA,"3","4","5",NA,NA,NA,"3","2","5","4","2","5",NA,NA,NA,"1","2","5","4","5","2","4","27","3",NA,"5","2","7",NA,"133","252","Region #3"
368,"3","3","2","2","1",NA,NA,NA,"2","1","1","1","1","1",NA,NA,NA,"1","1","1","1","1","1",NA,NA,NA,"1","3","3","1","1","1",NA,NA,NA,"1","5","3","1","1","1",NA,NA,NA,"2","1","1","1","1","1",NA,NA,NA,"1","1","1","1","1","1",NA,NA,NA,"1","3","4","1","2","1",NA,NA,NA,"1","5","5",NA,NA,NA,"3","3","3","3","4","4","3","3","3",NA,NA,NA,"3","5","4","3","3","3",NA,NA,NA,"3","4","4","3","3","3",NA,NA,NA,"3","5","5",NA,NA,NA,"1","2","3","4","3","3","2","3","3",NA,NA,NA,"2","3","4","2","3","3",NA,NA,NA,"2","3","4","2","3","3",NA,NA,NA,"2","5","2","4","30","2",NA,"3","4","7",NA,"147","218","Region #4"
346,"4","4","1","1","1",NA,NA,NA,"1","1","1","1","1","1",NA,NA,NA,"1","1","1","2","1","1",NA,NA,NA,"1","2","2","1","2","1",NA,NA,NA,"1","1","1","1","1","1",NA,NA,NA,"2","1","1","1","1","1",NA,NA,NA,"2","1","2","1","2","2",NA,NA,NA,"2","2","2","2","1","1",NA,NA,NA,"2","2","2","2","1","2",NA,NA,NA,"2","2","2","2","2","1",NA,NA,NA,"1","2","2","2","2","2",NA,NA,NA,"2","2","2","2","2","2",NA,NA,NA,"2","3","3","1","2","2",NA,NA,NA,"2","2","1","1","1","1",NA,NA,NA,"1","3","2","1","1","1",NA,NA,NA,"1","2","2","1","1","1",NA,NA,NA,"1","2","2","4","22","1",NA,"7","3","7",NA,"180","195","Region #5"
305,"2","3","4","5","4",NA,NA,NA,"3","3","3","2","2","2",NA,NA,NA,"2","4","5",NA,NA,NA,"2","2","1","4","4","4","3","3","2",NA,NA,NA,"4","4","4","3","2","3",NA,NA,NA,"4","2","2","2","2","2",NA,NA,NA,"1","2","3","2","2","1",NA,NA,NA,"2","3","4","2","1","1",NA,NA,NA,"2","4","4","3","4","4",NA,NA,NA,"4","3","3","3","3","2",NA,NA,NA,"2","5","5",NA,NA,NA,"3","3","4","5","4","4","2","2","4",NA,NA,NA,"3","4","4","3","2","4",NA,NA,NA,"4","3","3","2","2","4",NA,NA,NA,"2","4","5",NA,NA,NA,"2","3","3","5","3","4","2","2","5",NA,NA,NA,"2","5","2","4","42","2",NA,"7","6","7",NA,NA,NA,NA
49,"2","3","3","2","3",NA,NA,NA,"2","3","3","2","3","2",NA,NA,NA,"2","2","3","2","3","3",NA,NA,NA,"3","2","3","3","2","2",NA,NA,NA,"2","3","2","3","3","2",NA,NA,NA,"2","3","2","3","2","3",NA,NA,NA,"3","2","3","3","2","3",NA,NA,NA,"2","3","2","3","2","2",NA,NA,NA,"3","2","3","2","3","3",NA,NA,NA,"2","3","2","2","2","3",NA,NA,NA,"3","3","1","2","3","4",NA,NA,NA,"3","2","3","3","3","2",NA,NA,NA,"2","3","3","3","2","3",NA,NA,NA,"2","3","4","3","4","2",NA,NA,NA,"2","3","3","2","3","2",NA,NA,NA,"2","3","4","3","2","2",NA,NA,NA,"2","5","2","4","41","2",NA,"6","5","3",NA,"267","62","Region #9"
30,"4","4","4","4","4",NA,NA,NA,"3","1","1","2","2","2",NA,NA,NA,"2","2","2","1","1","1",NA,NA,NA,"2","3","3","2","2","2",NA,NA,NA,"2","5","5",NA,NA,NA,"4","4","3","4","2","2","1","1","1",NA,NA,NA,"2","2","2","2","2","2",NA,NA,NA,"2","4","4","2","2","2",NA,NA,NA,"2","4","5",NA,NA,NA,"2","2","3","1","3","3","2","2","2",NA,NA,NA,"2","1","2","2","1","1",NA,NA,NA,"2","4","3","2","2","2",NA,NA,NA,"2","5","5",NA,NA,NA,"5","5","5","4","4","4","2","2","2",NA,NA,NA,"3","4","4","2","2","2",NA,NA,NA,"3","4","4","2","2","2",NA,NA,NA,"3","5","2","4","39","1",NA,"7","5","7",NA,"245","123","Region #7"
131,"1","1","1","1","1",NA,NA,NA,"1","1","1","1","1","1",NA,NA,NA,"1","1","1","1","1","1",NA,NA,NA,"1","1","1","1","1","1",NA,NA,NA,"1","2","2","1","1","1",NA,NA,NA,"1","1","1","1","1","1",NA,NA,NA,"1","1","1","1","1","1",NA,NA,NA,"1","2","2","1","1","1",NA,NA,NA,"1","4","4","2","2","2",NA,NA,NA,"3","2","2","2","2","2",NA,NA,NA,"2","3","3","2","2","2",NA,NA,NA,"2","2","2","2","2","2",NA,NA,NA,"2","5","5",NA,NA,NA,"3","3","3","5","4","4","3","3","3",NA,NA,NA,"3","5","5",NA,NA,NA,"3","3","3","5","5","5",NA,NA,NA,"3","3","3","3","5","2","4","31","2",NA,"7","4","7",NA,"144","176","Other"
325,"4","4","2","2","1",NA,NA,NA,"2","3","3","1","1","1",NA,NA,NA,"1","1","2","1","1","1",NA,NA,NA,"1","3","3","1","1","1",NA,NA,NA,"1","5","5",NA,NA,NA,"2","3","2","3","3","3","2","1","1",NA,NA,NA,"1","4","4","2","2","1",NA,NA,NA,"2","3","3","2","1","1",NA,NA,NA,"2","4","5",NA,NA,NA,"2","3","2","4","3","3","2","2","1",NA,NA,NA,"1","5","5",NA,NA,NA,"3","3","4","4","4","4","2","2","2",NA,NA,NA,"1","5","5",NA,NA,NA,"2","3","3","4","3","3","2","2","3",NA,NA,NA,"1","5","5",NA,NA,NA,"2","2","3","5","4","5",NA,NA,NA,"2","2","3","4","5","2","4","35","2",NA,"7","5","7",NA,"222","131","Region #7"
149,"3","3","2","1","1",NA,NA,NA,"1","2","2","1","1","1",NA,NA,NA,"1","1","1","1","1","1",NA,NA,NA,"1","3","3","1","1","1",NA,NA,NA,"1","4","4","1","1","1",NA,NA,NA,"2","1","1","1","1","1",NA,NA,NA,"1","1","2","1","1","1",NA,NA,NA,"1","3","3","1","1","1",NA,NA,NA,"1","4","4","2","3","3",NA,NA,NA,"2","3","3","2","1","1",NA,NA,NA,"1","3","3","2","1","1",NA,NA,NA,"2","3","3","2","2","2",NA,NA,NA,"2","4","4","3","3","3",NA,NA,NA,"4","4","4","2","3","3",NA,NA,NA,"2","5","5",NA,NA,NA,"3","3","3","5","4","4","3","3","3",NA,NA,NA,"2","5","2","4","43","2",NA,"5","3","7",NA,"213","158","Region #6"
200,"4","3","2","3","2",NA,NA,NA,"2","1","1","1","1","1",NA,NA,NA,"1","1","1","1","1","1",NA,NA,NA,"1","3","3","1","1","1",NA,NA,NA,"1","3","2","4","3","3",NA,NA,NA,"2","2","2","1","1","1",NA,NA,NA,"1","1","2","1","1","1",NA,NA,NA,"1","3","3","2","2","1",NA,NA,NA,"1","4","5",NA,NA,NA,"4","4","3","4","3","3","2","3","2",NA,NA,NA,"2","4","4","2","2","2",NA,NA,NA,"3","3","3","2","2","2",NA,NA,NA,"2","4","4","3","2","2",NA,NA,NA,"3","4","4","2","2","2",NA,NA,NA,"2","4","4","2","2","2",NA,NA,NA,"3","3","4","3","2","3",NA,NA,NA,"2","5","2","4","29","2",NA,"7","6","7",NA,NA,NA,NA
7,"4","4","2","2","3",NA,NA,NA,"2","1","1","1","1","1",NA,NA,NA,"1","1","1","1","1","1",NA,NA,NA,"1","4","4","2","2","2",NA,NA,NA,"1","4","4","1","1","1",NA,NA,NA,"1","1","1","1","1","1",NA,NA,NA,"1","2","2","1","1","1",NA,NA,NA,"1","3","3","1","1","1",NA,NA,NA,"1","3","4","4","4","4",NA,NA,NA,"3","4","4","3","3","3",NA,NA,NA,"3","4","4","3","3","3",NA,NA,NA,"3","4","4","3","3","3",NA,NA,NA,"3","3","4","2","3","3",NA,NA,NA,"3","3","4","2","2","2",NA,NA,NA,"2","4","4","2","2","2",NA,NA,NA,"2","3","3","2","2","2",NA,NA,NA,"2","5","2","4","52","2",NA,"5","5","7",NA,"247","122","Region #7"
112,"3","3","2","2","2",NA,NA,NA,"2","1","1","2","2","2",NA,NA,NA,"1","1","1","2","2","2",NA,NA,NA,"1","2","2","2","2","2",NA,NA,NA,"2","3","3","2","2","2",NA,NA,NA,"2","1","2","2","2","2",NA,NA,NA,"1","3","4","3","2","3",NA,NA,NA,"4","2","3","2","2","2",NA,NA,NA,"2","3","4","2","2","2",NA,NA,NA,"2","2","2","2","2","2",NA,NA,NA,"2","4","5",NA,NA,NA,"3","4","4","5","4","4","2","2","2",NA,NA,NA,"2","3","5",NA,NA,NA,"4","4","3","5","3","4","2","2","4",NA,NA,NA,"2","5","5",NA,NA,NA,"3","5","3","5","4","4","2","2","5",NA,NA,NA,"4","5","2","4","30","1",NA,"5","6","4,7",NA,"180","202","Region #4"
307,"3","3","2","2","2",NA,NA,NA,"2","1","1","1","1","1",NA,NA,NA,"1","1","1","1","1","1",NA,NA,NA,"1","3","3","2","2","2",NA,NA,NA,"2","2","5",NA,NA,NA,"4","4","2","4","3","3","2","2","2",NA,NA,NA,"2","3","3","2","2","2",NA,NA,NA,"2","3","3","2","2","2",NA,NA,NA,"2","4","5",NA,NA,NA,"4","4","3","4","2","2","2","2","2",NA,NA,NA,"2","3","4","2","2","2",NA,NA,NA,"2","3","3","2","2","2",NA,NA,NA,"2","4","4","3","4","3",NA,NA,NA,"4","2","3","2","2","3",NA,NA,NA,"2","4","4","4","4","4",NA,NA,NA,"4","2","4","2","3","3",NA,NA,NA,"2","5","2","4","39","2",NA,"5","5","7",NA,"128","216","Region #4"
237,"3","4","2","3","3",NA,NA,NA,"2","3","3","2","1","1",NA,NA,NA,"1","2","2","1","2","2",NA,NA,NA,"1","4","4","2","3","2",NA,NA,NA,"1","4","4","1","1","1",NA,NA,NA,"2","1","1","1","1","1",NA,NA,NA,"1","1","1","1","1","1",NA,NA,NA,"1","1","1","1","1","1",NA,NA,NA,"1","5","5",NA,NA,NA,"3","3","3","5","3","3","2","2","2",NA,NA,NA,"1","3","3","2","2","2",NA,NA,NA,"1","3","3","2","2","2",NA,NA,NA,"1","5","5",NA,NA,NA,"3","3","3","5","4","4","2","3","3",NA,NA,NA,"2","5","5",NA,NA,NA,"3","3","3","4","4","4","2","3","3",NA,NA,NA,"2","5","2","4","63","2",NA,"5","4","7",NA,"190","192","Region #5"
186,"3","3","3","3","3",NA,NA,NA,"3","4","4","3","3","3",NA,NA,NA,"3","4","4","3","3","3",NA,NA,NA,"3","2","2","3","3","3",NA,NA,NA,"3","4","4","2","2","2",NA,NA,NA,"2","4","3","2","2","2",NA,NA,NA,"2","3","4","2","1","2",NA,NA,NA,"2","4","4","2","2","2",NA,NA,NA,"2","4","4","2","3","3",NA,NA,NA,"3","4","4","2","3","3",NA,NA,NA,"2","3","3","2","2","2",NA,NA,NA,"3","4","4","3","2","3",NA,NA,NA,"2","5","5",NA,NA,NA,"2","2","3","3","4","5",NA,NA,NA,"3","3","3","2","4","4","2","2","3",NA,NA,NA,"2","4","4","3","3","3",NA,NA,NA,"2","5","2","4","72","2",NA,"2","2","7",NA,"159","226","Region #4"
224,"3","4","4","4","3",NA,NA,NA,"4","2","2","2","1","1",NA,NA,NA,"2","1","2","1","1","1",NA,NA,NA,"1","4","4","2","2","3",NA,NA,NA,"2","4","5",NA,NA,NA,"3","3","2","4","2","2","2","2","2",NA,NA,NA,"1","3","4","2","2","2",NA,NA,NA,"2","3","3","2","2","2",NA,NA,NA,"2","4","5",NA,NA,NA,"5","5","5","5","3","4","3","3","3",NA,NA,NA,"4","5","5",NA,NA,NA,"3","3","3","5","4","4","3","3","3",NA,NA,NA,"4","4","5",NA,NA,NA,"5","5","5","5","4","5",NA,NA,NA,"3","3","3","4","5","5",NA,NA,NA,"3","3","3","5","3","4","3","3","3",NA,NA,NA,"3","5","5","4","30","2",NA,"6","5","3",NA,"183","158","Region #6"
262,"3","5",NA,NA,NA,"4","4","4","5","2","1","3","3","2",NA,NA,NA,"1","3","1","3","3","2",NA,NA,NA,"1","3","3","4","3","3",NA,NA,NA,"3","4","4","3","2","2",NA,NA,NA,"3","2","3","2","2","2",NA,NA,NA,"1","2","4","2","3","2",NA,NA,NA,"1","4","4","2","2","2",NA,NA,NA,"3","4","5",NA,NA,NA,"3","3","3","4","3","3","2","3","2",NA,NA,NA,"3","4","5",NA,NA,NA,"3","3","3","4","4","4","3","3","3",NA,NA,NA,"3","5","5",NA,NA,NA,"4","4","4","5","3","1","3","3","3",NA,NA,NA,"1","5","3","3","3","3",NA,NA,NA,"2","4","5",NA,NA,NA,"3","3","3","4","5","2","4","51","2",NA,"5","3","7",NA,"207","122","Region #7"
366,"5","5",NA,NA,NA,"3","3","3","1","1","1","1","1","1",NA,NA,NA,"1","1","1","1","1","1",NA,NA,NA,"1","1","3","1","1","1",NA,NA,NA,"2","4","4","3","3","3",NA,NA,NA,"3","5","5",NA,NA,NA,"3","3","3","4","5","5",NA,NA,NA,"3","3","3","5","5","5",NA,NA,NA,"3","3","3","3","5","5",NA,NA,NA,"3","3","3","4","5","5",NA,NA,NA,"3","3","3","2","5","5",NA,NA,NA,"3","3","3","5","5","5",NA,NA,NA,"3","3","3","2","5","5",NA,NA,NA,"3","3","3","5","4","4","3","3","3",NA,NA,NA,"3","5","5",NA,NA,NA,"3","3","3","5","4","4","3","3","3",NA,NA,NA,"2","5","2","4","47","1",NA,"5","3","4,7",NA,"183","189","Region #5"
26,"5","4","1","1","2",NA,NA,NA,"1","1","1","1","1","1",NA,NA,NA,"1","1","1","1","1","1",NA,NA,NA,"1","1","1","1","1","1",NA,NA,NA,"1","4","2","2","3","3",NA,NA,NA,"2","3","2","3","2","2",NA,NA,NA,"2","3","3","2","2","2",NA,NA,NA,"2","4","4","2","2","2",NA,NA,NA,"2","4","3","2","3","2",NA,NA,NA,"2","2","2","2","2","2",NA,NA,NA,"2","3","4","2","2","2",NA,NA,NA,"3","3","3","2","2","2",NA,NA,NA,"2","5","5",NA,NA,NA,"3","3","3","4","4","4","3","3","3",NA,NA,NA,"2","5","5",NA,NA,NA,"3","2","3","5","3","4","3","3","3",NA,NA,NA,"3","5","2","4","46","2",NA,"2","2","7",NA,"224","86","Region #8"
74,"4","4","4","3","3",NA,NA,NA,"2","3","4","2","2","2",NA,NA,NA,"2","3","4","2","2","2",NA,NA,NA,"2","3","4","2","2","2",NA,NA,NA,"2","5","4","2","2","2",NA,NA,NA,"3","3","3","2","2","2",NA,NA,NA,"2","3","4","2","2","2",NA,NA,NA,"4","4","4","2","2","1",NA,NA,NA,"2","5","5",NA,NA,NA,"3","3","3","4","3","4","3","3","3",NA,NA,NA,"2","5","5",NA,NA,NA,"3","3","3","4","5","5",NA,NA,NA,"3","3","3","5","5","5",NA,NA,NA,"3","3","3","4","5","4","2","2","2",NA,NA,NA,"2","5","5",NA,NA,NA,"3","3","3","4","5","5",NA,NA,NA,"2","2","2","4","5","2","4","79","2",NA,"6","3","7",NA,"199","181","Region #5"
69,"4","3","4","4","3",NA,NA,NA,"2","2","2","2","2","2",NA,NA,NA,"2","2","3","2","2","2",NA,NA,NA,"2","4","4","2","2","2",NA,NA,NA,"2","4","4","2","3","3",NA,NA,NA,"2","4","4","2","3","3",NA,NA,NA,"2","4","4","2","3","3",NA,NA,NA,"2","4","4","3","3","3",NA,NA,NA,"2","5","5",NA,NA,NA,"3","3","3","5","4","4","3","3","3",NA,NA,NA,"3","5","5",NA,NA,NA,"3","3","3","5","4","4","3","3","3",NA,NA,NA,"3","5","5",NA,NA,NA,"3","3","4","3","5","5",NA,NA,NA,"3","3","3","2","5","5",NA,NA,NA,"3","3","3","3","5",NA,"3","3","3",NA,NA,NA,"3","5","2","4","41","2",NA,"1","13","3",NA,"171","213","Region #4"
256,"3","2","1","1","1",NA,NA,NA,"1","1","3","1","1","1",NA,NA,NA,"1","1","2","1","1","1",NA,NA,NA,"1","2","3","1","1","1",NA,NA,NA,"1","3","3","2","2","2",NA,NA,NA,"1","3","3","2","2","2",NA,NA,NA,"1","2","2","1","1","1",NA,NA,NA,"1","3","3","1","2","2",NA,NA,NA,"1","4","4","2","2","2",NA,NA,NA,"3","3","3","2","2","3",NA,NA,NA,"2","3","3",NA,"1","2",NA,NA,NA,"2","3","4","2","2","2",NA,NA,NA,"2","3","5",NA,NA,NA,"5","4","5","5","4","3","3","3","3",NA,NA,NA,"3","4","5",NA,NA,NA,"3","2","3","4","4","4","2","2","2",NA,NA,NA,"3","5","2","4","48","1",NA,"7","4","7",NA,"212","165","Region #6"
133,"3","3","2","2","2",NA,NA,NA,"2","2","1","1","1","1",NA,NA,NA,"1","1","1","1","1","1",NA,NA,NA,"1","3","2","2","2","1",NA,NA,NA,"1","3","4","2","2","2",NA,NA,NA,"3","2","2","1","1","1",NA,NA,NA,"1","2","2","1","1","1",NA,NA,NA,"2","3","2","2","2","2",NA,NA,NA,"1","3","3","3","3","2",NA,NA,NA,"3","3","2","2","2","2",NA,NA,NA,"2","3","4","2","2","2",NA,NA,NA,"4","3","4","3","2","2",NA,NA,NA,"2","4","5",NA,NA,NA,"4","2","4","4","4","5",NA,NA,NA,"2","2","4","4","3","4","2","2","4",NA,NA,NA,"2","3","5",NA,NA,NA,"3","3","4","4","5","2","4","54","2",NA,"7","5","7",NA,"229","126","Region #7"
318,"2","2","4","4","3",NA,NA,NA,"3","3","3","3","3","3",NA,NA,NA,"2","3","3","3","3","3",NA,NA,NA,"2","3","3","2","3","3",NA,NA,NA,"2","3","2","2","2","3",NA,NA,NA,"2","2","2","2","2","2",NA,NA,NA,"1","2","2","2","2","2",NA,NA,NA,"1","2","2","2","1","2",NA,NA,NA,"2","5","5",NA,NA,NA,"3","3","3","4","4","4","3","3","3",NA,NA,NA,"3","4","4","3","3","3",NA,NA,NA,"4","5","5",NA,NA,NA,"3","3","3","4","4","5",NA,NA,NA,"3","3","3","4","3","3","2","2","3",NA,NA,NA,"2","4","4","2","2","3",NA,NA,NA,"3","3","3","3","2","3",NA,NA,NA,"3","5","2","4","45","2",NA,"4","2","7",NA,"104","251","Region #3"
304,"3","3","1","1","1",NA,NA,NA,"2","2","2","1","1","1",NA,NA,NA,"1","1","1","1","1","1",NA,NA,NA,"1","2","2","1","1","1",NA,NA,NA,"1","5","5",NA,NA,NA,"2","2","2","2","4","4","2","2","2",NA,NA,NA,"2","4","4","2","2","2",NA,NA,NA,"2","3","3","2","2","2",NA,NA,NA,"2","5","5",NA,NA,NA,"3","3","3","4","4","4","2","2","2",NA,NA,NA,"2","5","5",NA,NA,NA,"3","4","3","5","4","4","2","2","2",NA,NA,NA,"2","5","5",NA,NA,NA,"3","3","3","5","5","5",NA,NA,NA,"3","3","3","5","5","5",NA,NA,NA,"3","3","3","5","4","5",NA,NA,NA,"3","3","3","3","5","2","4","41","1",NA,"4","5","7",NA,"204","157","Region #6"
180,"4","3","3","3","4",NA,NA,NA,"2","1","2","1","1","1",NA,NA,NA,"1","1","1","1","1","1",NA,NA,NA,"1","2","1","1","1","1",NA,NA,NA,"1","3","5",NA,NA,NA,"2","3","2","5","2","3","2","2","1",NA,NA,NA,"2","4","5",NA,NA,NA,"2","2","1","4","3","3","2","2","2",NA,NA,NA,"1","4","5",NA,NA,NA,"4","4","4","5","3","3","2","1","2",NA,NA,NA,"1","5","5",NA,NA,NA,"2","2","2","5","3","3","2","1","2",NA,NA,NA,"2","4","5",NA,NA,NA,"2","2","2","5","3","3","2","1","2",NA,NA,NA,"2","5","5",NA,NA,NA,"2","2","1","5","3","3","2","2","1",NA,NA,NA,"2","5","2","4","57","1",NA,"5","5","7",NA,"241","128","Region #7"
278,"5","3","1","1","1",NA,NA,NA,"4","1","1","1","1","1",NA,NA,NA,"1","1","2","1","1","1",NA,NA,NA,"2","1","1","1","1","1",NA,NA,NA,"1","1","3","2","2","2",NA,NA,NA,"3","1","1","1","1","1",NA,NA,NA,"1","2","3","1","1","1",NA,NA,NA,"3","2","4","2","2","2",NA,NA,NA,"3","5","5",NA,NA,NA,"2","2","2","3","2","2","2","2","2",NA,NA,NA,"2","4","4","2","2","2",NA,NA,NA,"3","3","2","2","2","2",NA,NA,NA,"2","3","4","2","2","2",NA,NA,NA,"3","2","2","2","2","2",NA,NA,NA,"3","2","2","2","2","2",NA,NA,NA,"3","2","2","3","3","3",NA,NA,NA,"2","5","2","4","35","2",NA,"7","5","1,3,4,5,7",NA,"284","64","Region #9"
349,"4","2","1","1","1",NA,NA,NA,"2","1","1","1","1","1",NA,NA,NA,"1","1","1","1","1","1",NA,NA,NA,"1","1","1","1","1","1",NA,NA,NA,"1","4","1","1","1","1",NA,NA,NA,"3","1","1","1","1","1",NA,NA,NA,"1","1","3","2","3","2",NA,NA,NA,"2","2","1","1","3","1",NA,NA,NA,"1","3","4","3","3","4",NA,NA,NA,"3","3","3","3","3","3",NA,NA,NA,"3","4","4","3","3","3",NA,NA,NA,"3","1","3","2","1","1",NA,NA,NA,"3","1","4","1","1","3",NA,NA,NA,"1","1","1","1","1","1",NA,NA,NA,"1","3","3","2","2","2",NA,NA,NA,"3","2","2","3","3","3",NA,NA,NA,"1","5","2","4","38","2",NA,"6","6","7",NA,"194","185","Region #5"
270,"1","1","2","1","2",NA,NA,NA,"2","1","1","2","2","2",NA,NA,NA,"1","1","1","1","1","1",NA,NA,NA,"1","2","1","1","1","1",NA,NA,NA,"1","4","2","2","2","2",NA,NA,NA,"1","2","2","2","2","2",NA,NA,NA,"2","3","2","2","2","2",NA,NA,NA,"2","3","4","1","2","2",NA,NA,NA,"1","4","4","3","3","3",NA,NA,NA,"4","3","3","3","2","2",NA,NA,NA,"2","3","4","3","3","2",NA,NA,NA,"3","3","3","3","3","2",NA,NA,NA,"2","3","4","3","3","3",NA,NA,NA,"4","3","3","3","3","3",NA,NA,NA,"2","4","4","3","2","2",NA,NA,NA,"3","4","3","2","3","2",NA,NA,NA,"2","5","2","4","22","2",NA,"6","13","3",NA,"165","187","Region #5"
330,"4","4","3","3","3",NA,NA,NA,"2","1","1","1","1","1",NA,NA,NA,"1","1","1","1","1","1",NA,NA,NA,"1","4","4","1","1","1",NA,NA,NA,"1","4","4","2","2","2",NA,NA,NA,"1","2","2","1","1","1",NA,NA,NA,"1","5","5",NA,NA,NA,"1","2","1","4","4","4","2","2","2",NA,NA,NA,"2","4","4","2","2","2",NA,NA,NA,"2","2","3","1","2","2",NA,NA,NA,"1","5","5",NA,NA,NA,"2","2","2","4","4","4","2","2","2",NA,NA,NA,"2","3","4","3","3","3",NA,NA,NA,"3","4","4","3","3","3",NA,NA,NA,"2","5","5",NA,NA,NA,"3","5","5","5","4","5",NA,NA,NA,"3","3","3","2","5","2","4","37","1",NA,"7","5","2",NA,"230","121","Region #7"
87,"3","2","2","2","2",NA,NA,NA,"2","1","1","1","1","1",NA,NA,NA,"1","1","1","1","1","1",NA,NA,NA,"1","1","1","1","1","1",NA,NA,NA,"1","3","3","2","3","2",NA,NA,NA,"2","1","1","1","1","1",NA,NA,NA,"1","1","3","1","2","2",NA,NA,NA,"2","1","1","1","1","1",NA,NA,NA,"1","4","5",NA,NA,NA,"2","4","4","5","3","1","1","1","1",NA,NA,NA,"1","4","5",NA,NA,NA,"2","5","5","5","3","3","2","2","5",NA,NA,NA,"2","3","5",NA,NA,NA,"5","5","5","5","4","4","3","2","3",NA,NA,NA,"2","5","5",NA,NA,NA,"5","5","5","5","4","4","2","2","3",NA,NA,NA,"3","5","2","4","30","1",NA,"6","5","7",NA,"170","218","Region #4"
141,"3","3","4","4","4",NA,NA,NA,"2","2","2","1","3","3",NA,NA,NA,"1","2","2","2","2","2",NA,NA,NA,"2","2","4","2","3","2",NA,NA,NA,"3","4","3","1","2","2",NA,NA,NA,"2","2","2","1","1","1",NA,NA,NA,"1","2","4","2","2","2",NA,NA,NA,"3","3","3","2","2","2",NA,NA,NA,"1","3","5",NA,NA,NA,"3","2","4","5","2","2","2","2","2",NA,NA,NA,"1","5","5",NA,NA,NA,"3","2","3","5","4","4","3","3","2",NA,NA,NA,"3","3","5",NA,NA,NA,"2","2","2","5","3","3","3","2","3",NA,NA,NA,"2","5","5",NA,NA,NA,"3","2","2","5","4","4","3","3","3",NA,NA,NA,"3","5","2","4","35","2",NA,"5","5","7",NA,"99","248","Other"
322,"4","4","4","4","4",NA,NA,NA,"4","2","2","1","1","1",NA,NA,NA,"1","1","3","1","1","1",NA,NA,NA,"1","4","4","2","2","2",NA,NA,NA,"2","5","5",NA,NA,NA,"4","4","4","5","2","2","1","1","1",NA,NA,NA,"1","4","4","2","2","2",NA,NA,NA,"2","3","3","2","1","2",NA,NA,NA,"2","4","5",NA,NA,NA,"5","5","5","5","4","4","2","2","2",NA,NA,NA,"2","4","5",NA,NA,NA,"4","4","4","4","4","4","2","2","2",NA,NA,NA,"2","5","5",NA,NA,NA,"5","5","5","5","4","4","2","2","2",NA,NA,NA,"2","5","5",NA,NA,NA,"4","4","4","5","4","4","2","2","2",NA,NA,NA,"2","5","2","4","31","2",NA,"7","5","7",NA,"237","126","Region #7"
40,"4","4","1","1","1",NA,NA,NA,"1","1","1","1","1","1",NA,NA,NA,"1","1","1","1","1","1",NA,NA,NA,"1","2","3","1","1","1",NA,NA,NA,"1","4","4","2","2","2",NA,NA,NA,"2","2","2","1","1","1",NA,NA,NA,"1","1","1","1","1","1",NA,NA,NA,"1","3","3","1","1","1",NA,NA,NA,"1","4","4","2","2","2",NA,NA,NA,"2","2","3","2","2","2",NA,NA,NA,"1","1","3","2","2","2",NA,NA,NA,"1","2","3","2","2","2",NA,NA,NA,"1","4","4","3","3","2",NA,NA,NA,"2","2","2","2","2","4",NA,NA,NA,"1","2","4","2","2","3",NA,NA,NA,"1","3","3","2","2","4",NA,NA,NA,"1","5","2","4","35","2",NA,"5","6","7",NA,"172","147","Region #6"
220,"4","2","1","1","1",NA,NA,NA,"1","1","1","1","1","1",NA,NA,NA,"1","1","1","1","1","1",NA,NA,NA,"1","2","2","1","2","2",NA,NA,NA,"2","3","1","1","1","1",NA,NA,NA,"1","1","1","1","1","1",NA,NA,NA,"1","1","1","1","1","1",NA,NA,NA,"1","2","2","1","1","1",NA,NA,NA,"1","2","2","2","2","2",NA,NA,NA,"2","2","2","2","2","2",NA,NA,NA,"2","2","2","2","2","2",NA,NA,NA,"2","2","2","2","2","2",NA,NA,NA,"2","3","4","3","3","3",NA,NA,NA,"5","2","2","2","2","1",NA,NA,NA,"1","2","4","3","3","3",NA,NA,NA,"2","4","4","3","3","3",NA,NA,NA,"5","5","2","4","27","2",NA,"7","6","3",NA,NA,NA,NA
29,"4","4","2","3","3",NA,NA,NA,"1","1","1","1","1","1",NA,NA,NA,"1","1","1","1","1","1",NA,NA,NA,"1","3","3","1","1","1",NA,NA,NA,"1","3","4","4","4","3",NA,NA,NA,"4","2","2","1","1","1",NA,NA,NA,"1","3","3","1","1","1",NA,NA,NA,"1","3","3","2","2","2",NA,NA,NA,"2","4","4","2","4","4",NA,NA,NA,"4","3","3","1","1","1",NA,NA,NA,"1","3","3","1","1","1",NA,NA,NA,"1","3","3","2","2","2",NA,NA,NA,"1","3","4","4","3","3",NA,NA,NA,"4","2","2","2","1","5",NA,NA,NA,"1","4","4","2","2","4",NA,NA,NA,"2","3","3","3","2","3",NA,NA,NA,"4","5","2","4","61","2",NA,"4","6","7",NA,"102","256","Other"
191,"4","4","2","1","2",NA,NA,NA,"3","1","1","1","1","1",NA,NA,NA,"1","1","1","1","1","1",NA,NA,NA,"1","3","2","1","1","2",NA,NA,NA,"2","3","3","2","2","2",NA,NA,NA,"2","2","2","1","2","2",NA,NA,NA,"1","2","2","2","2","2",NA,NA,NA,"2","3","3","2","2","2",NA,NA,NA,"3","4","4","4","4","4",NA,NA,NA,"4","3","3","2","2","2",NA,NA,NA,"3","4","4","3","3","3",NA,NA,NA,"3","3","3","2","2","3",NA,NA,NA,"4","5","5",NA,NA,NA,"4","4","4","4","4","4","3","3","3",NA,NA,NA,"3","5","5",NA,NA,NA,"4","4","4","5","4","4","3","3","3",NA,NA,NA,"4","5","2","4","38","1",NA,"4","5","4",NA,"146","219","Region #4"
230,"4","3","3","2","2",NA,NA,NA,"2","1","2","2","2","1",NA,NA,NA,"1","1","1","1","1","1",NA,NA,NA,"1","2","1","1","1","2",NA,NA,NA,"1","4","3","2","2","3",NA,NA,NA,"2","2","2","2","2","2",NA,NA,NA,"1","1","3","1","2","2",NA,NA,NA,"2","2","2","2","2","2",NA,NA,NA,"1","4","4","2","2","2",NA,NA,NA,"3","3","2","2","3","2",NA,NA,NA,"2","3","2","1","2","2",NA,NA,NA,"2","3","3","2","2","2",NA,NA,NA,"2","4","4","3","2","3",NA,NA,NA,"3","4","4","2","3","3",NA,NA,NA,"2","3","3","1","2","2",NA,NA,NA,"2","3","3","2","3","3",NA,NA,NA,"2","5","2","4","39","1",NA,"2","2","7",NA,"93","278","Region #2"
218,"1","1","1","1","1",NA,NA,NA,"1","1","1","1","1","1",NA,NA,NA,"1","1","1","1","1","1",NA,NA,NA,"1","1","1","1","2","1",NA,NA,NA,"2","3","2","2","2","2",NA,NA,NA,"2","1","1","2","1","2",NA,NA,NA,"2","3","3","2","2","2",NA,NA,NA,"2","2","2","2","2","2",NA,NA,NA,"2","3","3","2","2","2",NA,NA,NA,"2","2","2","2","2","2",NA,NA,NA,"2","2","2","2","2","2",NA,NA,NA,"2","2","2","2","2","2",NA,NA,NA,"2","5","4","4","3","3",NA,NA,NA,"4","4","3","3","3","3",NA,NA,NA,"3","3","4","3","2","3",NA,NA,NA,"4","3","3","2","3","2",NA,NA,NA,"3","5","2","4","32","2",NA,"5","5","7,9",NA,"205","161","Region #6"
187,"4","4","2","3","2",NA,NA,NA,"1","1","1","1","2","1",NA,NA,NA,"1","1","1","1","1","1",NA,NA,NA,"1","3","3","1","1","1",NA,NA,NA,"1","4","4","2","2","2",NA,NA,NA,"2","2","2","2","2","2",NA,NA,NA,"2","2","2","2","2","2",NA,NA,NA,"1","3","3","2","2","2",NA,NA,NA,"2","5","5",NA,NA,NA,"2","2","3","3","3","5",NA,NA,NA,"2","2","3","2","5","5",NA,NA,NA,"3","3","3","2","5","5",NA,NA,NA,"3","2","3","2","4","4","3","2","3",NA,NA,NA,"2","4","4","2","3","3",NA,NA,NA,"2","5","5",NA,NA,NA,"4","3","3","4","4","4","2","2","2",NA,NA,NA,"2","5","2","4","27","2",NA,"4","4","4",NA,"188","186","Region #5"
76,"4","3","1","1","1",NA,NA,NA,"1","2","2","2","1","1",NA,NA,NA,"1","1","1","1","1","1",NA,NA,NA,"1","3","3","1","1","1",NA,NA,NA,"1","4","4","2","2","3",NA,NA,NA,"2","2","2","2","2","3",NA,NA,NA,"2","3","4","2","2","2",NA,NA,NA,"2","3","3","2","1","1",NA,NA,NA,"2","5","3","2","3","3",NA,NA,NA,"2","2","2","2","2","2",NA,NA,NA,"2","4","4","2","2","2",NA,NA,NA,"2","4","4","2","2","3",NA,NA,NA,"2","5","5",NA,NA,NA,"3","3","3","3","5","5",NA,NA,NA,"3","3","3","3","5","5",NA,NA,NA,"3","3","3","3","5","5",NA,NA,NA,"3","3","3","3","5","2","4","50","2",NA,"3","4","7",NA,"145","180","Other"
108,"3","3","4","2","2",NA,NA,NA,"2","1","1","1","1","1",NA,NA,NA,"1","1","1","1","1","1",NA,NA,NA,"1","2","1","2","2","2",NA,NA,NA,"1","4","4","3","3","3",NA,NA,NA,"2","2","1","2","2","2",NA,NA,NA,"1","1","1","2","2","2",NA,NA,NA,"1","1","2","2","2","1",NA,NA,NA,"1","4","5",NA,NA,NA,"4","4","4","5","3","3","3","2","2",NA,NA,NA,"2","4","4","3","2","2",NA,NA,NA,"2","3","4","3","3","3",NA,NA,NA,"2","4","5",NA,NA,NA,"5","4","4","5","4","4","3","2","3",NA,NA,NA,"2","4","4","4","4","4",NA,NA,NA,"3","3","4","3","2","3",NA,NA,NA,"2","5","2","4","29","2",NA,"5","3","7",NA,"177","189","Region #5"
120,"4","3","1","1","1",NA,NA,NA,"1","2","2","1","1","1",NA,NA,NA,"1","1","1","1","1","1",NA,NA,NA,"1","3","4","2","2","2",NA,NA,NA,"1","4","4","2","2","2",NA,NA,NA,"2","2","2","2","2","2",NA,NA,NA,"1","1","1","2","1","1",NA,NA,NA,"1","4","4","2","2","2",NA,NA,NA,"2","4","3","2","3","2",NA,NA,NA,"4","3","3","2","1","2",NA,NA,NA,"2","3","3","2","2","2",NA,NA,NA,"1","3","4","2","2","2",NA,NA,NA,"2","4","4","3","4","5",NA,NA,NA,"3","3","3","2","2","2",NA,NA,NA,"2","3","4","1","1","1",NA,NA,NA,"1","3","3","3","3","3",NA,NA,NA,"2","5","2","4","50","1",NA,"7","6","3",NA,"242","108","Other"
215,"3","3","2","1","1",NA,NA,NA,"2","1","2","1","1","1",NA,NA,NA,"1","1","1","1","1","1",NA,NA,NA,"1","2","3","1","1","1",NA,NA,NA,"1","4","4","2","2","2",NA,NA,NA,"2","2","3","2","2","1",NA,NA,NA,"2","2","3","2","2","2",NA,NA,NA,"1","3","3","2","2","1",NA,NA,NA,"1","4","4","2","2","1",NA,NA,NA,"2","3","3","2","2","2",NA,NA,NA,"2","2","2","2","1","2",NA,NA,NA,"2","3","3","2","2","2",NA,NA,NA,"2","4","4","2","2","2",NA,NA,NA,"4","4","3","2","2","3",NA,NA,NA,"2","4","5",NA,NA,NA,"3","3","4","3","4","3","3","2","3",NA,NA,NA,"3","5","2","4","63","1",NA,"3","2","7",NA,"159","158","Other"
165,"4","4","3","4","3",NA,NA,NA,"3","1","1","1","1","3",NA,NA,NA,"1","1","1","1","1","3",NA,NA,NA,"1","1","2","3","3","4",NA,NA,NA,"3","3","3","4","5","3",NA,NA,NA,"3","2","2","2","2","2",NA,NA,NA,"2","3","2","1","1","2",NA,NA,NA,"2","3","4","3","3","3",NA,NA,NA,"4","3","4","5","5","3",NA,NA,NA,"4","3","3","2","3","3",NA,NA,NA,"2","3","3","2","2","3",NA,NA,NA,"3","4","4","3","3","4",NA,NA,NA,"3","4","4","5","5","1",NA,NA,NA,"5","3","4","2","2","3",NA,NA,NA,"2","4","5",NA,NA,NA,"2","2","3","4","3","4","2","3","3",NA,NA,NA,"3","5","2","4","43","2",NA,"5","5","3",NA,"266","88","Region #8"
155,"4","4","2","2","2",NA,NA,NA,"1","2","2","2","2","2",NA,NA,NA,"1","1","1","1","1","1",NA,NA,NA,"1","4","4","2","2","2",NA,NA,NA,"1","4","4","3","3","3",NA,NA,NA,"2","1","1","2","2","2",NA,NA,NA,"1","2","2","2","2","1",NA,NA,NA,"1","3","2","2","2","2",NA,NA,NA,"2","4","4","3","3","3",NA,NA,NA,"4","3","3","3","3","3",NA,NA,NA,"2","4","4","3","3","3",NA,NA,NA,"4","3","3","3","3","3",NA,NA,NA,"3","4","5",NA,NA,NA,"2","3","3","4","2","3","2","3","3",NA,NA,NA,"2","5","5",NA,NA,NA,"2","2","4","4","3","3","2","3","3",NA,NA,NA,"2","5","2","4","57","2",NA,"5","3","7",NA,"159","193","Region #5"
58,"2","3","3","4","4",NA,NA,NA,"3","3","3","2","2","2",NA,NA,NA,"1","1","2","2","2","1",NA,NA,NA,"1","3","3","2","2","2",NA,NA,NA,"2","4","4","2","2","2",NA,NA,NA,"1","3","3","2","2","2",NA,NA,NA,"1","2","2","2","2","2",NA,NA,NA,"1","3","3","2","2","2",NA,NA,NA,"1","4","4","3","4","4",NA,NA,NA,"3","3","3","2","2","3",NA,NA,NA,"2","4","4","2","2","3",NA,NA,NA,"2","4","4","3","3","3",NA,NA,NA,"2","3","4","4","4","4",NA,NA,NA,"3","4","4","3","3","3",NA,NA,NA,"2","4","4","3","3","3",NA,NA,NA,"3","4","4","2","2","4",NA,NA,NA,"2","5","2","4","45","2",NA,"8","3","1,7",NA,"132","253","Region #3"
324,"2","2","1","1","1",NA,NA,NA,"1","1","1","1","1","1",NA,NA,NA,"1","1","1","1","1","1",NA,NA,NA,"1","1","1","1","1","1",NA,NA,NA,"1","3","3","2","2","2",NA,NA,NA,"2","1","1","1","1","1",NA,NA,NA,"1","1","1","1","1","1",NA,NA,NA,"1","1","1","1","1","1",NA,NA,NA,"1","3","3","2","2","2",NA,NA,NA,"2","2","2","2","2","2",NA,NA,NA,"1","3","3","2","2","2",NA,NA,NA,"2","2","2","2","2","2",NA,NA,NA,"2","4","4","3","4","3",NA,NA,NA,"4","3","3","3","3","3",NA,NA,NA,"2","3","3","2","2","2",NA,NA,NA,"2","2","3","2","2","3",NA,NA,NA,"2","5","2","4","50","2",NA,"7","5","7",NA,"175","166","Region #6"
190,"3","3","2","2","2",NA,NA,NA,"1","1","1","1","1","1",NA,NA,NA,"1","2","2","1","1","1",NA,NA,NA,"1","3","3","1","2","2",NA,NA,NA,"1","3","3","1","2","2",NA,NA,NA,"4","1","2","1","1","1",NA,NA,NA,"1","1","1","1","1","1",NA,NA,NA,"1","3","3","1","2","2",NA,NA,NA,"4","4","4","2","2","2",NA,NA,NA,"4","3","3","2","2","2",NA,NA,NA,"1","2","4","1","1","1",NA,NA,NA,"4","3","3","1","3","3",NA,NA,NA,"1","4","5",NA,NA,NA,"1","5","5","5","2","3","1","1","1",NA,NA,NA,"1","3","3","1","1","1",NA,NA,NA,"1","3","4","1","5","4",NA,NA,NA,"4","5","2","4","45","2",NA,"5","4","1,3,7",NA,"164","204","Region #4"
245,"3","2","1","1","1",NA,NA,NA,"1","1","1","1","1","1",NA,NA,NA,"1","1","1","1","1","1",NA,NA,NA,"1","1","1","1","1","1",NA,NA,NA,"1","4","2","2","4","2",NA,NA,NA,"1","1","1","1","1","1",NA,NA,NA,"1","1","1","1","1","1",NA,NA,NA,"1","1","1","1","1","1",NA,NA,NA,"1","3","3","2","2","2",NA,NA,NA,"2","3","3","2","2",NA,NA,NA,NA,"2","3","3","3","2","2",NA,NA,NA,"3","3","3","2","3","3",NA,NA,NA,"3","4","5",NA,NA,NA,"5","4","4","4","4","4","3","3","3",NA,NA,NA,"4","5","5",NA,NA,NA,"2","2","3","4","5","4","4","3","4",NA,NA,NA,"4","5","2","4","36","2",NA,"6","5","3",NA,"208","157","Region #6"
323,"3","2","2","2","3",NA,NA,NA,"2",NA,"1","1","1","1",NA,NA,NA,"1","1","1","1","1","1",NA,NA,NA,"1","2","1","1","1","1",NA,NA,NA,"1","1","2","2","2","2",NA,NA,NA,"2",NA,"2","2","2","2",NA,NA,NA,"2","3","3","2","2","2",NA,NA,NA,"2","2","3","2","2","2",NA,NA,NA,"2","3","3","3","3","3",NA,NA,NA,"2","3","3","2","2","2",NA,NA,NA,"2","3","3","3","2","2",NA,NA,NA,"3","2","2","3","3","2",NA,NA,NA,"2","4","5",NA,NA,NA,"2","2","3","4","3","3","2","2","2",NA,NA,NA,"2","3","3","2","2","2",NA,NA,NA,"3","3","3","2","2","2",NA,NA,NA,"2","5","2","4","52","2",NA,"7","6","3",NA,"226","167","Region #6"
90,"3","3","1","1","1",NA,NA,NA,"2","1","1","1","1","1",NA,NA,NA,"1","1","1","1","1","1",NA,NA,NA,"1","1","1","1","1","1",NA,NA,NA,"1","3","3","2","2","2",NA,NA,NA,"2","1","1","1","1","1",NA,NA,NA,"1","2","2","1","1","1",NA,NA,NA,"1","1","1","1","1","1",NA,NA,NA,"1","5","5",NA,NA,NA,"2","2","2","3","2","1","2","1","2",NA,NA,NA,"1","3","3","2","2","2",NA,NA,NA,"2","3","3","1","1","1",NA,NA,NA,"2","5","5",NA,NA,NA,"3","3","3","4","4","4","3","3","3",NA,NA,NA,"2","5","5",NA,NA,NA,"3","3","3","3","3","3","2","2","2",NA,NA,NA,"2","5","2","4","30","2",NA,"5","2","4",NA,"161","185","Region #5"
337,"4","3","2","2","3",NA,NA,NA,"2","2","3","2","2","2",NA,NA,NA,"2","2","2","2","2","3",NA,NA,NA,"2","2","3","3","2","2",NA,NA,NA,"2","5","5",NA,NA,NA,"4","4","3","4","4","5",NA,NA,NA,"3","4","3","3","4","5",NA,NA,NA,"3","4","4","4","5","4","4","3","4",NA,NA,NA,"3","5","5",NA,NA,NA,"3","5","4","4","5","5",NA,NA,NA,"4","4","3","4","4","5",NA,NA,NA,"4","5","3","5",NA,"5",NA,NA,NA,"4","4","4","4","5","5",NA,NA,NA,"3","3","4","5","5","5",NA,NA,NA,"3","3","3","5","5","5",NA,NA,NA,"3","4","3","5","5","5",NA,NA,NA,"5","3","3","5","5","2","4","29","1",NA,"7","6","7",NA,NA,NA,NA
70,"3","4","4","4","4",NA,NA,NA,"3","2","3","1","1","1",NA,NA,NA,"2","1","2","1","1","1",NA,NA,NA,"1","3","3","1","1","1",NA,NA,NA,"2","4","5",NA,NA,NA,"2","2","2","3","2","2","1","1","2",NA,NA,NA,"1","3","4","1","1","1",NA,NA,NA,"1","4","4","2","2","2",NA,NA,NA,"2","4","5",NA,NA,NA,"5","5","5","5","3","3","2","2","2",NA,NA,NA,"2","3","4","2","2","2",NA,NA,NA,"2","4","4","2","2","2",NA,NA,NA,"2","4","4","4","4","4",NA,NA,NA,"4","4","4","2","2","3",NA,NA,NA,"2","4","5",NA,NA,NA,"3","4","4","4","4","4","2","2","2",NA,NA,NA,"2","5","2","4","45","2",NA,"7","5","7",NA,"242","126","Region #7"
103,"1","1","1","1","1",NA,NA,NA,"1","1","1","1",NA,"1",NA,NA,NA,"1","1","1","1","1","1",NA,NA,NA,"1","1","1","1","1","1",NA,NA,NA,"1","1","1","1","1","1",NA,NA,NA,"1","1","1","1","1","1",NA,NA,NA,"1","1","1","1","1","1",NA,NA,NA,"1","1","1","1","1","1",NA,NA,NA,"1","2","2","2","2","2",NA,NA,NA,"3","2","2","3","3","3",NA,NA,NA,"1","1","1","1","1","1",NA,NA,NA,"1","2","2","2","2","2",NA,NA,NA,"2","3","4","5","5","5",NA,NA,NA,"5","3","3","2","2","2",NA,NA,NA,"1","4","3","3","3","3",NA,NA,NA,"2","1","1","2","1","1",NA,NA,NA,"1","5","2","4","38","2",NA,"5","6","7",NA,"181","161","Region #6"
15,"3","4","3","3","2",NA,NA,NA,"4","3","2","2","2","2",NA,NA,NA,"2","3","3","3","4","4",NA,NA,NA,"2","2","3","2","2","2",NA,NA,NA,"2","4","4","2","2","2",NA,NA,NA,"2","1","1","1","1","1",NA,NA,NA,"1","1","3","2","2","2",NA,NA,NA,"2","3","2","2","3","2",NA,NA,NA,"2","3","4","4","4","4",NA,NA,NA,"4","3","3","2","3","3",NA,NA,NA,"2","4","5",NA,NA,NA,"3","4","4","4","3","3","2","2","2",NA,NA,NA,"2","3","4","4","4","4",NA,NA,NA,"4","3","4","2","2","2",NA,NA,NA,"3","4","5",NA,NA,NA,"4","4","4","4","3","3","2","2","2",NA,NA,NA,"2","5","2","4","62","2",NA,"6","6","7",NA,"129","213","Region #4"
351,"3","4","3","3","3",NA,NA,NA,"2","2","2","2","2","1",NA,NA,NA,"1","1","2","2","2","2",NA,NA,NA,"1","4","4","2","2","2",NA,NA,NA,"1","4","4","3","4","4",NA,NA,NA,"3","2","3","2","2","2",NA,NA,NA,"1","3","4","2","2","2",NA,NA,NA,"2","3","3","3","3","2",NA,NA,NA,"2","4","5",NA,NA,NA,"3","4","3","4","3","3","2","3","2",NA,NA,NA,"2","4","5",NA,NA,NA,"3","3","3","4","4","3","3","3","2",NA,NA,NA,"2","4","4","2","3","3",NA,NA,NA,"4","4","4","2","2","3",NA,NA,NA,"2","5","5",NA,NA,NA,"3","3","3","4","4","4","3","3","3",NA,NA,NA,"4","5","2","4","30","2",NA,"1","5","7",NA,"98","245","Other"
11,"4","2","1","1","1",NA,NA,NA,"1","1","1","1","1","1",NA,NA,NA,"1","1","1","1","1","1",NA,NA,NA,"1","1","1","1","1","1",NA,NA,NA,"1","4","3","1","1","1",NA,NA,NA,"1","1","1","1","1","1",NA,NA,NA,"1","1","1","1","1","1",NA,NA,NA,"1","1","1","1","1","1",NA,NA,NA,"1","4","3","3","3","3",NA,NA,NA,"3","3","3","3","3","3",NA,NA,NA,"3","3","3","3","3","3",NA,NA,NA,"3","3","3","3","3","3",NA,NA,NA,"3","4","3","3","3","3",NA,NA,NA,"2","3","3","3","3","3",NA,NA,NA,"3","3","3","3","3","3",NA,NA,NA,"2","2","2","3","3","3",NA,NA,NA,"2","5","2","4","30","3",NA,"2","3","7",NA,NA,NA,NA
347,"4","4","1","1","1",NA,NA,NA,"1","1","1","1","1","1",NA,NA,NA,"1","1","1","1","1","1",NA,NA,NA,"1","1","1","1","1","1",NA,NA,NA,"1","4","4","4","4","4",NA,NA,NA,"4","1","1","1","1","1",NA,NA,NA,"1","1","2","2","2","2",NA,NA,NA,"2","1","1","1","1","1",NA,NA,NA,"1","4","4","4","4","4",NA,NA,NA,"4","2","3","2","2","2",NA,NA,NA,"1","2","2","2","2","2",NA,NA,NA,"2","1","1","1","1","1",NA,NA,NA,"1","4","5",NA,NA,NA,"2","2","2","4","1","3","1","1","1",NA,NA,NA,"1","4","4","2","2","2",NA,NA,NA,"2","4","4","2","2","2",NA,NA,NA,"2","5","2","4","39","2",NA,"7","5","3,7",NA,"206","159","Region #6"
301,"4","4","2","3","3",NA,NA,NA,"3","3","2","3","3","2",NA,NA,NA,"2","2","2","2","3","2",NA,NA,NA,"2","3","4","2","3","2",NA,NA,NA,"2","4","4","3","3","3",NA,NA,NA,"2","3","3","3","3","3",NA,NA,NA,"3","3","4","3","3","3",NA,NA,NA,"3","4","4","3","3","3",NA,NA,NA,"4","4","4","3","4","3",NA,NA,NA,"3","3","3","3","3","3",NA,NA,NA,"3","3","4","3","3","3",NA,NA,NA,"4","3","3","3","3","3",NA,NA,NA,"4","4","4","3","4","3",NA,NA,NA,"4","3","3","3","3","3",NA,NA,NA,"4","4","4","3","3","3",NA,NA,NA,"4","4","4","3","3","3",NA,NA,NA,"4","5","2","4","76","1",NA,"8","6","7",NA,"260","133","Region #7"
12,"4","4","2","2","3",NA,NA,NA,"2","1","1","1","1","1",NA,NA,NA,"1","1","2","1","2","1",NA,NA,NA,"1","4","4","2","2","2",NA,NA,NA,"2","4","4","2","2","2",NA,NA,NA,"2","2","2","2","2","2",NA,NA,NA,"1","1","1","1","1","1",NA,NA,NA,"1","3","4","2","2","2",NA,NA,NA,"2","4","4","3","3","2",NA,NA,NA,"2","2","2","2","2","2",NA,NA,NA,"2","3","3","2","2","2",NA,NA,NA,"2","4","4","2","3","3",NA,NA,NA,"2","5","5",NA,NA,NA,"3","3","3","4","4","4","3","3","3",NA,NA,NA,"4","5","5",NA,NA,NA,"3","3","3","5","5","5",NA,NA,NA,"3","3","3","4","5","2","4","54","2",NA,"7","5","7",NA,"223","112","Region #7"
203,"4","4","1","1","1",NA,NA,NA,"1","2","1","1","1","1",NA,NA,NA,"1","1","1","1","1","1",NA,NA,NA,"1","4","4","2","2","2",NA,NA,NA,"1","5","3","2","2","2",NA,NA,NA,"2","3","3","2","2","2",NA,NA,NA,"2","1","1","1","1","1",NA,NA,NA,"1","4","4","2","2","1",NA,NA,NA,"2","5","5",NA,NA,NA,"3","3","3","4","4","4","3","3","3",NA,NA,NA,"2","4","4","3","3","3",NA,NA,NA,"3","5","4","3","3","3",NA,NA,NA,"2","5","4","3","3","3",NA,NA,NA,"5","3","4","3","3","3",NA,NA,NA,"2","4","4","3","3","3",NA,NA,NA,"2","4","4","3","3","3",NA,NA,NA,"2","5","2","4","54","2",NA,"1","2","3",NA,NA,NA,NA
275,"3","3","2","1","2",NA,NA,NA,"3","1","1","1","1","1",NA,NA,NA,"1","1","2","2","2","1",NA,NA,NA,"1","1","1","1","1","2",NA,NA,NA,"1","4","2","1","1","1",NA,NA,NA,"2","1","1","2","2","2",NA,NA,NA,"2","1","2","1","1","1",NA,NA,NA,"1","1","1","1","1","1",NA,NA,NA,"1","3","3","2","2","1",NA,NA,NA,"4","2","2","1","1","1",NA,NA,NA,"1","4","4","2","2","2",NA,NA,NA,"2","1","2","2","1","1",NA,NA,NA,"2","4","5",NA,NA,NA,"2","2","2","4","3","3","2","2","2",NA,NA,NA,"2","4","5",NA,NA,NA,"3","4","4","5","2","3","2","2","1",NA,NA,NA,"2","5","2","4","34","2",NA,"5","5","7",NA,"162","217","Region #4"
334,"1","4","2","3","2",NA,NA,NA,"3","3","4","4","3","3",NA,NA,NA,"3","3","4","1","1","1",NA,NA,NA,"1","4","5",NA,NA,NA,"3","3","4","4","4","4","2","4","2",NA,NA,NA,"3","2","3","3","3","3",NA,NA,NA,"3","2","4","2","2","3",NA,NA,NA,"3","3","3","3","2","2",NA,NA,NA,"2","4","4","4","3","3",NA,NA,NA,"3","4","4","3","3","3",NA,NA,NA,"2","4","4","2","3","3",NA,NA,NA,"3","3","3","2","1","2",NA,NA,NA,"3","4","5",NA,NA,NA,"3","3","3","3","5","5",NA,NA,NA,"2","2","3","2","4","4","3","3","3",NA,NA,NA,"4","5","5",NA,NA,NA,"3","3","3","3","5","2","4","23","2",NA,"7","5","7",NA,"241","125","Region #7"
206,"3","4","3","4","4",NA,NA,NA,"3","2","3","2","2","1",NA,NA,NA,"1","2","3","2","2","1",NA,NA,NA,"1","3","3","2","2","3",NA,NA,NA,"2","4","4","3","4","4",NA,NA,NA,"3","2","1","2","1","2",NA,NA,NA,"1","2","2","2","2","1",NA,NA,NA,"1","3","2","1","2","2",NA,NA,NA,"1","4","5",NA,NA,NA,"3","4","4","5","3","3","3","2","3",NA,NA,NA,"3","4","4","2","3","3",NA,NA,NA,"3","3","3","3","3","2",NA,NA,NA,"2","4","4","3","4","3",NA,NA,NA,"4","4","3","2","3","3",NA,NA,NA,"3","4","5",NA,NA,NA,"3","4","3","4","3","3","3","2","3",NA,NA,NA,"3","5","2","4","52","2",NA,"5","5","7",NA,"214","152","Region #6"
216,"4","4","4","4","3",NA,NA,NA,"2","3","3","2","2","2",NA,NA,NA,"2","1","2","1","1","1",NA,NA,NA,"2","4","4","2","3","2",NA,NA,NA,"2","4","4","3","3","3",NA,NA,NA,"3","3","3","2","2","2",NA,NA,NA,"2","1","2","2","2","2",NA,NA,NA,"2","3","3","2","2","2",NA,NA,NA,"2","3","3","3","2","3",NA,NA,NA,"4","3","3","2","3","3",NA,NA,NA,"2","3","4","2","2","2",NA,NA,NA,"2","3","3","2","2","2",NA,NA,NA,"2","5","5",NA,NA,NA,"3","3","3","4","4","4","3","3","3",NA,NA,NA,"3","4","5",NA,NA,NA,"3","3","3","4","3","4","3","3","3",NA,NA,NA,"4","5","2","4","66","2",NA,"4","3","7",NA,"185","191","Region #5"
146,"2","2","1","1","1",NA,NA,NA,"1","1","1","1","1","1",NA,NA,NA,"1","1","1","1","1","1",NA,NA,NA,"1","1","1","1","1","1",NA,NA,NA,"1","3","4","2","2","2",NA,NA,NA,"1","1","1","2","2","1",NA,NA,NA,"2","1","2","1","1","1",NA,NA,NA,"1","1","2","1","1","1",NA,NA,NA,"1","4","5",NA,NA,NA,"5","5","5","5","5","5",NA,NA,NA,"5","5","5","5","5","5",NA,NA,NA,"5","5","5","5","5","5",NA,NA,NA,"5","5","5","5","4","5",NA,NA,NA,"5","5","5","5","5","5",NA,NA,NA,"5","5","5","5","5","5",NA,NA,NA,"5","5","5","5","4","5",NA,NA,NA,"5","5","5","5","5","2","4","26","1",NA,"4","5","2,5",NA,"156","233","Other"
189,"5","5",NA,NA,NA,"3","3","3","1","2","1","1","1","1",NA,NA,NA,"1","1","1","1","1","1",NA,NA,NA,"1","4","4","1","1","1",NA,NA,NA,"1","3","4","4","4","4",NA,NA,NA,"4","3","3","2","2","2",NA,NA,NA,"2","2","3","2","2","2",NA,NA,NA,"3","4","3","2","2","2",NA,NA,NA,"2","4","4","3","3","3",NA,NA,NA,"3","2","2","2","2","2",NA,NA,NA,"2","2","3","2","2","2",NA,NA,NA,"2","2","2","2","2","2",NA,NA,NA,"2","5","5",NA,NA,NA,"5","5","3","5","4","4","3","3","3",NA,NA,NA,"3","5","5",NA,NA,NA,"3","2","2","4","5","5",NA,NA,NA,"3","3","3","4","5","2","4","61","2",NA,"5","2","7",NA,"183","177","Region #5"
65,"2","2","1","1","2",NA,NA,NA,"3","2","2","2","2","2",NA,NA,NA,"2","2","2","2","2","2",NA,NA,NA,"2","2","2","2","2","2",NA,NA,NA,"2","2","1","2","1","1",NA,NA,NA,"2","2","2","1","2","2",NA,NA,NA,"1","2","2","2","2","2",NA,NA,NA,"2","1","1","2","2","2",NA,NA,NA,"2","2","2","2","2","2",NA,NA,NA,"2","2","2","2","2","2",NA,NA,NA,"2","3","3","2","2","2",NA,NA,NA,"2","2","2","2","2","2",NA,NA,NA,"2","2","2","2","2","2",NA,NA,NA,"2","3","3","2","2","2",NA,NA,NA,"2","3","3","2","2","2",NA,NA,NA,"2","2","2","2","2","2",NA,NA,NA,"2","5","2","4","21","1",NA,"1","5","3",NA,"151","185","Region #5"
51,"3","1","4","5","4",NA,NA,NA,"1","1","1","1","1","1",NA,NA,NA,"1","1","1","1","1","1",NA,NA,NA,"1","2","2","1","2","1",NA,NA,NA,"1","5","5",NA,NA,NA,"4","4","3","4","1","1","1","1","1",NA,NA,NA,"1","1","1","1","1","1",NA,NA,NA,"1","1","1","1","1","1",NA,NA,NA,"1","3","3","2","2","2",NA,NA,NA,"4","2","2","2","2","2",NA,NA,NA,"1","3","3","2","2","2",NA,NA,NA,"2","3","3","2","2","2",NA,NA,NA,"1","3","3","5","5","5",NA,NA,NA,"1","4","5",NA,NA,NA,"3","3","3","3","5","5",NA,NA,NA,"3","3","3","4","3","3","3","3","2",NA,NA,NA,"2","5","2","4","31","1",NA,"5","6","3",NA,"241","158","Region #6"
142,"3","1","4","4","4",NA,NA,NA,"1","3","3","2","1","1",NA,NA,NA,"2","2","3","2","1","1",NA,NA,NA,"2","4","4","2","2","2",NA,NA,NA,"2","4","4","2","2","2",NA,NA,NA,"2","2","2","1","1","1",NA,NA,NA,"1","2","2","1","1","1",NA,NA,NA,"1","1","1","1","1","1",NA,NA,NA,"1","4","4","4","4","4",NA,NA,NA,"3","3","3","2","2","2",NA,NA,NA,"2","4","4","2","2","2",NA,NA,NA,"2","3","3","2","2","2",NA,NA,NA,"2","4","4","3","3","3",NA,NA,NA,"3","4","4","2","2","2",NA,NA,NA,"2","4","4","2","2","2",NA,NA,NA,"3","3","4","2","2","2",NA,NA,NA,"2","5","2","4","53","2",NA,"7","2","7",NA,"219","144","Region #6"
329,"3","2","2","2","2",NA,NA,NA,"1","1","2","2","2","1",NA,NA,NA,"1","1","1","1","1","1",NA,NA,NA,"2","2","2","1","1","2",NA,NA,NA,"1","4","4","3","3","3",NA,NA,NA,"4","2","2","3","3","3",NA,NA,NA,"2","3","3","3","3","3",NA,NA,NA,"3","2","2","2","3","2",NA,NA,NA,"2","5","5",NA,NA,NA,"3","3","3","5","4","4","3","3","3",NA,NA,NA,"3","5","5",NA,NA,NA,"3","3","3","4","4","4","3","2","3",NA,NA,NA,"4","5","5",NA,NA,NA,"2","3","3","5","5","5",NA,NA,NA,"3","3","3","5","5","5",NA,NA,NA,"3","3","4","5","5","5",NA,NA,NA,"3","3","3","5","5","2","4","20","1",NA,"5","3","2",NA,NA,NA,NA
27,"3","3","3","3","3",NA,NA,NA,"2","3","3","2","2","2",NA,NA,NA,"2","2","3","2","2","2",NA,NA,NA,"2","3","3","3","3","2",NA,NA,NA,"2","3","5",NA,NA,NA,"3","3","3","2","3","3","3","3","3",NA,NA,NA,"2","4","5",NA,NA,NA,"3","3","2","3","4","4","3","3","3",NA,NA,NA,"2","3","4","3","3","2",NA,NA,NA,"2","3","3","3","3","2",NA,NA,NA,"3","5","5",NA,NA,NA,"3","3","3","3","4","3","3","3","2",NA,NA,NA,"2","4","3","3","4","2",NA,NA,NA,"2","4","4","3","3","2",NA,NA,NA,"2","5","5",NA,NA,NA,"3","3","3","3","4","4","3","3","2",NA,NA,NA,"2","5","2","4","58","2",NA,"4","2","7",NA,"168","219","Region #4"
42,"3","2","3","2","3",NA,NA,NA,"2","2","3","2","2","2",NA,NA,NA,"2","1","1","1","1","2",NA,NA,NA,"2","2","2","2","2","3",NA,NA,NA,"2","2","2","2","2","2",NA,NA,NA,"2","2","1","2","2","2",NA,NA,NA,"2","2","2","2","2","2",NA,NA,NA,"2","2","2","2","2","2",NA,NA,NA,"1","2","2","2","2","2",NA,NA,NA,"2","2","2","1","2","2",NA,NA,NA,"2","1","2","2","2","2",NA,NA,NA,"2","1","1","2","2","2",NA,NA,NA,"2","3","3","2","2","2",NA,NA,NA,"2","2","3","2","3","2",NA,NA,NA,"2","2","1","2","2","3",NA,NA,NA,"2","2","2","2","2","1",NA,NA,NA,"2","5","2","4","29","2",NA,"6","5","3",NA,"285","88","Region #8"
247,"3","5",NA,NA,NA,"3","4","3","5","3","3","2","1","3",NA,NA,NA,"1","1","1","1","1","1",NA,NA,NA,"1","5","3","2","2","2",NA,NA,NA,"1","4","5",NA,NA,NA,"3","4","3","5","3","3","3","3","3",NA,NA,NA,"1","1","3","2","1","2",NA,NA,NA,"1","5","4","2","2","1",NA,NA,NA,"2","1","5",NA,NA,NA,"5","5","5","5","5","5",NA,NA,NA,"3","3","3","3","5","5",NA,NA,NA,"3","3","3","3","3","3","3","3","3",NA,NA,NA,"2","4","4","3","3","3",NA,NA,NA,"3","5","5",NA,NA,NA,"3","3","3","3","5","5",NA,NA,NA,"3","3","3","3","4","4","3","3","3",NA,NA,NA,"3","5","2","4","48","1",NA,"4","13","3",NA,"148","236","Region #3"
166,"4","4","4","4","3",NA,NA,NA,"5","2","3","2","2","2",NA,NA,NA,"2","4","4","2","1","1",NA,NA,NA,"3","4","4","3","2","2",NA,NA,NA,"4","4","4","4","3","3",NA,NA,NA,"3","2","3","2","2","2",NA,NA,NA,"2","2","3","2","3","2",NA,NA,NA,"2","2","2","2","3","2",NA,NA,NA,"2","4","5",NA,NA,NA,"4","3","3","2","3","3","3","3","2",NA,NA,NA,"2","4","4","3","3","3",NA,NA,NA,"4","3","3","3","3","3",NA,NA,NA,"2","4","4","3","3","3",NA,NA,NA,"4","4","4","4","3","3",NA,NA,NA,"3","5","4","3","3","3",NA,NA,NA,"4","3","3","4","3","3",NA,NA,NA,"3","5","2","4","50","2",NA,"4","3","7",NA,"161","258","Region #3"
344,"3","3","4","4","3",NA,NA,NA,"2","3","3","2","2","2",NA,NA,NA,"2","2","2","1","1","1",NA,NA,NA,"1","3","3","4","4","3",NA,NA,NA,"3","3","3","2","2","2",NA,NA,NA,"4","3","3","2","2","2",NA,NA,NA,"2","2","2","1","1","1",NA,NA,NA,"1","3","3","2","2","2",NA,NA,NA,"2","4","4","2","2","2",NA,NA,NA,"3","3","3","2","2","2",NA,NA,NA,"2","3","3","2","2","2",NA,NA,NA,"2","3","3","2","2","2",NA,NA,NA,"2","5","5",NA,NA,NA,"3","3","3","5","4","4","2","2","3",NA,NA,NA,"3","5","5",NA,NA,NA,"3","4","3","5","4","4","3","2","3",NA,NA,NA,"3","5","2","4","65","1",NA,"5","5","7",NA,"165","178","Region #5"
68,"3","4","4","4","4",NA,NA,NA,"4","2","3","2","2","2",NA,NA,NA,"2","2","2","1","1","1",NA,NA,NA,"2","3","3","3","2","2",NA,NA,NA,"3","3","4","4","3","3",NA,NA,NA,"4","3","2","2","2","1",NA,NA,NA,"2","5","4","2","2","2",NA,NA,NA,"4","4","4","2","2","2",NA,NA,NA,"3","4","5",NA,NA,NA,"3","3","4","4","2","3","2","2","2",NA,NA,NA,"2","5","5",NA,NA,NA,"5","5","4","5","4","4","4","4","3",NA,NA,NA,"5","4","4","5","5","5",NA,NA,NA,"3","4","4","2","3","2",NA,NA,NA,"2","4","5",NA,NA,NA,"3","3","3","5","3","4","4","2","2",NA,NA,NA,"4","5","2","4","24","1",NA,"3","2","4,7",NA,"129","217","Region #4"
241,"2","3","4","4","4",NA,NA,NA,"2","2","2","2","1","1",NA,NA,NA,"1","2","3","2","2","2",NA,NA,NA,"2","2","2","2","1","1",NA,NA,NA,"1","4","4","2","2","2",NA,NA,NA,"2","1","1","2","2","2",NA,NA,NA,"1","1","1","2","2","2",NA,NA,NA,"1","2","1","2","2","2",NA,NA,NA,"1","4","4","4","2","2",NA,NA,NA,"3","3","3","2","2","2",NA,NA,NA,"2","3","4","2","2","2",NA,NA,NA,"3","3","3","2","2","2",NA,NA,NA,"2","4","5",NA,NA,NA,"2","2","4","5","2","3","2","2","4",NA,NA,NA,"2","5","5",NA,NA,NA,"2","2","4","5","2","2","2","1","4",NA,NA,NA,"2","5","2","4","36","2",NA,"6","4","7",NA,"193","188","Region #5"
172,"3","3","3","3","3",NA,NA,NA,"2","1","1","1","1","1",NA,NA,NA,"1","1","1","1","1","1",NA,NA,NA,"1","3","3","2","2","2",NA,NA,NA,"2","4","4","3","3","3",NA,NA,NA,"3","1","1","1","1","1",NA,NA,NA,"1","2","2","2","1","1",NA,NA,NA,"2","4","4","3","3","3",NA,NA,NA,"3","3","3","2","2","2",NA,NA,NA,"2","2","2","1","1","1",NA,NA,NA,"1","2","2","1","1","1",NA,NA,NA,"1","3","3","2","2","2",NA,NA,NA,"1","4","4","3","3","3",NA,NA,NA,"5","3","3","3","2","2",NA,NA,NA,"2","4","4","3","3","3",NA,NA,NA,"3","3","3","3","3","2",NA,NA,NA,"2","5","2","4","34","1",NA,"4","2","7",NA,"219","161","Region #6"
264,"4","4","3","3","3",NA,NA,NA,"5","1","1","1","1","1",NA,NA,NA,"1","1","1","1","1","1",NA,NA,NA,"1","1","1","1","1","1",NA,NA,NA,"1","5","5",NA,NA,NA,"5","5","5","5","1","1","1","1","1",NA,NA,NA,"1","1","1","1","1","1",NA,NA,NA,"1","2","2","2","2","2",NA,NA,NA,"1","3","5",NA,NA,NA,"5","5","5","5","3","3","2","2","2",NA,NA,NA,"2","3","3","2","2","2",NA,NA,NA,"2","2","2","2","2","2",NA,NA,NA,"2","5","5",NA,NA,NA,"4","4","4","5","2","3","2","2","2",NA,NA,NA,"2","3","3","2","2","2",NA,NA,NA,"2","1","2","2","2","2",NA,NA,NA,"2","5","2","4","42","2",NA,"3","2","7",NA,"129","223","Region #4"
127,"3","3","3","3","3",NA,NA,NA,"3","1","1","1","1","1",NA,NA,NA,"1","2","2","2","1","1",NA,NA,NA,"2","2","1","1","1","1",NA,NA,NA,"1","3","3","3","3","3",NA,NA,NA,"2","2","2","1","1","1",NA,NA,NA,"1","3","3","2","2","2",NA,NA,NA,"2","2","2","2","1","1",NA,NA,NA,"2","4","4","3","3","3",NA,NA,NA,"3","2","2","3","3","2",NA,NA,NA,"2","5","5",NA,NA,NA,"3","3","3","5","3","3","3","3",NA,NA,NA,NA,"3","4","4","3","3","3",NA,NA,NA,"3","2","3","3","2","3",NA,NA,NA,"3","5","5",NA,NA,NA,"3","3","3","5","2","3","3","3","3",NA,NA,NA,"3","5","2","4","39","1",NA,"7","5","7",NA,"209","157","Region #6"
150,"3","3","3","3","3",NA,NA,NA,"4","1","1","1","1","1",NA,NA,NA,"1","1","1","1","1","1",NA,NA,NA,"1","2","3","1","1","1",NA,NA,NA,"2","3","3","4","4","4",NA,NA,NA,"4","2","2","2","2","2",NA,NA,NA,"2","3","3","2","2","2",NA,NA,NA,"2","3","3","2","2","2",NA,NA,NA,"2","3","3","4","5","5",NA,NA,NA,"5","2","2","2","2","2",NA,NA,NA,"2","3","3","2","2","2",NA,NA,NA,"2","3","3","2","2","2",NA,NA,NA,"3","4","4","2","2","4",NA,NA,NA,"5","3","3","2","2","2",NA,NA,NA,"3","5","5",NA,NA,NA,"3","3","3","5","3","3","2","2","2",NA,NA,NA,"2","5","2","4","35","2",NA,"7","6","7,9",NA,"223","79","Other"
360,"3","3","2","1","1",NA,NA,NA,"2","2","3","2","1","1",NA,NA,NA,"2","1","2","1","2","1",NA,NA,NA,"2","1","1","2","2","1",NA,NA,NA,"2","4","3","1","2","1",NA,NA,NA,"3","1","2","2","2","2",NA,NA,NA,"2","3","2","2","2","1",NA,NA,NA,"2","2","1","2","2","2",NA,NA,NA,"2","3","4","3","3","2",NA,NA,NA,"4","2","2","2","2","2",NA,NA,NA,"2","3","2","2","2","2",NA,NA,NA,"2","3","3","3","2","2",NA,NA,NA,"2","4","5",NA,NA,NA,"3","3","3","4","4","3","3","3","3",NA,NA,NA,"3","4","4","3","3","2",NA,NA,NA,"3","3","3","3","3","2",NA,NA,NA,"2","5","2","4","25","2",NA,"4","5","3",NA,"125","216","Other"
54,"3","3","2","2","2",NA,NA,NA,"1","1","1","1","1","1",NA,NA,NA,"1","1","1","1","1","1",NA,NA,NA,"1","3","3","2","2","2",NA,NA,NA,"1","4","4","2","2","2",NA,NA,NA,"2","2","3","1","3",NA,NA,NA,NA,"1","2","2","2","2","1",NA,NA,NA,"1","4","4","2","2","2",NA,NA,NA,"1","5","5",NA,NA,NA,"3","4","3","4","3","4","3","3","3",NA,NA,NA,"2","5","5",NA,NA,NA,"1","1","1","3","4","4","3","3","3",NA,NA,NA,"5","5","5",NA,NA,NA,"3","4","4","3","5","5",NA,NA,NA,"2","2","3","1","5","5",NA,NA,NA,"2","2","2","3","3","5",NA,NA,NA,"2","3","3","1","5","2","4","36","2",NA,"6","4","1,4,7",NA,NA,NA,NA
353,"1","3","2","3","4",NA,NA,NA,"2","1","1","2","1","2",NA,NA,NA,"1","1","1","1","1","1",NA,NA,NA,"1","1","2","2","2","2",NA,NA,NA,"2","3","4","4","4","4",NA,NA,NA,"3","1","1","1","2","2",NA,NA,NA,"1","3","3","2","2","2",NA,NA,NA,"1","3","3","2","2","2",NA,NA,NA,"1","3","5",NA,NA,NA,"2","5","5","5","3","4","2","2","4",NA,NA,NA,"3","5","5",NA,NA,NA,"2","2","5","5","3","3","2","2","2",NA,NA,NA,"2","3","5",NA,NA,NA,"3","4","4","4","3","5",NA,NA,NA,"2","2","3","2","5","5",NA,NA,NA,"5","2","3","5","3","4","3","3","3",NA,NA,NA,"2","5","2","4","50","2",NA,"6","3","7",NA,"194","161","Region #6"
14,"1","1","1","1","1",NA,NA,NA,"1","2","2","2","2","2",NA,NA,NA,"2","1","1","1","1","1",NA,NA,NA,"1","3","3","2","2","2",NA,NA,NA,"2","3","3","2","2","2",NA,NA,NA,"2","3","3","2","2","2",NA,NA,NA,"2","3","2","2","2","2",NA,NA,NA,"2","3","3","2","3","2",NA,NA,NA,"2","3","3","3","3","2",NA,NA,NA,"4","3","3","2","2","2",NA,NA,NA,"2","3","3","3","2","2",NA,NA,NA,"2","3","3","2","2","2",NA,NA,NA,"2","4","4","3","3","3",NA,NA,NA,"4","4","4","3","3","3",NA,NA,NA,"4","4","4","3","3","3",NA,NA,NA,"4","5","5",NA,NA,NA,"3","3","3","4","5","2","4","49","2",NA,"7","5","7",NA,"133","222","Region #4"
365,"4","4","4","4","3",NA,NA,NA,"4","2","1","2","1","2",NA,NA,NA,"2","1","1","1","1","1",NA,NA,NA,"1","4","4","4","4","4",NA,NA,NA,"4","3","3","3","3","3",NA,NA,NA,"3","3","3","3","3","3",NA,NA,NA,"3","3","3","3","3","3",NA,NA,NA,"3","4","4","3","3","3",NA,NA,NA,"3","4","3","3","3","3",NA,NA,NA,"5","1","1","3","3","3",NA,NA,NA,"2","2","2","1","1","2",NA,NA,NA,"1","4","3","3","3","3",NA,NA,NA,"3","4","4","3","3","3",NA,NA,NA,"3","4","4","3","3","3",NA,NA,NA,"3","4","4","3","3","3",NA,NA,NA,"3","4","3","3","3","3",NA,NA,NA,"3","5","2","4","31","1",NA,"7","6","3",NA,"160","221","Region #4"
196,"4","3","2","3","3",NA,NA,NA,"2","1","2","1","1","2",NA,NA,NA,"2","1","2","1","2","2",NA,NA,NA,"2","4","3","2","1","2",NA,NA,NA,"2","4","3","2","2","2",NA,NA,NA,"2","3","2","2","2","3",NA,NA,NA,"2","1","1","3","2","2",NA,NA,NA,"2","2","1","2","3","2",NA,NA,NA,"2","2","2","2","2","2",NA,NA,NA,"3","2","2","2","3","2",NA,NA,NA,"2","2","1","2","2","2",NA,NA,NA,"2","4","3","3","3","3",NA,NA,NA,"2","3","4","2","2","4",NA,NA,NA,"3","2","3","4","2","2",NA,NA,NA,"2","2","2","4","2","4",NA,NA,NA,"2","4","4","4","2","3",NA,NA,NA,"2","2","2","4","29","2",NA,"6","5","3",NA,"142","175","Other"
60,"4","3","2","2","2",NA,NA,NA,"2","2","2","2","2","2",NA,NA,NA,"1","1","1","1","1","1",NA,NA,NA,"1","3","3","2","2","2",NA,NA,NA,"1","4","5",NA,NA,NA,"5","5","5","5","3","3","1","2","1",NA,NA,NA,"2","3","3","1","1","1",NA,NA,NA,"2","3","4","2","2","2",NA,NA,NA,"2","4","5",NA,NA,NA,"3","3","3","4","4","5",NA,NA,NA,"3","3","3","3","5","5",NA,NA,NA,"3","3","3","5","4","5",NA,NA,NA,"3","3","3","4","5","5",NA,NA,NA,"3","3","3","5","5","5",NA,NA,NA,"3","3","3","5","5","5",NA,NA,NA,"3","5","4","5","5","5",NA,NA,NA,"3","3","3","5","5","2","4","38","1",NA,"5","5","7",NA,"213","162","Region #6"
293,"4","3","2","2","2",NA,NA,NA,"1","1","1","1","1","1",NA,NA,NA,"1","1","1","1","1","1",NA,NA,NA,"1","1","1","1","1","1",NA,NA,NA,"1","2","2","2","2","2",NA,NA,NA,"2","2","1","1","1","1",NA,NA,NA,"1","1","1","1","1","1",NA,NA,NA,"1","3","2","1","1","1",NA,NA,NA,"1","3","3","3","3","3",NA,NA,NA,"2","1","1","2","2","2",NA,NA,NA,"2","3","3","2","2","2",NA,NA,NA,"2","2","2","2","2","2",NA,NA,NA,"1","4","5",NA,NA,NA,"3","3","3","4","3","3","2","3","2",NA,NA,NA,"2","3","4","3","3","3",NA,NA,NA,"2","3","3","2","3",NA,NA,NA,NA,"2","5","2","4","36","2",NA,"7","5","7",NA,NA,NA,NA
31,"3","4","4","4","4",NA,NA,NA,"4","1","1","1","1","1",NA,NA,NA,"1","1","3","1","1","1",NA,NA,NA,"2","1","2","2","2","2",NA,NA,NA,"2","5","4","4","4","4",NA,NA,NA,"3","1","1","2","2","2",NA,NA,NA,"2","1","2","2","2","2",NA,NA,NA,"2","2","2","2","2","2",NA,NA,NA,"1","5","5",NA,NA,NA,"3","3","3","3","3","3","3","3","3",NA,NA,NA,"1","5","5",NA,NA,NA,"3","3","3","3","3","3","3","3","2",NA,NA,NA,"2","5","5",NA,NA,NA,"3","3","3","3","3","4","3","3","3",NA,NA,NA,"2","5","5",NA,NA,NA,"3","3","3","3","3","3","3","3","3",NA,NA,NA,"3","5","2","4","31","2",NA,"6","3","7",NA,"143","249","Region #3"
23,"3","4","3","3","3",NA,NA,NA,"3","1","2","2","2","2",NA,NA,NA,"2","1","1","1","1","1",NA,NA,NA,"1","2","2","2","2","2",NA,NA,NA,"2","2","2","2","2","2",NA,NA,NA,"2","2","2","2","2","2",NA,NA,NA,"2","2","2","2","2","2",NA,NA,NA,"2","2","2","2","2","2",NA,NA,NA,"2","3","3","3","3","3",NA,NA,NA,"3","2","2","2","2","2",NA,NA,NA,"2","3","3","2","2","2",NA,NA,NA,"2","2","2","2","2","2",NA,NA,NA,"3","3","5",NA,NA,NA,"5","5","5","5","2","3","2","2","2",NA,NA,NA,"2","5","5",NA,NA,NA,"2","2","2","5","3","3","2","2","2",NA,NA,NA,"2","5","2","4","37","2",NA,"3","5","7",NA,"210","177","Region #5"
72,"2","4","4","2","3",NA,NA,NA,"2","2","3","2","2","3",NA,NA,NA,"3",NA,NA,"2","3","3",NA,NA,NA,"3","2","3","3","3","3",NA,NA,NA,"3","4","3","3","3","3",NA,NA,NA,"2","3","1","3","2","3",NA,NA,NA,"2","3","2","2","3","3",NA,NA,NA,"2","2","4","3","3","2",NA,NA,NA,"3","2","3","3","2","3",NA,NA,NA,"4","2","3","3","3","3",NA,NA,NA,"2","2","2","2","2","3",NA,NA,NA,"3","4","3","2","3","4",NA,NA,NA,"2","3","4","2","3","2",NA,NA,NA,"3","3","2","2","4","3",NA,NA,NA,"2","3","2","3","2","3",NA,NA,NA,"3","3","2","2","3","2",NA,NA,NA,"3","5","2","4","52","1",NA,"7","6","3",NA,"308","37","Region #10"
291,"4","4","4","4","4",NA,NA,NA,"3","2","2","2","2","2",NA,NA,NA,"2","1","1","2","1","1",NA,NA,NA,"2","4","4","2","2","2",NA,NA,NA,"3","3","4","3","3","3",NA,NA,NA,"3","1","2","2","2","2",NA,NA,NA,"2","2","2","2","2","2",NA,NA,NA,"2","3","3","2","2","2",NA,NA,NA,"2","4","4","4","4","4",NA,NA,NA,"4","4","4","2","2","2",NA,NA,NA,"3","4","4","3","3","3",NA,NA,NA,"4","4","4","4","3","3",NA,NA,NA,"4","3","3","4","4","4",NA,NA,NA,"4","3","2","3","2","2",NA,NA,NA,"3","5","5",NA,NA,NA,"2","3","3","4","3","4","3","3","3",NA,NA,NA,"3","5","2","4","34","2",NA,"6","5","7",NA,NA,NA,NA
64,"4","4","2","2","2",NA,NA,NA,"2","2","2","2","2","2",NA,NA,NA,"2","1","2","2","2","2",NA,NA,NA,"2","2","4","2","2","2",NA,NA,NA,"2","2","2","2","2","2",NA,NA,NA,"2","2","2","2","2","2",NA,NA,NA,"2","1","1","2","2","2",NA,NA,NA,"2","2","2","2","2","2",NA,NA,NA,"2","4","4","4","4","4",NA,NA,NA,"4","2","2","2","2","2",NA,NA,NA,"2","3","3","2","2","2",NA,NA,NA,"2","3","3","2","2","2",NA,NA,NA,"2","4","4","4","4","4",NA,NA,NA,"4","4","4","4","4","4",NA,NA,NA,"4","4","4","4","4","4",NA,NA,NA,"4","4","4","4","4","4",NA,NA,NA,"4","5","2","4","43","1",NA,"7","6","3",NA,"238","90","Region #8"
171,"4","4","2","2","3",NA,NA,NA,"2","2","2","2","1","3",NA,NA,NA,"2","2","1","2","2","2",NA,NA,NA,"1","3","3","2","2","2",NA,NA,NA,"2","5","5",NA,NA,NA,"3","3","3","3","3","3","2","3","2",NA,NA,NA,"3","4","4","2","3","2",NA,NA,NA,"3","3","3","2","3","2",NA,NA,NA,"2","5","5",NA,NA,NA,"3","3","3","4","4","3","3","3","3",NA,NA,NA,"3","5","5",NA,NA,NA,"3","3","3","4","4","5",NA,NA,NA,"3","3","3","3","4","5",NA,NA,NA,"3","3","3","3","3","4","3","3","3",NA,NA,NA,"3","5","5",NA,NA,NA,"3","3","3","3","3","3","3","3","3",NA,NA,NA,"2","5","2","4","28","1",NA,"4","2","4",NA,"115","248","Region #3"
161,"3","3","2","2","2",NA,NA,NA,"1","1","1","1","1","1",NA,NA,NA,"1","1","2","1","1","2",NA,NA,NA,"1","3","3","1","1","2",NA,NA,NA,"1","3","3","1","2","2",NA,NA,NA,"3","2","2","1","2","2",NA,NA,NA,"1","4","2","2","2","2",NA,NA,NA,"2","4","3","2","2","2",NA,NA,NA,"2","4","5",NA,NA,NA,"4","4","3","5","3","3","2","2","2",NA,NA,NA,"2","3","3","2","3","2",NA,NA,NA,"2","3","3","2","2","2",NA,NA,NA,"1","3","5",NA,NA,NA,"3","3","3","2","3","3","2","2","3",NA,NA,NA,"2","4","4","2","3","3",NA,NA,NA,"2","3","3","2","2","3",NA,NA,NA,"2","5","2","4","45","2",NA,"6","5","1,3,4",NA,"176","149","Region #6"
193,"4","3","1","2","2",NA,NA,NA,"1","1","1","1","1","1",NA,NA,NA,"1","1","1","1","1","1",NA,NA,NA,"1","4","4","1","1","1",NA,NA,NA,"2","4","3","2","2","2",NA,NA,NA,"2","2","2","2","2","2",NA,NA,NA,"1","1","1","2","2","2",NA,NA,NA,"1","4","4","2","2","2",NA,NA,NA,"2","3","4","2","2","2",NA,NA,NA,"2","3","3","2","2","2",NA,NA,NA,"2","2","2","2","2","2",NA,NA,NA,"2","3","3","3","3","3",NA,NA,NA,"2","4","4","3","3","3",NA,NA,NA,"2","4","4","3","3","3",NA,NA,NA,"2","5","4","3","3","3",NA,NA,NA,"4","5","4","3","3","3",NA,NA,NA,"4","5","3","4","29","1",NA,"5","2","3",NA,"173","214","Region #4"
280,"1","2","1","2","2",NA,NA,NA,"2","1","1","2","2","2",NA,NA,NA,"2","2","2","2","2","2",NA,NA,NA,"2","2","2","1","2","2",NA,NA,NA,"2","2","3","3","2","3",NA,NA,NA,"1","1","1","1","1","2",NA,NA,NA,"1","1","1","2","2","2",NA,NA,NA,"2","1","1","1","2","1",NA,NA,NA,"2","2","1","4","4","2",NA,NA,NA,"2","2","2","2","1","1",NA,NA,NA,"1","1","2","2","2","3",NA,NA,NA,"2","2","2","2","2","2",NA,NA,NA,"2","1","2","2","2","2",NA,NA,NA,"2","2","2","2","2","2",NA,NA,NA,"2","2","2","2","3","2",NA,NA,NA,"2","2","2","2","2","2",NA,NA,NA,"2","2","1","4","30","2",NA,"5","4","3",NA,NA,NA,NA
73,"2","5",NA,NA,NA,"3","3","3","5","4","4","4","3","3",NA,NA,NA,"5","4","4","5","3","3",NA,NA,NA,"3","3","5",NA,NA,NA,"3","3","3","3","4","1","1","1","1",NA,NA,NA,"1","1","1","1","1","1",NA,NA,NA,"1","1","2","1","1","1",NA,NA,NA,"1","3","3","1","1","1",NA,NA,NA,"1","3","3","2","3","3",NA,NA,NA,"3","3","3","3","3","3",NA,NA,NA,"3","4","4","2","2","3",NA,NA,NA,"3","3","3","2","3","2",NA,NA,NA,"2","4","5",NA,NA,NA,"3","3","3","5","5","5",NA,NA,NA,"3","3","3","5","5","5",NA,NA,NA,"3","3","3","5","4","4","3","3","3",NA,NA,NA,"5","5","2","4","51","2",NA,"7","6","7",NA,"157","184","Region #5"
53,"4","4","4","4","4",NA,NA,NA,"4","1","1","1","1","1",NA,NA,NA,"1","1","1","1","1","1",NA,NA,NA,"1","1","1","1","1","1",NA,NA,NA,"1","4","4","4","4","4",NA,NA,NA,"4","1","1","1","1","1",NA,NA,NA,"1","1","1","1","1","1",NA,NA,NA,"1","1","1","1","1","1",NA,NA,NA,"1","3","4","4","4","4",NA,NA,NA,"4","1","2","1","1","1",NA,NA,NA,"1","1","2","1","1","1",NA,NA,NA,"1","2","2","1","2","1",NA,NA,NA,"2","4","5",NA,NA,NA,"4","4","4","3","3","3","2","2","2",NA,NA,NA,"2","3","3","2","2","2",NA,NA,NA,"2","3","3","3","3","2",NA,NA,NA,"2","5","2","4","30","1",NA,"7","6","7",NA,"228","144","Region #6"
21,"2","2","2","2","2",NA,NA,NA,"2","2","2","2","2","2",NA,NA,NA,"2","1","1","2","2","2",NA,NA,NA,"2","2","2","2","2","2",NA,NA,NA,"2","1","2","2","2","1",NA,NA,NA,"2","1","2","2","2","2",NA,NA,NA,"2","2","2","2","2","2",NA,NA,NA,"2","2","2","2","2","2",NA,NA,NA,"2","2","2","2","2","2",NA,NA,NA,"2","2","2","2","2","2",NA,NA,NA,"2","2","2","2","2","2",NA,NA,NA,"2","2","2","2","2","2",NA,NA,NA,"2","3","3","3","3","2",NA,NA,NA,"3","4","3","3","2","2",NA,NA,NA,"3","3","3","2","3","2",NA,NA,NA,"3","3","3","3","2","2",NA,NA,NA,"2","5","2","7",NA,"1",NA,"5","5","7",NA,"223","157","Region #6"
242,"4","4","1","2","2",NA,NA,NA,"1","1","1","1","1","1",NA,NA,NA,"1","1","1","1","1","1",NA,NA,NA,"1","1","1","1","1","1",NA,NA,NA,"1","4","4","3","3","2",NA,NA,NA,"2","3","3","3","3","3",NA,NA,NA,"2","3","3","3","3","3",NA,NA,NA,"2","3","3","3","3","3",NA,NA,NA,"2","3","4","3","3","3",NA,NA,NA,"3","3","3","3","3","3",NA,NA,NA,"2","4","4","3","3","3",NA,NA,NA,"3","3","4","3","3","3",NA,NA,NA,"4","3","4","3","3","3",NA,NA,NA,"3","3","3","3","2","2",NA,NA,NA,"2","3","4","3","3","3",NA,NA,NA,"3","3","3","3","3","3",NA,NA,NA,"2","3","2","4","34","2",NA,"6","3","3",NA,"273","95","Region #8"
328,"1","1","1","1","1",NA,NA,NA,"1","1","1","1","1","1",NA,NA,NA,"1","2","2","2","2","3",NA,NA,NA,"1","1","1","1","1","1",NA,NA,NA,"1","4","3","2","2","2",NA,NA,NA,"2","1","1","1","1","1",NA,NA,NA,"1","1","1","1","1","1",NA,NA,NA,"1","3","3","2","2","2",NA,NA,NA,"2","4","4","3","2","2",NA,NA,NA,"2","1","1","1","1","1",NA,NA,NA,"1","1","1","1","1","1",NA,NA,NA,"1","4","4","1","1","1",NA,NA,NA,"2","3","3","2","2","3",NA,NA,NA,"2","2","2","2","2","3",NA,NA,NA,"2","3","3","2","2","3",NA,NA,NA,"2","3","3","3","3","3",NA,NA,NA,"2","5","2","4","36","2",NA,"4","5","4",NA,NA,NA,NA
123,"4","3","1","1","1",NA,NA,NA,"1","1","1","1","1","1",NA,NA,NA,"1","1","1","1","1","1",NA,NA,NA,"1","2","2","1","1","1",NA,NA,NA,"2","3","3","2","2","2",NA,NA,NA,"2","1","1","2","2","2",NA,NA,NA,"1","2","2","2","2","2",NA,NA,NA,"2","3","3","2","2","2",NA,NA,NA,"2","4","3","2","2","2",NA,NA,NA,"2","1","1","2","2","2",NA,NA,NA,"2","4","4","2",NA,"3",NA,NA,NA,"2","3","2","2","2","2",NA,NA,NA,"2","4","5",NA,NA,NA,"3","3","3","4","3","4","3","3","3",NA,NA,NA,"2","5","5",NA,NA,NA,"3","3","3","4","4","4","2","2","2",NA,NA,NA,"4","5","2","4","49","1",NA,"7","3","7",NA,"230","122","Region #7"
24,"5","3","2","2","1",NA,NA,NA,NA,"1","1","1","2","2",NA,NA,NA,"1","1","1","1","1","1",NA,NA,NA,"1","1","3","2","2","2",NA,NA,NA,"2","2","2","2","2","1",NA,NA,NA,"1","1","1","2","1","2",NA,NA,NA,"1","2","2","3","2","2",NA,NA,NA,"1","3","3","2","2","1",NA,NA,NA,"2","5","5",NA,NA,NA,"3","4","4","4","4","4","3","3","4",NA,NA,NA,"4","5","5",NA,NA,NA,"4","5","4","4","5","5",NA,NA,NA,"4","3","5","3","4","4","3","4","4",NA,NA,NA,"4","5","5",NA,NA,NA,"5","4","5","5","5","5",NA,NA,NA,"3","4","4","4","4","4","3","4","4",NA,NA,NA,"3","5","4","4","18","2",NA,"3","3","3",NA,"146","180","Other"
232,"4","2","1","1","1",NA,NA,NA,"2","2","1","1","1","1",NA,NA,NA,"1","1","1","1","1","1",NA,NA,NA,"1","3","3","1","1","1",NA,NA,NA,"1","4","2","1","1","1",NA,NA,NA,"1","1","1","1","1","1",NA,NA,NA,"1","2","2","1","1","1",NA,NA,NA,"1","3","1","1","1","1",NA,NA,NA,"1","4","4","2","2","2",NA,NA,NA,"3","3","3","2","2","2",NA,NA,NA,"1","4","4","2","2","2",NA,NA,NA,"2","3","3","2","2","2",NA,NA,NA,"2","4","5",NA,NA,NA,"2","2","3","5","2","2","2","2","2",NA,NA,NA,"2","4","4","2","2","1",NA,NA,NA,"2","3","3","2","2","2",NA,NA,NA,"2","5","2","4","27","1",NA,"5","6","3",NA,NA,NA,NA
250,"4","3","4","3","3",NA,NA,NA,"2","3","3","2","2","2",NA,NA,NA,"2","2","2","2","2","2",NA,NA,NA,"1","3","3","3","2","2",NA,NA,NA,"3","3","4","4","4","4",NA,NA,NA,"4","2","3","2","2","2",NA,NA,NA,"2","3","4","2","2","3",NA,NA,NA,"3","3","3","3","3","3",NA,NA,NA,"3","4","5",NA,NA,NA,"5","5","5","5","3","3","2","3","2",NA,NA,NA,"2","5","5",NA,NA,NA,"4","5","5","5","3","4","2","3","3",NA,NA,NA,"2","4","5",NA,NA,NA,"4","5","4","4","3","3","2","2","2",NA,NA,NA,"2","5","5",NA,NA,NA,"2","3","3","4","4","4","3","2","2",NA,NA,NA,"2","5","2","4","48","1",NA,"4","3","7",NA,"180","227","Region #4"
348,"4","4","5","4","4",NA,NA,NA,"5","1","1","1","1","1",NA,NA,NA,"1","1","1","1","1","1",NA,NA,NA,"1","1","1","1","1","1",NA,NA,NA,"1","4","4","3","3","3",NA,NA,NA,"3","1","1","1","1","1",NA,NA,NA,"1","1","1","1","1","1",NA,NA,NA,"1","2","2","2","1","2",NA,NA,NA,"2","4","4","4","4","5",NA,NA,NA,"4","1","1","1","1","1",NA,NA,NA,"1","1","1","1","1","1",NA,NA,NA,"1","2","2","2","2","1",NA,NA,NA,"2","4","3","4","4","4",NA,NA,NA,"4","2","3","2","2","2",NA,NA,NA,"2","2","2","2","2","2",NA,NA,NA,"2","3","3","2","2","2",NA,NA,NA,"2","5","2","4","30","1",NA,"7","6","7",NA,"217","148","Region #6"
340,"3","4","2","2","2",NA,NA,NA,"2","1","1","1","1","1",NA,NA,NA,"2","1","1","1","1","1",NA,NA,NA,"1","4","5",NA,NA,NA,"2","2","2","2","4","4","2","2","2",NA,NA,NA,"2","2","2","1","1","2",NA,NA,NA,"2","1","1","2","2","2",NA,NA,NA,"1","2","3","2","2","2",NA,NA,NA,"2","4","4","2","3","3",NA,NA,NA,"3","2","2","3","3","3",NA,NA,NA,"1","4","5",NA,NA,NA,"2","2","2","3","4","5",NA,NA,NA,"2","2","3","5","4","5",NA,NA,NA,"3","3","3","3","2","1","3","3","3",NA,NA,NA,"2","5","5",NA,NA,NA,"3","3","3","3","4","5",NA,NA,NA,"2","3","3","5","5","2","4","33","2",NA,"5","4","7",NA,NA,NA,NA
92,"4","4","1","1",NA,NA,NA,NA,"5","1","1","1","1","1",NA,NA,NA,"1","1","1","1","1","1",NA,NA,NA,"1","5","4","1","1","4",NA,NA,NA,"4","4","4",NA,"1","2",NA,NA,NA,"4","1","1","1","1","1",NA,NA,NA,"1","1","1","1","1","1",NA,NA,NA,"1","4","4","2","2","2",NA,NA,NA,"4","4","4","2","2","3",NA,NA,NA,"4","1","1","2","2","2",NA,NA,NA,"1","1","1","1","1","1",NA,NA,NA,"1","4","4","2","2","2",NA,NA,NA,"4","4","4","2",NA,"2",NA,NA,NA,"4","2","2","2","2",NA,NA,NA,NA,"1","1","1",NA,"1","1",NA,NA,NA,"1","4","4","2","2","4",NA,NA,NA,"4","5","2","4","34","1",NA,"1","6","3",NA,NA,NA,NA
159,"4","4","3","1","2",NA,NA,NA,"1","3","3","2","3","3",NA,NA,NA,"2","1","1","1","1","2",NA,NA,NA,"1","3","4","3","5","3",NA,NA,NA,"4","5","5",NA,NA,NA,"1","3","3","2","1","1","1","1","3",NA,NA,NA,"1","1","1","1","1","1",NA,NA,NA,"1","3","3","1","1","1",NA,NA,NA,"1","2","4","3","5","3",NA,NA,NA,"5","2","2","1","3","3",NA,NA,NA,"1","5","5",NA,NA,NA,"5","5","3","5","1","3","1","3","3",NA,NA,NA,"2","4","4","5","5","5",NA,NA,NA,"2","1","5",NA,NA,NA,"3","3","3","5","5","5",NA,NA,NA,"5","5","3","5","1","5",NA,NA,NA,"3","3","3","3","5","2","4","29","2",NA,"6","5","7",NA,NA,NA,NA
129,"4","5",NA,NA,NA,"4","5","5","5","3","2","2","1","2",NA,NA,NA,"1","2","2","1","1","2",NA,NA,NA,"1","2","2","1","2","1",NA,NA,NA,"2","5","5",NA,NA,NA,"4","4","4","5","2","2","2","2","2",NA,NA,NA,"2","3","3","2","2","2",NA,NA,NA,"2","5","2","2","2","2",NA,NA,NA,"2","4","4","3","4","4",NA,NA,NA,"4","3","3","2","2","2",NA,NA,NA,"2","2","3","2","1","2",NA,NA,NA,"1","3","3","2","3","3",NA,NA,NA,"2","4","5",NA,NA,NA,"5","5","5","5","4","4","3","3","3",NA,NA,NA,"2","3","4","3","3","3",NA,NA,NA,"2","3","3","3","3","3",NA,NA,NA,"2","5","2","4","46","1",NA,"7","6","3",NA,"208","166","Region #6"
44,"1","3","2","4","4",NA,NA,NA,"3","2","2","3","3","2",NA,NA,NA,"2","3","2","3","3","2",NA,NA,NA,"2","3","1","2","3","2",NA,NA,NA,"2","3","2","2","2","2",NA,NA,NA,"2","2","1","2","2","1",NA,NA,NA,"1","2","2","2","2","1",NA,NA,NA,"2","2","1","1","1","2",NA,NA,NA,"1","4","5",NA,NA,NA,"3","2","2","4","2","3","2","2","1",NA,NA,NA,"3","4","5",NA,NA,NA,"1","3","2","5","2","2","1","1","1",NA,NA,NA,"2","4","3","5","4","4",NA,NA,NA,"3","3","2","2","3","3",NA,NA,NA,"2","3","3","2","2","3",NA,NA,NA,"2","2","2","2","2","4",NA,NA,NA,"2","5","2","4","46","2",NA,"7","5","7",NA,"195","153","Region #6"
94,"1","1","1","1","1",NA,NA,NA,"1","1","1",NA,"1","1",NA,NA,NA,"1","1","1","1","1","1",NA,NA,NA,"1","1","1","1","1","1",NA,NA,NA,"1","1","1","1","1","1",NA,NA,NA,"1","1","1","1","1","1",NA,NA,NA,"1","1","1","1","1","1",NA,NA,NA,"1","1","1","1","1","1",NA,NA,NA,"1","1","1","1","1","1",NA,NA,NA,"1","1","1","1","1","1",NA,NA,NA,"1","1","1","1","1","1",NA,NA,NA,"1","1","1","1","1","1",NA,NA,NA,"1","4","3","2","2","2",NA,NA,NA,"2","1","1","2","2","1",NA,NA,NA,"1","2","3","1","2","2",NA,NA,NA,"1","4","4","2","2","2",NA,NA,NA,"2","5","2","4","23","1",NA,"7","5","3",NA,"205","178","Region #5"
339,"4","4","2","3","3",NA,NA,NA,"2","2","2","1","1","1",NA,NA,NA,"1","1","1","1","1","1",NA,NA,NA,"1","3","3","1","1","1",NA,NA,NA,"1","4","4","3","3","3",NA,NA,NA,"4","2","2","1","1","1",NA,NA,NA,"1","2","3","1","1","1",NA,NA,NA,"1","3","3","1","1","1",NA,NA,NA,"2","3","4","5","5","4",NA,NA,NA,"5","3","3","2","2","1",NA,NA,NA,"2","5","5",NA,NA,NA,"2","2","2","5","3","4","2","2","2",NA,NA,NA,"3","4","4","5","3","3",NA,NA,NA,"4","4","4","3","2","2",NA,NA,NA,"3","4","5",NA,NA,NA,"2","2","2","5","3","4","3","2","2",NA,NA,NA,"4","5","2","4","27","1",NA,"7","3","7",NA,"117","250","Region #3"
167,"2","2","1","1","1",NA,NA,NA,"2","1","1","1","1","1",NA,NA,NA,"1","1","1","1","1","1",NA,NA,NA,"1","1","1","1","1","1",NA,NA,NA,"1","4","4","2","2","2",NA,NA,NA,"3","1","1","1","1","1",NA,NA,NA,"1","1","2","1","1","1",NA,NA,NA,"1","4","3","2","2","2",NA,NA,NA,"2","4","4","2","2","2",NA,NA,NA,"2","1","1","1","1","1",NA,NA,NA,"1","2","2","1","1","1",NA,NA,NA,"1","3","3","2","2","2",NA,NA,NA,"2","5","5",NA,NA,NA,"3","2","4","4","3","3","2","2","2",NA,NA,NA,"2","4","4","2","2","3",NA,NA,NA,"3","3","3","2","2","2",NA,NA,NA,"2","5","2","4","30","1",NA,"7","3","7",NA,"242","126","Region #7"
